utc,rssi_dbm,mcs,implied_range_m,rate_m_per_s
1651818944,-20,5,9,
1651818946,-20,5,9,0.0
1651818948,-20,5,9,0.0
1651818950,-20,5,9,0.0
1651818952,-20,5,9,0.0
1651818954,-23,14,13,2.0
1651818956,-22,6,12,-0.5
1651818958,-21,6,10,-1.0
1651818960,-23,6,13,1.5
1651818962,-27,6,21,4.0
1651818964,-25,6,16,-2.5
1651818966,-25,6,16,0.0
1651818968,-68,6,2311,1147.5
1651818970,-71,6,3264,476.5
1651818972,-58,14,731,-1266.5
1651818974,-56,0,580,-75.5
1651818976,-21,0,10,-285.0
1651818978,-26,0,18,4.0
1651818980,-26,11,18,0.0
1651818982,-23,11,13,-2.5
1651818984,-25,11,16,1.5
1651818986,-25,11,16,0.0
1651818988,-27,11,21,2.5
1651818990,-26,11,18,-1.5
1651818992,-26,11,18,0.0
1651818994,-24,11,15,-1.5
1651818996,-25,11,16,0.5
1651818998,-26,11,18,1.0
1651819000,-27,9,21,1.5
1651819002,-27,11,21,0.0
1651819004,-26,11,18,-1.5
1651819006,-27,11,21,1.5
1651819008,-26,11,18,-1.5
1651819010,-27,11,21,1.5
1651819012,-28,12,23,1.0
1651819014,-19,12,8,-7.5
1651819016,-19,12,8,0.0
1651819018,-19,12,8,0.0
1651819020,-29,12,26,9.0
1651819022,-27,12,21,-2.5
1651819024,-28,12,23,1.0
1651819026,-28,12,23,0.0
1651819028,-29,12,26,1.5
1651819030,-29,12,26,0.0
1651819032,-29,12,26,0.0
1651819034,-27,12,21,-2.5
1651819036,-27,12,21,0.0
1651819038,-27,12,21,0.0
1651819040,-27,12,21,0.0
1651819042,-28,15,23,1.0
1651819044,-26,12,18,-2.5
1651819046,-29,12,26,4.0
1651819048,-30,12,29,1.5
1651819050,-26,12,18,-5.5
1651819052,-29,12,26,4.0
1651819054,-21,12,10,-8.0
1651819056,-23,12,13,1.5
1651819058,-25,12,16,1.5
1651819060,-27,12,21,2.5
1651819062,-21,12,10,-5.5
1651819064,-29,12,26,8.0
1651819066,-29,12,26,0.0
1651819068,-29,12,26,0.0
1651819070,-25,12,16,-5.0
1651819072,-27,12,21,2.5
1651819074,-27,12,21,0.0
1651819076,-26,12,18,-1.5
1651819078,-26,12,18,0.0
1651819080,-27,12,21,1.5
1651819082,-26,12,18,-1.5
1651819084,-29,12,26,4.0
1651819086,-27,12,21,-2.5
1651819088,-29,12,26,2.5
1651819090,-27,12,21,-2.5
1651819092,-29,14,26,2.5
1651819094,-30,14,29,1.5
1651819096,-28,14,23,-3.0
1651819098,-24,14,15,-4.0
1651819100,-30,14,29,7.0
1651819102,-28,14,23,-3.0
1651819104,-26,14,18,-2.5
1651819106,-31,13,33,7.5
1651819108,-28,5,23,-5.0
1651819110,-31,15,33,5.0
1651819112,-27,7,21,-6.0
1651819114,-29,13,26,2.5
1651819116,-27,13,21,-2.5
1651819118,-30,13,29,4.0
1651819120,-23,13,13,-8.0
1651819122,-30,12,29,8.0
1651819124,-28,12,23,-3.0
1651819126,-28,12,23,0.0
1651819128,-28,12,23,0.0
1651819130,-29,12,26,1.5
1651819132,-31,12,33,3.5
1651819134,-26,12,18,-7.5
1651819136,-28,12,23,2.5
1651819138,-30,12,29,3.0
1651819140,-29,12,26,-1.5
1651819142,-28,7,23,-1.5
1651819144,-28,12,23,0.0
1651819146,-30,12,29,3.0
1651819148,-26,12,18,-5.5
1651819150,-29,7,26,4.0
1651819152,-29,7,26,0.0
1651819154,-28,7,23,-1.5
1651819156,-27,7,21,-1.0
1651819158,-30,7,29,4.0
1651819160,-29,7,26,-1.5
1651819162,-29,7,26,0.0
1651819164,-28,7,23,-1.5
1651819166,-29,7,26,1.5
1651819168,-27,5,21,-2.5
1651819170,-29,5,26,2.5
1651819172,-31,6,33,3.5
1651819174,-26,6,18,-7.5
1651819176,-27,6,21,1.5
1651819178,-28,5,23,1.0
1651819180,-28,6,23,0.0
1651819182,-32,6,37,7.0
1651819184,-29,6,26,-5.5
1651819186,-30,6,29,1.5
1651819188,-29,6,26,-1.5
1651819190,-27,6,21,-2.5
1651819192,-27,6,21,0.0
1651819194,-30,6,29,4.0
1651819196,-28,12,23,-3.0
1651819198,-27,12,21,-1.0
1651819200,-29,12,26,2.5
1651819202,-29,12,26,0.0
1651819204,-29,12,26,0.0
1651819206,-29,12,26,0.0
1651819208,-29,12,26,0.0
1651819210,-29,12,26,0.0
1651819212,-29,12,26,0.0
1651819214,-29,12,26,0.0
1651819216,-29,12,26,0.0
1651819218,-29,12,26,0.0
1651819220,-29,12,26,0.0
1651819222,-29,12,26,0.0
1651819224,-29,12,26,0.0
1651819226,-29,12,26,0.0
1651819228,-29,12,26,0.0
1651819230,-29,12,26,0.0
1651819232,-29,12,26,0.0
1651819234,-29,12,26,0.0
1651819236,-29,12,26,0.0
1651819238,-29,12,26,0.0
1651819240,-29,12,26,0.0
1651819242,-29,12,26,0.0
1651819244,-29,12,26,0.0
1651819246,-29,12,26,0.0
1651819248,-29,12,26,0.0
1651819250,-29,12,26,0.0
1651819252,-29,12,26,0.0
1651819254,-29,12,26,0.0
1651819256,-29,12,26,0.0
1651819258,-29,12,26,0.0
1651819260,-29,12,26,0.0
1651819262,-29,12,26,0.0
1651819264,-29,12,26,0.0
1651819266,-29,12,26,0.0
1651819268,-29,12,26,0.0
1651819270,-29,12,26,0.0
1651819272,-29,12,26,0.0
1651819274,-29,12,26,0.0
1651819276,-29,12,26,0.0
1651819278,-29,12,26,0.0
1651819280,-29,12,26,0.0
1651819282,-29,12,26,0.0
1651819284,-29,12,26,0.0
1651819286,-29,12,26,0.0
1651819288,-29,12,26,0.0
1651819290,-29,12,26,0.0
1651819292,-29,12,26,0.0
1651819294,-29,12,26,0.0
1651819296,-29,12,26,0.0
1651819298,-29,12,26,0.0
1651819300,-29,12,26,0.0
1651819302,-29,12,26,0.0
1651819304,-29,12,26,0.0
1651819306,-29,12,26,0.0
1651819308,-29,12,26,0.0
1651819310,-29,12,26,0.0
1651819312,-29,12,26,0.0
1651819314,-29,12,26,0.0
1651819316,-29,12,26,0.0
1651819318,-29,12,26,0.0
1651819320,-29,12,26,0.0
1651819323,-29,12,26,0.0
1651819325,-29,12,26,0.0
1651819327,-29,12,26,0.0
1651819329,-29,12,26,0.0
1651819331,-29,12,26,0.0
1651819333,-29,12,26,0.0
1651819335,-29,12,26,0.0
1651819337,-29,12,26,0.0
1651819339,-29,12,26,0.0
1651819341,-29,12,26,0.0
1651819343,-29,12,26,0.0
1651819345,-29,12,26,0.0
1651819347,-29,12,26,0.0
1651819349,-29,12,26,0.0
1651819351,-29,12,26,0.0
1651819353,-29,12,26,0.0
1651819355,-29,12,26,0.0
1651819357,-29,12,26,0.0
1651819359,-29,12,26,0.0
1651819361,-29,12,26,0.0
1651819363,-29,12,26,0.0
1651819365,-29,12,26,0.0
1651819367,-29,12,26,0.0
1651819369,-29,12,26,0.0
1651819371,-29,12,26,0.0
1651819373,-29,12,26,0.0
1651819375,-29,12,26,0.0
1651819377,-29,12,26,0.0
1651819379,-29,12,26,0.0
1651819381,-29,12,26,0.0
1651819383,-29,12,26,0.0
1651819385,-29,12,26,0.0
1651819387,-29,12,26,0.0
1651819389,-29,12,26,0.0
1651819391,-29,12,26,0.0
1651819393,-29,12,26,0.0
1651819395,-29,12,26,0.0
1651819397,-29,12,26,0.0
1651819399,-29,12,26,0.0
1651819401,-29,12,26,0.0
1651819403,-20,5,9,-8.5
1651819405,-20,5,9,0.0
1651819407,-20,5,9,0.0
1651819409,-20,15,9,0.0
1651819411,-20,5,9,0.0
1651819413,-20,5,9,0.0
1651819415,-28,0,23,7.0
1651819417,-27,0,21,-1.0
1651819419,-26,0,18,-1.5
1651819421,-27,0,21,1.5
1651819423,-28,7,23,1.0
1651819425,-28,11,23,0.0
1651819427,-27,11,21,-1.0
1651819429,-27,11,21,0.0
1651819431,-28,11,23,1.0
1651819433,-25,12,16,-3.5
1651819435,-27,4,21,2.5
1651819437,-28,12,23,1.0
1651819439,-26,10,18,-2.5
1651819441,-27,12,21,1.5
1651819443,-26,11,18,-1.5
1651819445,-28,11,23,2.5
1651819447,-27,13,21,-1.0
1651819449,-26,11,18,-1.5
1651819451,-28,7,23,2.5
1651819453,-27,7,21,-1.0
1651819455,-31,7,33,6.0
1651819457,-28,7,23,-5.0
1651819459,-24,7,15,-4.0
1651819461,-27,11,21,3.0
1651819463,-27,11,21,0.0
1651819465,-28,12,23,1.0
1651819467,-27,12,21,-1.0
1651819469,-27,12,21,0.0
1651819471,-27,12,21,0.0
1651819473,-29,6,26,2.5
1651819475,-27,5,21,-2.5
1651819477,-27,6,21,0.0
1651819479,-27,4,21,0.0
1651819481,-28,4,23,1.0
1651819483,-29,4,26,1.5
1651819485,-27,7,21,-2.5
1651819487,-28,7,23,1.0
1651819489,-27,4,21,-1.0
1651819491,-26,6,18,-1.5
1651819493,-28,4,23,2.5
1651819495,-26,4,18,-2.5
1651819497,-28,7,23,2.5
1651819499,-28,12,23,0.0
1651819501,-30,12,29,3.0
1651819503,-26,12,18,-5.5
1651819505,-28,12,23,2.5
1651819507,-26,12,18,-2.5
1651819509,-28,12,23,2.5
1651819511,-24,12,15,-4.0
1651819513,-27,12,21,3.0
1651819515,-26,11,18,-1.5
1651819517,-29,11,26,4.0
1651819519,-27,12,21,-2.5
1651819521,-28,10,23,1.0
1651819523,-26,10,18,-2.5
1651819525,-26,10,18,0.0
1651819527,-28,10,23,2.5
1651819529,-26,10,18,-2.5
1651819531,-27,12,21,1.5
1651819533,-27,10,21,0.0
1651819535,-27,12,21,0.0
1651819537,-28,12,23,1.0
1651819539,-26,12,18,-2.5
1651819541,-25,12,16,-1.0
1651819543,-28,10,23,3.5
1651819545,-27,4,21,-1.0
1651819547,-26,4,18,-1.5
1651819549,-27,10,21,1.5
1651819551,-28,10,23,1.0
1651819553,-28,13,23,0.0
1651819555,-27,11,21,-1.0
1651819557,-22,6,12,-4.5
1651819559,-28,6,23,5.5
1651819561,-27,6,21,-1.0
1651819563,-28,6,23,1.0
1651819565,-27,4,21,-1.0
1651819567,-28,3,23,1.0
1651819569,-26,4,18,-2.5
1651819571,-28,3,23,2.5
1651819573,-28,3,23,0.0
1651819575,-27,3,21,-1.0
1651819577,-27,3,21,0.0
1651819579,-26,2,18,-1.5
1651819581,-28,7,23,2.5
1651819583,-27,7,21,-1.0
1651819585,-25,7,16,-2.5
1651819587,-26,7,18,1.0
1651819589,-26,7,18,0.0
1651819591,-28,7,23,2.5
1651819593,-27,7,21,-1.0
1651819595,-28,7,23,1.0
1651819597,-25,7,16,-3.5
1651819599,-26,7,18,1.0
1651819601,-26,7,18,0.0
1651819603,-26,7,18,0.0
1651819605,-26,7,18,0.0
1651819607,-26,7,18,0.0
1651819609,-26,7,18,0.0
1651819611,-26,7,18,0.0
1651819613,-26,7,18,0.0
1651819615,-26,7,18,0.0
1651819617,-26,7,18,0.0
1651819619,-26,7,18,0.0
1651819621,-26,7,18,0.0
1651819623,-26,7,18,0.0
1651819625,-26,7,18,0.0
1651819627,-26,7,18,0.0
1651819629,-26,7,18,0.0
1651819631,-26,7,18,0.0
1651819633,-26,7,18,0.0
1651819635,-26,7,18,0.0
1651819637,-26,7,18,0.0
1651819639,-26,7,18,0.0
1651819641,-26,7,18,0.0
1651819643,-26,7,18,0.0
1651819645,-20,7,9,-4.5
1651819647,-19,5,8,-0.5
1651819649,-23,14,13,2.5
1651819651,-20,0,9,-2.0
1651819653,-20,0,9,0.0
1651819655,-22,0,12,1.5
1651819657,-27,0,21,4.5
1651819659,-25,7,16,-2.5
1651819661,-20,7,9,-3.5
1651819663,-30,7,29,10.0
1651819665,-27,11,21,-4.0
1651819667,-24,8,15,-3.0
1651819669,-25,3,16,0.5
1651819671,-26,9,18,1.0
1651819673,-26,11,18,0.0
1651819675,-27,1,21,1.5
1651819677,-27,3,21,0.0
1651819679,-29,12,26,2.5
1651819681,-27,9,21,-2.5
1651819683,-27,9,21,0.0
1651819685,-29,9,26,2.5
1651819687,-27,10,21,-2.5
1651819689,-27,10,21,0.0
1651819691,-28,2,23,1.0
1651819693,-25,10,16,-3.5
1651819695,-17,10,7,-4.5
1651819697,-28,2,23,8.0
1651819699,-28,9,23,0.0
1651819701,-26,9,18,-2.5
1651819703,-27,9,21,1.5
1651819705,-22,3,12,-4.5
1651819707,-27,3,21,4.5
1651819709,-27,9,21,0.0
1651819711,-27,9,21,0.0
1651819713,-26,9,18,-1.5
1651819715,-28,9,23,2.5
1651819717,-28,9,23,0.0
1651819719,-25,9,16,-3.5
1651819721,-31,7,33,8.5
1651819723,-29,7,26,-3.5
1651819725,-27,7,21,-2.5
1651819727,-29,7,26,2.5
1651819729,-28,7,23,-1.5
1651819731,-27,7,21,-1.0
1651819733,-28,7,23,1.0
1651819735,-25,7,16,-3.5
1651819737,-27,7,21,2.5
1651819739,-27,7,21,0.0
1651819741,-28,7,23,1.0
1651819743,-27,7,21,-1.0
1651819745,-27,7,21,0.0
1651819747,-27,7,21,0.0
1651819749,-28,14,23,1.0
1651819751,-29,9,26,1.5
1651819753,-27,6,21,-2.5
1651819755,-27,6,21,0.0
1651819757,-17,6,7,-7.0
1651819759,-28,6,23,8.0
1651819761,-27,6,21,-1.0
1651819763,-26,6,18,-1.5
1651819765,-27,6,21,1.5
1651819767,-28,4,23,1.0
1651819769,-26,6,18,-2.5
1651819771,-27,6,21,1.5
1651819773,-27,6,21,0.0
1651819775,-26,3,18,-1.5
1651819777,-26,6,18,0.0
1651819779,-26,6,18,0.0
1651819781,-27,6,21,1.5
1651819783,-30,6,29,4.0
1651819785,-30,13,29,0.0
1651819787,-28,7,23,-3.0
1651819789,-28,7,23,0.0
1651819791,-28,7,23,0.0
1651819793,-28,7,23,0.0
1651819795,-29,7,26,1.5
1651819797,-27,7,21,-2.5
1651819799,-27,7,21,0.0
1651819801,-25,6,16,-2.5
1651819803,-31,6,33,8.5
1651819805,-31,12,33,0.0
1651819807,-27,4,21,-6.0
1651819809,-28,12,23,1.0
1651819811,-28,14,23,0.0
1651819813,-26,12,18,-2.5
1651819815,-29,6,26,4.0
1651819817,-27,12,21,-2.5
1651819819,-27,12,21,0.0
1651819821,-27,12,21,0.0
1651819823,-23,12,13,-4.0
1651819825,-28,13,23,5.0
1651819827,-28,13,23,0.0
1651819829,-29,13,26,1.5
1651819831,-30,13,29,1.5
1651819833,-32,13,37,4.0
1651819835,-30,13,29,-4.0
1651819837,-28,13,23,-3.0
1651819839,-26,13,18,-2.5
1651819841,-29,14,26,4.0
1651819843,-26,14,18,-4.0
1651819845,-29,13,26,4.0
1651819847,-28,7,23,-1.5
1651819849,-27,7,21,-1.0
1651819851,-28,13,23,1.0
1651819853,-28,13,23,0.0
1651819855,-28,13,23,0.0
1651819857,-28,14,23,0.0
1651819859,-28,13,23,0.0
1651819861,-28,7,23,0.0
1651819863,-29,7,26,1.5
1651819865,-29,7,26,0.0
1651819867,-27,7,21,-2.5
1651819869,-30,7,29,4.0
1651819871,-26,7,18,-5.5
1651819873,-29,15,26,4.0
1651819875,-29,15,26,0.0
1651819877,-28,15,23,-1.5
1651819879,-28,15,23,0.0
1651819881,-27,15,21,-1.0
1651819883,-28,5,23,1.0
1651819885,-31,5,33,5.0
1651819887,-29,5,26,-3.5
1651819889,-25,15,16,-5.0
1651819891,-26,5,18,1.0
1651819893,-25,5,16,-1.0
1651819895,-21,13,10,-3.0
1651819897,-21,4,10,0.0
1651819899,-27,4,21,5.5
1651819901,-26,4,18,-1.5
1651819903,-28,4,23,2.5
1651819905,-29,13,26,1.5
1651819907,-29,13,26,0.0
1651819909,-26,3,18,-4.0
1651819911,-29,5,26,4.0
1651819913,-29,5,26,0.0
1651819915,-28,5,23,-1.5
1651819917,-28,5,23,0.0
1651819919,-28,5,23,0.0
1651819921,-29,5,26,1.5
1651819923,-25,5,16,-5.0
1651819925,-27,12,21,2.5
1651819927,-29,12,26,2.5
1651819929,-27,12,21,-2.5
1651819931,-30,12,29,4.0
1651819933,-29,12,26,-1.5
1651819935,-30,5,29,1.5
1651819937,-30,5,29,0.0
1651819939,-30,5,29,0.0
1651819941,-28,5,23,-3.0
1651819943,-28,5,23,0.0
1651819945,-28,5,23,0.0
1651819947,-26,5,18,-2.5
1651819949,-27,5,21,1.5
1651819951,-22,5,12,-4.5
1651819953,-28,5,23,5.5
1651819955,-28,6,23,0.0
1651819957,-30,6,29,3.0
1651819959,-29,6,26,-1.5
1651819961,-29,5,26,0.0
1651819963,-29,4,26,0.0
1651819965,-29,4,26,0.0
1651819967,-29,14,26,0.0
1651819969,-29,14,26,0.0
1651819971,-29,14,26,0.0
1651819973,-29,14,26,0.0
1651819975,-29,14,26,0.0
1651819977,-29,14,26,0.0
1651819979,-29,14,26,0.0
1651819981,-29,14,26,0.0
1651819983,-29,14,26,0.0
1651819985,-29,14,26,0.0
1651819987,-29,14,26,0.0
1651819989,-29,14,26,0.0
1651819991,-29,14,26,0.0
1651819993,-29,14,26,0.0
1651819995,-29,7,26,0.0
1651819997,-29,7,26,0.0
1651819999,-29,7,26,0.0
1651820001,-29,7,26,0.0
1651820003,-29,7,26,0.0
1651820005,-23,5,13,-6.5
1651820007,-22,6,12,-0.5
1651820009,-22,6,12,0.0
1651820011,-24,6,15,1.5
1651820013,-22,7,12,-1.5
1651820015,-23,5,13,0.5
1651820017,-27,5,21,4.0
1651820019,-28,5,23,1.0
1651820021,-28,5,23,0.0
1651820023,-29,5,26,1.5
1651820025,-27,5,21,-2.5
1651820027,-29,12,26,2.5
1651820029,-29,5,26,0.0
1651820031,-27,5,21,-2.5
1651820033,-29,10,26,2.5
1651820035,-22,5,12,-7.0
1651820037,-21,5,10,-1.0
1651820039,-31,12,33,11.5
1651820041,-29,13,26,-3.5
1651820043,-30,13,29,1.5
1651820045,-29,13,26,-1.5
1651820047,-26,13,18,-4.0
1651820049,-27,5,21,1.5
1651820051,-33,5,41,10.0
1651820053,-29,5,26,-7.5
1651820055,-35,5,52,13.0
1651820057,-35,12,52,0.0
1651820059,-28,12,23,-14.5
1651820061,-28,12,23,0.0
1651820063,-27,12,21,-1.0
1651820065,-31,12,33,6.0
1651820067,-29,14,26,-3.5
1651820069,-30,12,29,1.5
1651820071,-29,14,26,-1.5
1651820073,-27,14,21,-2.5
1651820075,-28,14,23,1.0
1651820077,-29,14,26,1.5
1651820079,-29,14,26,0.0
1651820081,-32,14,37,5.5
1651820083,-27,14,21,-8.0
1651820085,-31,15,33,6.0
1651820087,-30,15,29,-2.0
1651820089,-29,15,26,-1.5
1651820091,-30,3,29,1.5
1651820093,-31,14,33,2.0
1651820095,-29,14,26,-3.5
1651820097,-30,14,29,1.5
1651820099,-27,14,21,-4.0
1651820101,-32,14,37,8.0
1651820103,-33,14,41,2.0
1651820105,-27,14,21,-10.0
1651820107,-31,15,33,6.0
1651820109,-29,15,26,-3.5
1651820111,-29,15,26,0.0
1651820113,-28,12,23,-1.5
1651820115,-27,12,21,-1.0
1651820117,-28,12,23,1.0
1651820119,-32,12,37,7.0
1651820121,-26,12,18,-9.5
1651820123,-28,11,23,2.5
1651820125,-26,15,18,-2.5
1651820127,-34,15,46,14.0
1651820129,-28,15,23,-11.5
1651820131,-30,5,29,3.0
1651820133,-29,5,26,-1.5
1651820135,-29,5,26,0.0
1651820137,-30,5,29,1.5
1651820139,-30,6,29,0.0
1651820141,-27,6,21,-4.0
1651820143,-28,5,23,1.0
1651820145,-28,6,23,0.0
1651820147,-30,6,29,3.0
1651820149,-28,6,23,-3.0
1651820151,-28,6,23,0.0
1651820153,-28,6,23,0.0
1651820155,-24,13,15,-4.0
1651820157,-38,13,73,29.0
1651820159,-30,13,29,-22.0
1651820161,-37,13,65,18.0
1651820163,-29,13,26,-19.5
1651820165,-25,13,16,-5.0
1651820167,-27,13,21,2.5
1651820169,-29,6,26,2.5
1651820171,-28,15,23,-1.5
1651820173,-29,13,26,1.5
1651820175,-28,13,23,-1.5
1651820177,-27,13,21,-1.0
1651820179,-27,7,21,0.0
1651820181,-27,15,21,0.0
1651820183,-28,15,23,1.0
1651820185,-30,15,29,3.0
1651820187,-29,15,26,-1.5
1651820189,-30,5,29,1.5
1651820191,-38,15,73,22.0
1651820193,-32,15,37,-18.0
1651820195,-28,15,23,-7.0
1651820197,-27,15,21,-1.0
1651820199,-24,15,15,-3.0
1651820201,-29,15,26,5.5
1651820203,-29,15,26,0.0
1651820205,-29,15,26,0.0
1651820207,-27,15,21,-2.5
1651820209,-28,15,23,1.0
1651820211,-28,14,23,0.0
1651820213,-30,14,29,3.0
1651820215,-29,14,26,-1.5
1651820217,-28,14,23,-1.5
1651820219,-32,14,37,7.0
1651820221,-30,14,29,-4.0
1651820223,-28,14,23,-3.0
1651820225,-26,14,18,-2.5
1651820227,-30,14,29,5.5
1651820229,-29,14,26,-1.5
1651820231,-29,14,26,0.0
1651820233,-29,14,26,0.0
1651820235,-27,14,21,-2.5
1651820237,-28,14,23,1.0
1651820239,-29,15,26,1.5
1651820241,-27,15,21,-2.5
1651820243,-30,15,29,4.0
1651820245,-29,14,26,-1.5
1651820247,-30,14,29,1.5
1651820249,-31,14,33,2.0
1651820251,-28,15,23,-5.0
1651820253,-29,15,26,1.5
1651820255,-29,15,26,0.0
1651820257,-28,15,23,-1.5
1651820259,-29,12,26,1.5
1651820261,-31,12,33,3.5
1651820263,-28,12,23,-5.0
1651820265,-30,12,29,3.0
1651820267,-28,12,23,-3.0
1651820269,-35,12,52,14.5
1651820271,-32,12,37,-7.5
1651820273,-28,12,23,-7.0
1651820275,-29,12,26,1.5
1651820277,-29,5,26,0.0
1651820279,-30,11,29,1.5
1651820281,-28,6,23,-3.0
1651820283,-33,13,41,9.0
1651820285,-31,13,33,-4.0
1651820287,-31,13,33,0.0
1651820289,-28,13,23,-5.0
1651820291,-30,13,29,3.0
1651820293,-29,13,26,-1.5
1651820295,-29,13,26,0.0
1651820297,-27,13,21,-2.5
1651820299,-29,13,26,2.5
1651820301,-32,13,37,5.5
1651820303,-35,13,52,7.5
1651820305,-29,14,26,-13.0
1651820307,-30,14,29,1.5
1651820309,-30,14,29,0.0
1651820311,-34,14,46,8.5
1651820313,-29,14,26,-10.0
1651820315,-30,14,29,1.5
1651820317,-27,14,21,-4.0
1651820319,-26,14,18,-1.5
1651820321,-26,14,18,0.0
1651820323,-30,14,29,5.5
1651820325,-28,14,23,-3.0
1651820327,-30,14,29,3.0
1651820329,-29,14,26,-1.5
1651820331,-28,14,23,-1.5
1651820333,-29,14,26,1.5
1651820335,-33,14,41,7.5
1651820337,-24,14,15,-13.0
1651820339,-27,14,21,3.0
1651820341,-29,14,26,2.5
1651820343,-27,14,21,-2.5
1651820345,-32,14,37,8.0
1651820347,-29,14,26,-5.5
1651820349,-28,11,23,-1.5
1651820351,-27,6,21,-1.0
1651820353,-27,11,21,0.0
1651820355,-28,6,23,1.0
1651820357,-37,6,65,21.0
1651820359,-28,13,23,-21.0
1651820361,-30,13,29,3.0
1651820363,-33,13,41,6.0
1651820365,-28,13,23,-9.0
1651820367,-30,13,29,3.0
1651820369,-28,13,23,-3.0
1651820371,-30,13,29,3.0
1651820373,-27,6,21,-4.0
1651820375,-27,6,21,0.0
1651820377,-27,6,21,0.0
1651820379,-29,6,26,2.5
1651820381,-28,6,23,-1.5
1651820383,-29,6,26,1.5
1651820385,-29,6,26,0.0
1651820387,-32,14,37,5.5
1651820389,-32,14,37,0.0
1651820391,-27,15,21,-8.0
1651820393,-31,14,33,6.0
1651820395,-22,15,12,-10.5
1651820397,-32,15,37,12.5
1651820399,-29,15,26,-5.5
1651820401,-31,15,33,3.5
1651820403,-31,15,33,0.0
1651820405,-27,15,21,-6.0
1651820407,-29,15,26,2.5
1651820409,-29,15,26,0.0
1651820411,-30,15,29,1.5
1651820413,-27,13,21,-4.0
1651820415,-27,15,21,0.0
1651820417,-24,15,15,-3.0
1651820419,-32,15,37,11.0
1651820421,-32,15,37,0.0
1651820423,-28,15,23,-7.0
1651820425,-27,15,21,-1.0
1651820427,-28,15,23,1.0
1651820429,-28,15,23,0.0
1651820431,-26,15,18,-2.5
1651820433,-26,15,18,0.0
1651820435,-27,15,21,1.5
1651820437,-27,15,21,0.0
1651820439,-28,15,23,1.0
1651820441,-28,15,23,0.0
1651820443,-32,14,37,7.0
1651820445,-29,14,26,-5.5
1651820447,-29,14,26,0.0
1651820449,-29,14,26,0.0
1651820451,-30,14,29,1.5
1651820453,-28,14,23,-3.0
1651820455,-27,14,21,-1.0
1651820457,-32,14,37,8.0
1651820459,-33,14,41,2.0
1651820461,-30,14,29,-6.0
1651820463,-31,13,33,2.0
1651820465,-27,14,21,-6.0
1651820467,-29,14,26,2.5
1651820469,-25,14,16,-5.0
1651820471,-78,14,7307,3645.5
1651820473,-29,14,26,-3640.5
1651820475,-28,13,23,-1.5
1651820477,-31,14,33,5.0
1651820479,-29,14,26,-3.5
1651820481,-29,14,26,0.0
1651820483,-29,14,26,0.0
1651820485,-29,15,26,0.0
1651820487,-27,14,21,-2.5
1651820489,-28,7,23,1.0
1651820491,-29,15,26,1.5
1651820493,-30,15,29,1.5
1651820495,-30,15,29,0.0
1651820497,-27,13,21,-4.0
1651820499,-30,13,29,4.0
1651820501,-24,12,15,-7.0
1651820503,-27,12,21,3.0
1651820505,-29,12,26,2.5
1651820507,-28,12,23,-1.5
1651820509,-30,12,29,3.0
1651820511,-28,12,23,-3.0
1651820513,-35,14,52,14.5
1651820515,-25,13,16,-18.0
1651820517,-24,14,15,-0.5
1651820519,-27,15,21,3.0
1651820521,-29,15,26,2.5
1651820523,-28,15,23,-1.5
1651820525,-27,15,21,-1.0
1651820527,-31,15,33,6.0
1651820529,-26,15,18,-7.5
1651820531,-28,15,23,2.5
1651820533,-29,15,26,1.5
1651820535,-29,15,26,0.0
1651820537,-28,15,23,-1.5
1651820539,-29,15,26,1.5
1651820541,-31,15,33,3.5
1651820543,-30,12,29,-2.0
1651820545,-29,15,26,-1.5
1651820547,-26,15,18,-4.0
1651820549,-30,15,29,5.5
1651820551,-30,15,29,0.0
1651820553,-28,15,23,-3.0
1651820555,-34,15,46,11.5
1651820557,-28,15,23,-11.5
1651820559,-26,15,18,-2.5
1651820561,-29,15,26,4.0
1651820563,-31,15,33,3.5
1651820565,-27,15,21,-6.0
1651820567,-28,15,23,1.0
1651820569,-27,15,21,-1.0
1651820571,-30,15,29,4.0
1651820573,-28,15,23,-3.0
1651820575,-29,12,26,1.5
1651820577,-30,12,29,1.5
1651820579,-30,12,29,0.0
1651820581,-29,12,26,-1.5
1651820583,-29,12,26,0.0
1651820585,-27,15,21,-2.5
1651820587,-24,15,15,-3.0
1651820589,-28,15,23,4.0
1651820591,-29,15,26,1.5
1651820593,-27,15,21,-2.5
1651820595,-32,15,37,8.0
1651820597,-31,15,33,-2.0
1651820599,-27,15,21,-6.0
1651820601,-27,15,21,0.0
1651820603,-31,15,33,6.0
1651820605,-27,15,21,-6.0
1651820607,-28,12,23,1.0
1651820609,-27,12,21,-1.0
1651820611,-27,12,21,0.0
1651820613,-32,12,37,8.0
1651820615,-29,12,26,-5.5
1651820617,-31,12,33,3.5
1651820619,-29,12,26,-3.5
1651820621,-31,12,33,3.5
1651820623,-29,12,26,-3.5
1651820625,-27,12,21,-2.5
1651820627,-28,7,23,1.0
1651820629,-28,7,23,0.0
1651820631,-28,12,23,0.0
1651820633,-28,13,23,0.0
1651820635,-28,13,23,0.0
1651820637,-25,15,16,-3.5
1651820639,-32,15,37,10.5
1651820641,-29,15,26,-5.5
1651820643,-25,15,16,-5.0
1651820645,-29,15,26,5.0
1651820647,-31,15,33,3.5
1651820649,-27,15,21,-6.0
1651820651,-28,15,23,1.0
1651820653,-28,14,23,0.0
1651820655,-29,14,26,1.5
1651820657,-31,14,33,3.5
1651820659,-28,15,23,-5.0
1651820661,-30,12,29,3.0
1651820663,-26,12,18,-5.5
1651820665,-27,15,21,1.5
1651820667,-29,15,26,2.5
1651820669,-30,15,29,1.5
1651820671,-26,15,18,-5.5
1651820673,-32,15,37,9.5
1651820675,-32,15,37,0.0
1651820677,-32,15,37,0.0
1651820679,-31,15,33,-2.0
1651820681,-27,15,21,-6.0
1651820683,-30,15,29,4.0
1651820685,-28,15,23,-3.0
1651820687,-28,15,23,0.0
1651820689,-28,13,23,0.0
1651820691,-26,13,18,-2.5
1651820693,-30,13,29,5.5
1651820695,-27,13,21,-4.0
1651820697,-28,13,23,1.0
1651820699,-28,13,23,0.0
1651820701,-29,13,26,1.5
1651820703,-31,13,33,3.5
1651820705,-32,13,37,2.0
1651820707,-30,13,29,-4.0
1651820709,-27,13,21,-4.0
1651820711,-28,13,23,1.0
1651820713,-32,15,37,7.0
1651820715,-27,13,21,-8.0
1651820717,-29,15,26,2.5
1651820719,-27,15,21,-2.5
1651820721,-30,15,29,4.0
1651820724,-30,15,29,0.0
1651820726,-30,15,29,0.0
1651820728,-28,13,23,-3.0
1651820730,-28,14,23,0.0
1651820732,-27,13,21,-1.0
1651820734,-31,13,33,6.0
1651820736,-28,14,23,-5.0
1651820738,-30,13,29,3.0
1651820740,-28,14,23,-3.0
1651820742,-31,14,33,5.0
1651820744,-80,14,9198,4582.5
1651820746,-28,14,23,-4587.5
1651820748,-27,14,21,-1.0
1651820750,-28,14,23,1.0
1651820752,-31,14,33,5.0
1651820754,-27,14,21,-6.0
1651820756,-28,14,23,1.0
1651820758,-27,14,21,-1.0
1651820760,-29,14,26,2.5
1651820762,-28,15,23,-1.5
1651820764,-29,13,26,1.5
1651820766,-29,13,26,0.0
1651820768,-27,14,21,-2.5
1651820770,-27,14,21,0.0
1651820772,-28,14,23,1.0
1651820774,-28,14,23,0.0
1651820776,-29,14,26,1.5
1651820778,-31,14,33,3.5
1651820780,-26,14,18,-7.5
1651820782,-29,14,26,4.0
1651820784,-35,14,52,13.0
1651820786,-30,14,29,-11.5
1651820788,-29,14,26,-1.5
1651820790,-29,14,26,0.0
1651820792,-30,15,29,1.5
1651820794,-32,14,37,4.0
1651820796,-28,15,23,-7.0
1651820798,-27,14,21,-1.0
1651820800,-29,14,26,2.5
1651820802,-28,14,23,-1.5
1651820804,-27,14,21,-1.0
1651820806,-28,14,23,1.0
1651820808,-28,14,23,0.0
1651820810,-27,15,21,-1.0
1651820812,-27,14,21,0.0
1651820814,-30,14,29,4.0
1651820816,-30,14,29,0.0
1651820818,-28,14,23,-3.0
1651820820,-29,14,26,1.5
1651820822,-26,14,18,-4.0
1651820824,-26,14,18,0.0
1651820826,-26,14,18,0.0
1651820828,-28,14,23,2.5
1651820830,-27,14,21,-1.0
1651820832,-29,14,26,2.5
1651820834,-27,13,21,-2.5
1651820836,-27,13,21,0.0
1651820838,-27,13,21,0.0
1651820840,-30,13,29,4.0
1651820842,-30,13,29,0.0
1651820844,-30,13,29,0.0
1651820846,-29,13,26,-1.5
1651820848,-26,13,18,-4.0
1651820850,-30,14,29,5.5
1651820852,-30,14,29,0.0
1651820854,-28,14,23,-3.0
1651820856,-28,14,23,0.0
1651820858,-31,14,33,5.0
1651820860,-28,14,23,-5.0
1651820862,-27,14,21,-1.0
1651820864,-30,14,29,4.0
1651820866,-27,14,21,-4.0
1651820868,-29,13,26,2.5
1651820870,-35,15,52,13.0
1651820872,-27,13,21,-15.5
1651820874,-30,13,29,4.0
1651820876,-27,15,21,-4.0
1651820878,-28,15,23,1.0
1651820880,-29,13,26,1.5
1651820882,-28,15,23,-1.5
1651820884,-30,15,29,3.0
1651820886,-27,15,21,-4.0
1651820888,-30,15,29,4.0
1651820890,-33,15,41,6.0
1651820892,-25,15,16,-12.5
1651820894,-27,15,21,2.5
1651820896,-28,15,23,1.0
1651820898,-30,15,29,3.0
1651820900,-26,14,18,-5.5
1651820902,-28,14,23,2.5
1651820904,-26,14,18,-2.5
1651820906,-26,13,18,0.0
1651820908,-28,14,23,2.5
1651820910,-28,13,23,0.0
1651820912,-32,13,37,7.0
1651820914,-29,13,26,-5.5
1651820916,-30,13,29,1.5
1651820918,-26,13,18,-5.5
1651820920,-29,13,26,4.0
1651820922,-30,13,29,1.5
1651820924,-27,14,21,-4.0
1651820926,-26,14,18,-1.5
1651820928,-27,14,21,1.5
1651820930,-28,14,23,1.0
1651820932,-29,14,26,1.5
1651820934,-29,14,26,0.0
1651820936,-28,14,23,-1.5
1651820938,-28,13,23,0.0
1651820940,-29,13,26,1.5
1651820942,-28,12,23,-1.5
1651820944,-33,12,41,9.0
1651820946,-29,12,26,-7.5
1651820948,-31,12,33,3.5
1651820950,-27,15,21,-6.0
1651820952,-28,12,23,1.0
1651820954,-29,12,26,1.5
1651820956,-29,6,26,0.0
1651820958,-29,7,26,0.0
1651820960,-28,7,23,-1.5
1651820962,-27,7,21,-1.0
1651820964,-28,7,23,1.0
1651820966,-27,7,21,-1.0
1651820968,-27,14,21,0.0
1651820970,-28,14,23,1.0
1651820972,-27,14,21,-1.0
1651820974,-28,14,23,1.0
1651820976,-29,14,26,1.5
1651820978,-29,14,26,0.0
1651820980,-27,14,21,-2.5
1651820982,-26,14,18,-1.5
1651820984,-29,14,26,4.0
1651820986,-29,14,26,0.0
1651820988,-27,14,21,-2.5
1651820990,-29,14,26,2.5
1651820992,-27,14,21,-2.5
1651820994,-29,14,26,2.5
1651820996,-27,14,21,-2.5
1651820998,-28,14,23,1.0
1651821000,-29,14,26,1.5
1651821002,-29,14,26,0.0
1651821004,-29,13,26,0.0
1651821006,-29,13,26,0.0
1651821008,-28,13,23,-1.5
1651821010,-29,13,26,1.5
1651821012,-27,13,21,-2.5
1651821014,-27,13,21,0.0
1651821016,-29,13,26,2.5
1651821018,-28,13,23,-1.5
1651821020,-29,13,26,1.5
1651821022,-26,13,18,-4.0
1651821024,-29,13,26,4.0
1651821026,-29,13,26,0.0
1651821028,-28,13,23,-1.5
1651821030,-28,13,23,0.0
1651821032,-29,13,26,1.5
1651821034,-29,14,26,0.0
1651821036,-29,14,26,0.0
1651821038,-31,14,33,3.5
1651821040,-28,14,23,-5.0
1651821042,-31,14,33,5.0
1651821044,-26,15,18,-7.5
1651821046,-28,12,23,2.5
1651821048,-30,13,29,3.0
1651821050,-27,7,21,-4.0
1651821052,-28,13,23,1.0
1651821054,-28,13,23,0.0
1651821056,-25,13,16,-3.5
1651821058,-30,13,29,6.5
1651821060,-27,13,21,-4.0
1651821062,-30,13,29,4.0
1651821064,-29,15,26,-1.5
1651821066,-28,12,23,-1.5
1651821068,-27,12,21,-1.0
1651821070,-32,12,37,8.0
1651821072,-30,12,29,-4.0
1651821074,-29,12,26,-1.5
1651821076,-28,12,23,-1.5
1651821078,-28,12,23,0.0
1651821080,-30,13,29,3.0
1651821082,-29,14,26,-1.5
1651821084,-26,14,18,-4.0
1651821086,-28,14,23,2.5
1651821088,-28,14,23,0.0
1651821090,-27,14,21,-1.0
1651821092,-28,14,23,1.0
1651821094,-27,14,21,-1.0
1651821096,-29,14,26,2.5
1651821098,-27,14,21,-2.5
1651821100,-27,14,21,0.0
1651821102,-28,15,23,1.0
1651821104,-26,15,18,-2.5
1651821106,-25,15,16,-1.0
1651821108,-21,15,10,-3.0
1651821110,-29,15,26,8.0
1651821112,-35,15,52,13.0
1651821114,-35,15,52,0.0
1651821116,-28,15,23,-14.5
1651821118,-27,13,21,-1.0
1651821120,-31,15,33,6.0
1651821122,-28,15,23,-5.0
1651821124,-30,13,29,3.0
1651821126,-28,15,23,-3.0
1651821128,-27,15,21,-1.0
1651821130,-29,13,26,2.5
1651821132,-30,13,29,1.5
1651821134,-28,13,23,-3.0
1651821136,-28,13,23,0.0
1651821138,-30,13,29,3.0
1651821140,-28,13,23,-3.0
1651821142,-29,13,26,1.5
1651821144,-27,13,21,-2.5
1651821146,-28,13,23,1.0
1651821148,-33,13,41,9.0
1651821150,-33,13,41,0.0
1651821152,-29,13,26,-7.5
1651821154,-27,13,21,-2.5
1651821156,-29,13,26,2.5
1651821158,-28,13,23,-1.5
1651821160,-28,15,23,0.0
1651821162,-28,15,23,0.0
1651821164,-31,15,33,5.0
1651821166,-26,15,18,-7.5
1651821168,-25,14,16,-1.0
1651821170,-27,14,21,2.5
1651821172,-28,15,23,1.0
1651821174,-32,15,37,7.0
1651821176,-29,15,26,-5.5
1651821178,-28,15,23,-1.5
1651821180,-35,15,52,14.5
1651821182,-27,15,21,-15.5
1651821184,-24,15,15,-3.0
1651821186,-29,14,26,5.5
1651821188,-28,13,23,-1.5
1651821190,-28,13,23,0.0
1651821192,-35,13,52,14.5
1651821194,-30,12,29,-11.5
1651821196,-27,12,21,-4.0
1651821198,-79,13,8198,4088.5
1651821200,-28,13,23,-4087.5
1651821202,-27,13,21,-1.0
1651821204,-27,13,21,0.0
1651821206,-26,13,18,-1.5
1651821208,-25,13,16,-1.0
1651821210,-31,13,33,8.5
1651821212,-31,13,33,0.0
1651821214,-33,13,41,4.0
1651821216,-30,13,29,-6.0
1651821218,-26,13,18,-5.5
1651821220,-28,7,23,2.5
1651821222,-25,13,16,-3.5
1651821224,-28,11,23,3.5
1651821226,-27,12,21,-1.0
1651821228,-25,12,16,-2.5
1651821230,-29,11,26,5.0
1651821232,-28,11,23,-1.5
1651821234,-28,11,23,0.0
1651821236,-28,11,23,0.0
1651821238,-27,11,21,-1.0
1651821240,-29,6,26,2.5
1651821242,-25,6,16,-5.0
1651821244,-23,6,13,-1.5
1651821246,-27,6,21,4.0
1651821248,-22,13,12,-4.5
1651821250,-32,6,37,12.5
1651821252,-31,7,33,-2.0
1651821254,-28,7,23,-5.0
1651821256,-27,7,21,-1.0
1651821258,-29,7,26,2.5
1651821260,-25,7,16,-5.0
1651821262,-27,7,21,2.5
1651821264,-30,7,29,4.0
1651821266,-27,7,21,-4.0
1651821268,-30,7,29,4.0
1651821270,-29,6,26,-1.5
1651821272,-28,7,23,-1.5
1651821274,-29,7,26,1.5
1651821276,-22,15,12,-7.0
1651821278,-29,15,26,7.0
1651821280,-27,15,21,-2.5
1651821282,-28,15,23,1.0
1651821284,-27,15,21,-1.0
1651821286,-29,14,26,2.5
1651821288,-27,14,21,-2.5
1651821290,-27,14,21,0.0
1651821292,-27,15,21,0.0
1651821294,-28,15,23,1.0
1651821296,-28,15,23,0.0
1651821298,-28,15,23,0.0
1651821300,-29,15,26,1.5
1651821302,-27,15,21,-2.5
1651821304,-24,15,15,-3.0
1651821306,-32,15,37,11.0
1651821308,-27,15,21,-8.0
1651821310,-29,15,26,2.5
1651821312,-28,15,23,-1.5
1651821314,-27,15,21,-1.0
1651821316,-28,15,23,1.0
1651821318,-27,15,21,-1.0
1651821320,-32,15,37,8.0
1651821322,-28,15,23,-7.0
1651821324,-29,15,26,1.5
1651821326,-28,13,23,-1.5
1651821328,-28,14,23,0.0
1651821330,-27,14,21,-1.0
1651821332,-19,14,8,-6.5
1651821334,-33,14,41,16.5
1651821336,-26,15,18,-11.5
1651821338,-28,15,23,2.5
1651821340,-27,15,21,-1.0
1651821342,-29,15,26,2.5
1651821344,-26,15,18,-4.0
1651821346,-27,15,21,1.5
1651821348,-24,15,15,-3.0
1651821350,-27,15,21,3.0
1651821352,-28,15,23,1.0
1651821354,-28,15,23,0.0
1651821356,-24,13,15,-4.0
1651821358,-30,13,29,7.0
1651821360,-29,13,26,-1.5
1651821362,-29,13,26,0.0
1651821364,-29,13,26,0.0
1651821366,-28,13,23,-1.5
1651821368,-30,13,29,3.0
1651821370,-29,13,26,-1.5
1651821372,-28,13,23,-1.5
1651821374,-28,13,23,0.0
1651821376,-27,13,21,-1.0
1651821378,-28,15,23,1.0
1651821380,-27,13,21,-1.0
1651821382,-31,13,33,6.0
1651821384,-27,13,21,-6.0
1651821386,-29,13,26,2.5
1651821388,-29,13,26,0.0
1651821390,-27,13,21,-2.5
1651821392,-29,13,26,2.5
1651821394,-29,5,26,0.0
1651821396,-28,13,23,-1.5
1651821398,-29,13,26,1.5
1651821400,-30,13,29,1.5
1651821402,-21,13,10,-9.5
1651821404,-33,12,41,15.5
1651821406,-26,13,18,-11.5
1651821408,-24,13,15,-1.5
1651821410,-30,13,29,7.0
1651821412,-28,13,23,-3.0
1651821414,-33,13,41,9.0
1651821416,-33,4,41,0.0
1651821418,-33,3,41,0.0
1651821420,-33,2,41,0.0
1651821422,-33,14,41,0.0
1651821424,-33,0,41,0.0
1651821426,-33,0,41,0.0
1651821428,-33,0,41,0.0
1651821430,-33,0,41,0.0
1651821432,-33,0,41,0.0
1651821434,-33,0,41,0.0
1651821436,-33,0,41,0.0
1651821438,-33,0,41,0.0
1651821440,-33,9,41,0.0
1651821442,-33,9,41,0.0
1651821444,-33,9,41,0.0
1651821446,-33,9,41,0.0
1651821448,-33,9,41,0.0
1651821450,-33,9,41,0.0
1651821452,-33,9,41,0.0
1651821454,-33,9,41,0.0
1651821456,-33,9,41,0.0
1651821458,-33,9,41,0.0
1651821460,-33,9,41,0.0
1651821462,-33,9,41,0.0
1651821464,-33,9,41,0.0
1651821466,-33,9,41,0.0
1651821468,-33,9,41,0.0
1651821470,-33,9,41,0.0
1651821472,-33,9,41,0.0
1651821474,-33,9,41,0.0
1651821476,-33,9,41,0.0
1651821478,-33,0,41,0.0
1651821480,-33,0,41,0.0
1651821482,-33,0,41,0.0
1651821484,-33,0,41,0.0
1651821486,-33,0,41,0.0
1651821488,-33,0,41,0.0
1651821490,-33,0,41,0.0
1651821492,-33,0,41,0.0
1651821494,-33,0,41,0.0
1651821496,-33,0,41,0.0
1651821498,-33,0,41,0.0
1651821500,-33,0,41,0.0
1651821502,-33,0,41,0.0
1651821504,-33,0,41,0.0
1651821506,-33,0,41,0.0
1651821508,-33,0,41,0.0
1651821510,-33,0,41,0.0
1651821512,-33,0,41,0.0
1651821514,-33,0,41,0.0
1651821516,-33,0,41,0.0
1651821518,-33,0,41,0.0
1651821520,-33,0,41,0.0
1651821522,-33,0,41,0.0
1651821524,-33,0,41,0.0
1651821526,-33,0,41,0.0
1651821528,-33,0,41,0.0
1651821530,-33,0,41,0.0
1651821532,-33,0,41,0.0
1651821534,-33,0,41,0.0
1651821536,-33,0,41,0.0
1651821538,-33,0,41,0.0
1651821540,-33,0,41,0.0
1651821542,-33,0,41,0.0
1651821544,-33,0,41,0.0
1651821546,-33,0,41,0.0
1651821548,-33,0,41,0.0
1651821550,-33,0,41,0.0
1651821552,-33,0,41,0.0
1651821554,-33,0,41,0.0
1651821556,-33,0,41,0.0
1651821558,-33,0,41,0.0
1651821560,-33,0,41,0.0
1651821562,-33,0,41,0.0
1651821564,-33,0,41,0.0
1651821566,-33,0,41,0.0
1651821568,-33,0,41,0.0
1651821570,-33,0,41,0.0
1651821572,-33,0,41,0.0
1651821574,-33,0,41,0.0
1651821576,-33,0,41,0.0
1651821578,-33,0,41,0.0
1651821580,-33,0,41,0.0
1651821582,-33,0,41,0.0
1651821584,-33,0,41,0.0
1651821586,-33,0,41,0.0
1651821588,-33,0,41,0.0
1651821590,-33,0,41,0.0
1651821592,-33,0,41,0.0
1651821594,-33,0,41,0.0
1651821596,-33,0,41,0.0
1651821598,-33,0,41,0.0
1651821600,-33,0,41,0.0
1651821602,-33,0,41,0.0
1651821604,-33,0,41,0.0
1651821606,-33,0,41,0.0
1651821608,-33,0,41,0.0
1651821610,-33,0,41,0.0
1651821612,-33,0,41,0.0
1651821614,-33,0,41,0.0
1651821616,-33,0,41,0.0
1651821618,-33,0,41,0.0
1651821620,-33,0,41,0.0
1651821622,-33,0,41,0.0
1651821624,-33,0,41,0.0
1651821626,-33,0,41,0.0
1651821628,-33,0,41,0.0
1651821630,-33,0,41,0.0
1651821632,-33,0,41,0.0
1651821634,-33,0,41,0.0
1651821636,-33,0,41,0.0
1651821638,-33,0,41,0.0
1651821640,-33,0,41,0.0
1651821642,-33,0,41,0.0
1651821644,-33,0,41,0.0
1651821646,-33,0,41,0.0
1651821648,-33,0,41,0.0
1651821650,-33,0,41,0.0
1651821652,-33,0,41,0.0
1651821654,-33,0,41,0.0
1651821656,-33,0,41,0.0
1651821658,-33,0,41,0.0
1651821660,-33,0,41,0.0
1651821662,-33,0,41,0.0
1651821664,-33,0,41,0.0
1651821666,-33,0,41,0.0
1651821668,-33,0,41,0.0
1651821670,-33,0,41,0.0
1651821672,-33,0,41,0.0
1651821674,-33,0,41,0.0
1651821676,-33,0,41,0.0
1651821678,-33,0,41,0.0
1651821680,-33,0,41,0.0
1651821682,-33,0,41,0.0
1651821684,-33,0,41,0.0
1651821686,-33,0,41,0.0
1651821688,-33,0,41,0.0
1651821690,-33,0,41,0.0
1651821692,-33,0,41,0.0
1651821694,-33,0,41,0.0
1651821696,-33,0,41,0.0
1651821698,-33,0,41,0.0
1651821700,-33,0,41,0.0
1651821702,-33,0,41,0.0
1651821704,-33,0,41,0.0
1651821706,-33,0,41,0.0
1651821708,-33,0,41,0.0
1651821710,-33,0,41,0.0
1651821712,-33,0,41,0.0
1651821714,-33,0,41,0.0
1651821716,-33,0,41,0.0
1651821718,-33,0,41,0.0
1651821720,-33,0,41,0.0
1651821722,-33,0,41,0.0
1651821724,-33,0,41,0.0
1651821726,-33,0,41,0.0
1651821728,-33,0,41,0.0
1651821730,-33,0,41,0.0
1651821732,-33,0,41,0.0
1651821734,-33,0,41,0.0
1651821736,-33,0,41,0.0
1651821738,-33,0,41,0.0
1651821740,-33,0,41,0.0
1651821742,-33,0,41,0.0
1651821744,-33,0,41,0.0
1651821746,-33,0,41,0.0
1651821748,-33,0,41,0.0
1651821750,-33,0,41,0.0
1651821752,-33,0,41,0.0
1651821754,-33,0,41,0.0
1651821756,-33,0,41,0.0
1651821758,-33,0,41,0.0
1651821760,-33,0,41,0.0
1651821762,-33,0,41,0.0
1651821764,-33,0,41,0.0
1651821766,-33,0,41,0.0
1651821768,-33,0,41,0.0
1651821770,-33,0,41,0.0
1651821772,-33,0,41,0.0
1651821774,-33,0,41,0.0
1651821776,-33,0,41,0.0
1651821778,-33,0,41,0.0
1651821780,-33,0,41,0.0
1651821782,-33,0,41,0.0
1651821784,-33,0,41,0.0
1651821786,-33,0,41,0.0
1651821788,-33,0,41,0.0
1651821790,-33,0,41,0.0
1651821792,-33,0,41,0.0
1651821794,-33,0,41,0.0
1651821796,-33,0,41,0.0
1651821798,-33,0,41,0.0
1651821800,-33,0,41,0.0
1651821802,-33,0,41,0.0
1651821804,-33,0,41,0.0
1651821806,-33,0,41,0.0
1651821808,-33,0,41,0.0
1651821810,-33,0,41,0.0
1651821812,-33,0,41,0.0
1651821814,-33,0,41,0.0
1651821816,-33,0,41,0.0
1651821818,-33,0,41,0.0
1651821820,-33,0,41,0.0
1651821822,-33,0,41,0.0
1651821824,-33,0,41,0.0
1651821826,-33,0,41,0.0
1651821828,-33,0,41,0.0
1651821830,-33,0,41,0.0
1651821832,-33,0,41,0.0
1651821834,-33,0,41,0.0
1651821836,-33,0,41,0.0
1651821838,-33,0,41,0.0
1651821840,-33,0,41,0.0
1651821842,-33,0,41,0.0
1651821844,-33,0,41,0.0
1651821846,-33,0,41,0.0
1651821848,-33,0,41,0.0
1651821850,-33,0,41,0.0
1651821852,-33,0,41,0.0
1651821854,-33,0,41,0.0
1651821856,-33,0,41,0.0
1651821858,-33,0,41,0.0
1651821860,-33,0,41,0.0
1651821862,-33,0,41,0.0
1651821864,-33,0,41,0.0
1651821866,-33,0,41,0.0
1651821868,-33,0,41,0.0
1651821870,-33,0,41,0.0
1651821872,-33,0,41,0.0
1651821874,-33,0,41,0.0
1651821876,-33,0,41,0.0
1651821878,-33,0,41,0.0
1651821880,-33,0,41,0.0
1651821882,-33,0,41,0.0
1651821884,-33,0,41,0.0
1651821886,-33,0,41,0.0
1651821888,-33,0,41,0.0
1651821890,-33,0,41,0.0
1651821892,-33,0,41,0.0
1651821894,-33,0,41,0.0
1651821896,-33,0,41,0.0
1651821898,-33,0,41,0.0
1651821900,-33,0,41,0.0
1651821902,-33,0,41,0.0
1651821904,-33,0,41,0.0
1651821906,-33,0,41,0.0
1651821908,-33,0,41,0.0
1651821910,-33,0,41,0.0
1651821912,-33,0,41,0.0
1651821914,-33,0,41,0.0
1651821916,-33,0,41,0.0
1651821918,-33,0,41,0.0
1651821921,-33,0,41,0.0
1651821923,-33,0,41,0.0
1651821925,-33,0,41,0.0
1651821927,-33,0,41,0.0
1651821929,-33,0,41,0.0
1651821931,-33,0,41,0.0
1651821933,-22,0,12,-14.5
1651821935,-21,5,10,-1.0
1651821937,-22,14,12,1.0
1651821939,-22,0,12,0.0
1651821941,-22,0,12,0.0
1651821943,-22,0,12,0.0
1651821945,-25,0,16,2.0
1651821947,-25,0,16,0.0
1651821949,-26,7,18,1.0
1651821951,-23,7,13,-2.5
1651821953,-24,11,15,1.0
1651821955,-26,7,18,1.5
1651821957,-28,7,23,2.5
1651821959,-26,12,18,-2.5
1651821961,-26,12,18,0.0
1651821963,-25,12,16,-1.0
1651821965,-27,7,21,2.5
1651821967,-25,7,16,-2.5
1651821969,-26,13,18,1.0
1651821971,-24,5,15,-1.5
1651821973,-24,13,15,0.0
1651821975,-26,13,18,1.5
1651821977,-25,12,16,-1.0
1651821979,-28,12,23,3.5
1651821981,-25,12,16,-3.5
1651821983,-24,12,15,-0.5
1651821985,-25,12,16,0.5
1651821987,-24,12,15,-0.5
1651821989,-25,12,16,0.5
1651821991,-26,7,18,1.0
1651821993,-24,7,15,-1.5
1651821995,-26,7,18,1.5
1651821997,-26,7,18,0.0
1651821999,-25,7,16,-1.0
1651822001,-27,7,21,2.5
1651822003,-26,14,18,-1.5
1651822005,-27,14,21,1.5
1651822007,-27,14,21,0.0
1651822009,-26,14,18,-1.5
1651822011,-27,14,21,1.5
1651822013,-26,14,18,-1.5
1651822015,-22,14,12,-3.0
1651822017,-26,7,18,3.0
1651822019,-25,7,16,-1.0
1651822021,-27,7,21,2.5
1651822023,-26,12,18,-1.5
1651822025,-25,6,16,-1.0
1651822027,-24,6,15,-0.5
1651822029,-24,6,15,0.0
1651822031,-24,5,15,0.0
1651822033,-25,13,16,0.5
1651822035,-25,5,16,0.0
1651822037,-27,10,21,2.5
1651822039,-29,6,26,2.5
1651822041,-28,6,23,-1.5
1651822043,-27,15,21,-1.0
1651822045,-27,6,21,0.0
1651822047,-30,7,29,4.0
1651822049,-28,14,23,-3.0
1651822051,-27,7,21,-1.0
1651822053,-28,7,23,1.0
1651822055,-27,14,21,-1.0
1651822057,-26,6,18,-1.5
1651822059,-29,7,26,4.0
1651822061,-26,13,18,-4.0
1651822063,-23,12,13,-2.5
1651822065,-24,11,15,1.0
1651822067,-27,11,21,3.0
1651822069,-26,3,18,-1.5
1651822071,-26,3,18,0.0
1651822073,-24,9,15,-1.5
1651822075,-27,3,21,3.0
1651822077,-29,3,26,2.5
1651822079,-26,6,18,-4.0
1651822081,-32,13,37,9.5
1651822083,-26,13,18,-9.5
1651822085,-32,13,37,9.5
1651822087,-28,11,23,-7.0
1651822089,-28,11,23,0.0
1651822091,-28,13,23,0.0
1651822093,-27,13,21,-1.0
1651822095,-29,13,26,2.5
1651822097,-28,6,23,-1.5
1651822099,-28,4,23,0.0
1651822101,-28,14,23,0.0
1651822103,-30,14,29,3.0
1651822105,-25,14,16,-6.5
1651822107,-29,13,26,5.0
1651822109,-32,7,37,5.5
1651822111,-29,12,26,-5.5
1651822113,-26,12,18,-4.0
1651822115,-28,6,23,2.5
1651822117,-29,12,26,1.5
1651822119,-29,15,26,0.0
1651822121,-28,13,23,-1.5
1651822123,-28,13,23,0.0
1651822125,-30,13,29,3.0
1651822127,-27,13,21,-4.0
1651822129,-27,13,21,0.0
1651822131,-26,13,18,-1.5
1651822133,-28,14,23,2.5
1651822135,-24,12,15,-4.0
1651822137,-23,12,13,-1.0
1651822139,-32,13,37,12.0
1651822141,-27,13,21,-8.0
1651822143,-26,12,18,-1.5
1651822145,-27,12,21,1.5
1651822147,-27,12,21,0.0
1651822149,-27,12,21,0.0
1651822151,-28,13,23,1.0
1651822153,-33,15,41,9.0
1651822155,-28,7,23,-9.0
1651822157,-27,12,21,-1.0
1651822159,-30,12,29,4.0
1651822161,-34,12,46,8.5
1651822163,-25,14,16,-15.0
1651822165,-35,14,52,18.0
1651822167,-28,12,23,-14.5
1651822169,-27,6,21,-1.0
1651822171,-28,12,23,1.0
1651822173,-28,12,23,0.0
1651822175,-29,13,26,1.5
1651822177,-28,13,23,-1.5
1651822179,-29,13,26,1.5
1651822181,-28,13,23,-1.5
1651822183,-31,15,33,5.0
1651822185,-30,15,29,-2.0
1651822187,-29,11,26,-1.5
1651822189,-26,12,18,-4.0
1651822191,-29,12,26,4.0
1651822193,-24,12,15,-5.5
1651822195,-32,12,37,11.0
1651822197,-31,12,33,-2.0
1651822199,-29,6,26,-3.5
1651822201,-27,11,21,-2.5
1651822203,-29,5,26,2.5
1651822205,-28,15,23,-1.5
1651822207,-30,15,29,3.0
1651822209,-29,13,26,-1.5
1651822211,-28,14,23,-1.5
1651822213,-32,14,37,7.0
1651822215,-30,13,29,-4.0
1651822217,-24,13,15,-7.0
1651822219,-25,14,16,0.5
1651822221,-28,4,23,3.5
1651822223,-25,11,16,-3.5
1651822225,-27,11,21,2.5
1651822227,-30,11,29,4.0
1651822229,-26,11,18,-5.5
1651822231,-32,11,37,9.5
1651822233,-31,5,33,-2.0
1651822235,-25,13,16,-8.5
1651822237,-27,13,21,2.5
1651822239,-30,13,29,4.0
1651822241,-31,15,33,2.0
1651822243,-25,5,16,-8.5
1651822245,-23,12,13,-1.5
1651822247,-26,5,18,2.5
1651822249,-37,11,65,23.5
1651822251,-31,11,33,-16.0
1651822253,-32,14,37,2.0
1651822255,-24,11,15,-11.0
1651822257,-26,7,18,1.5
1651822259,-31,14,33,7.5
1651822261,-28,12,23,-5.0
1651822263,-32,4,37,7.0
1651822265,-18,4,7,-15.0
1651822267,-29,4,26,9.5
1651822269,-31,9,33,3.5
1651822271,-28,12,23,-5.0
1651822273,-35,12,52,14.5
1651822275,-28,12,23,-14.5
1651822277,-26,15,18,-2.5
1651822279,-32,7,37,9.5
1651822281,-25,11,16,-10.5
1651822283,-29,6,26,5.0
1651822285,-31,7,33,3.5
1651822287,-27,7,21,-6.0
1651822289,-29,7,26,2.5
1651822291,-32,7,37,5.5
1651822293,-28,5,23,-7.0
1651822295,-28,13,23,0.0
1651822297,-28,13,23,0.0
1651822299,-28,13,23,0.0
1651822301,-30,13,29,3.0
1651822303,-28,7,23,-3.0
1651822305,-28,14,23,0.0
1651822307,-27,14,21,-1.0
1651822309,-30,15,29,4.0
1651822311,-26,14,18,-5.5
1651822313,-26,13,18,0.0
1651822315,-31,14,33,7.5
1651822317,-29,13,26,-3.5
1651822319,-30,7,29,1.5
1651822321,-29,12,26,-1.5
1651822323,-29,14,26,0.0
1651822325,-28,7,23,-1.5
1651822327,-29,12,26,1.5
1651822329,-25,11,16,-5.0
1651822331,-29,12,26,5.0
1651822333,-28,14,23,-1.5
1651822335,-27,14,21,-1.0
1651822337,-23,15,13,-4.0
1651822339,-33,14,41,14.0
1651822341,-30,14,29,-6.0
1651822343,-28,15,23,-3.0
1651822345,-30,13,29,3.0
1651822347,-28,15,23,-3.0
1651822349,-27,15,21,-1.0
1651822351,-29,15,26,2.5
1651822353,-30,15,29,1.5
1651822355,-25,15,16,-6.5
1651822357,-22,0,12,-2.0
1651822359,-22,0,12,0.0
1651822361,-22,0,12,0.0
1651822363,-22,0,12,0.0
1651822365,-22,0,12,0.0
1651822367,-22,0,12,0.0
1651822369,-22,0,12,0.0
1651822371,-22,0,12,0.0
1651822373,-22,0,12,0.0
1651822375,-22,0,12,0.0
1651822377,-22,0,12,0.0
1651822379,-22,12,12,0.0
1651822381,-22,12,12,0.0
1651822383,-22,12,12,0.0
1651822385,-22,12,12,0.0
1651822387,-22,12,12,0.0
1651822389,-22,12,12,0.0
1651822391,-22,12,12,0.0
1651822393,-22,12,12,0.0
1651822395,-22,12,12,0.0
1651822397,-22,12,12,0.0
1651822399,-22,12,12,0.0
1651822401,-22,12,12,0.0
1651822403,-22,12,12,0.0
1651822405,-22,12,12,0.0
1651822407,-22,12,12,0.0
1651825705,-23,5,13,0.0
1651825707,-27,6,21,4.0
1651825709,-27,5,21,0.0
1651825711,-25,4,16,-2.5
1651825713,-26,7,18,1.0
1651825715,-25,7,16,-1.0
1651825717,-28,7,23,3.5
1651825719,-28,11,23,0.0
1651825721,-28,11,23,0.0
1651825723,-29,11,26,1.5
1651825725,-29,11,26,0.0
1651825727,-30,11,29,1.5
1651825729,-29,11,26,-1.5
1651825731,-39,7,82,28.0
1651825733,-29,7,26,-28.0
1651825735,-30,4,29,1.5
1651825737,-29,7,26,-1.5
1651825739,-33,12,41,7.5
1651825741,-35,6,52,5.5
1651825743,-32,7,37,-7.5
1651825745,-38,7,73,18.0
1651825747,-36,7,58,-7.5
1651825749,-30,7,29,-14.5
1651825751,-30,15,29,0.0
1651825753,-28,6,23,-3.0
1651825755,-30,14,29,3.0
1651825757,-26,7,18,-5.5
1651825759,-33,12,41,11.5
1651825761,-28,5,23,-9.0
1651825763,-29,6,26,1.5
1651825765,-29,12,26,0.0
1651825767,-30,6,29,1.5
1651825769,-29,12,26,-1.5
1651825771,-28,12,23,-1.5
1651825773,-28,12,23,0.0
1651825775,-31,11,33,5.0
1651825777,-37,7,65,16.0
1651825779,-22,5,12,-26.5
1651825781,-32,5,37,12.5
1651825783,-30,5,29,-4.0
1651825785,-28,11,23,-3.0
1651825787,-28,11,23,0.0
1651825789,-23,15,13,-5.0
1651825791,-37,11,65,26.0
1651825793,-33,12,41,-12.0
1651825795,-39,13,82,20.5
1651825797,-28,14,23,-29.5
1651825799,-36,15,58,17.5
1651825801,-34,13,46,-6.0
1651825803,-31,12,33,-6.5
1651825805,-33,7,41,4.0
1651825807,-35,7,52,5.5
1651825809,-30,12,29,-11.5
1651825811,-31,12,33,2.0
1651825813,-29,12,26,-3.5
1651825815,-30,5,29,1.5
1651825817,-35,15,52,11.5
1651825819,-32,5,37,-7.5
1651825821,-39,13,82,22.5
1651825823,-36,7,58,-12.0
1651825825,-35,13,52,-3.0
1651825827,-27,12,21,-15.5
1651825829,-42,11,116,47.5
1651825831,-37,5,65,-25.5
1651825833,-36,7,58,-3.5
1651825835,-31,5,33,-12.5
1651825837,-32,7,37,2.0
1651825839,-37,7,65,14.0
1651825841,-32,6,37,-14.0
1651825843,-33,12,41,2.0
1651825845,-33,12,41,0.0
1651825847,-32,12,37,-2.0
1651825849,-31,6,33,-2.0
1651825851,-32,14,37,2.0
1651825853,-31,7,33,-2.0
1651825855,-31,12,33,0.0
1651825857,-35,10,52,9.5
1651825859,-31,7,33,-9.5
1651825861,-33,12,41,4.0
1651825863,-30,12,29,-6.0
1651825865,-37,12,65,18.0
1651825867,-35,5,52,-6.5
1651825869,-34,5,46,-3.0
1651825871,-32,7,37,-4.5
1651825873,-32,7,37,0.0
1651825875,-35,7,52,7.5
1651825877,-31,7,33,-9.5
1651825879,-30,7,29,-2.0
1651825881,-31,7,33,2.0
1651825883,-29,7,26,-3.5
1651825885,-30,5,29,1.5
1651825887,-29,5,26,-1.5
1651825889,-30,5,29,1.5
1651825891,-30,12,29,0.0
1651825893,-29,5,26,-1.5
1651825895,-30,7,29,1.5
1651825897,-29,6,26,-1.5
1651825899,-33,7,41,7.5
1651825901,-29,7,26,-7.5
1651825903,-34,15,46,10.0
1651825905,-30,15,29,-8.5
1651825907,-29,6,26,-1.5
1651825909,-31,12,33,3.5
1651825911,-34,13,46,6.5
1651825913,-38,13,73,13.5
1651825915,-34,14,46,-13.5
1651825917,-32,12,37,-4.5
1651825919,-32,12,37,0.0
1651825921,-32,6,37,0.0
1651825923,-27,13,21,-8.0
1651825925,-30,13,29,4.0
1651825927,-39,12,82,26.5
1651825929,-35,13,52,-15.0
1651825931,-31,5,33,-9.5
1651825933,-32,14,37,2.0
1651825935,-35,12,52,7.5
1651825937,-35,12,52,0.0
1651825939,-34,12,46,-3.0
1651825941,-33,5,41,-2.5
1651825943,-34,13,46,2.5
1651825945,-31,6,33,-6.5
1651825947,-33,5,41,4.0
1651825949,-37,13,65,12.0
1651825951,-34,13,46,-9.5
1651825953,-34,15,46,0.0
1651825955,-32,13,37,-4.5
1651825957,-33,13,41,2.0
1651825959,-33,15,41,0.0
1651825961,-30,7,29,-6.0
1651825963,-31,11,33,2.0
1651825965,-26,5,18,-7.5
1651825967,-29,5,26,4.0
1651825969,-34,12,46,10.0
1651825971,-32,6,37,-4.5
1651825973,-33,5,41,2.0
1651825975,-32,5,37,-2.0
1651825977,-31,6,33,-2.0
1651825979,-32,6,37,2.0
1651825981,-36,10,58,10.5
1651825983,-33,7,41,-8.5
1651825985,-31,6,33,-4.0
1651825987,-33,6,41,4.0
1651825989,-31,6,33,-4.0
1651825991,-30,7,29,-2.0
1651825993,-31,5,33,2.0
1651825995,-28,11,23,-5.0
1651825997,-31,12,33,5.0
1651825999,-34,14,46,6.5
1651826001,-32,11,37,-4.5
1651826003,-31,11,33,-2.0
1651826005,-26,7,18,-7.5
1651826007,-35,7,52,17.0
1651826009,-31,7,33,-9.5
1651826011,-36,7,58,12.5
1651826013,-34,7,46,-6.0
1651826015,-31,13,33,-6.5
1651826017,-33,13,41,4.0
1651826019,-32,13,37,-2.0
1651826021,-33,15,41,2.0
1651826023,-33,7,41,0.0
1651826025,-33,7,41,0.0
1651826027,-33,12,41,0.0
1651826029,-32,14,37,-2.0
1651826031,-30,12,29,-4.0
1651826033,-31,12,33,2.0
1651826035,-33,12,41,4.0
1651826037,-33,6,41,0.0
1651826039,-39,14,82,20.5
1651826041,-32,10,37,-22.5
1651826043,-32,11,37,0.0
1651826045,-35,10,52,7.5
1651826047,-32,6,37,-7.5
1651826049,-33,11,41,2.0
1651826051,-34,10,46,2.5
1651826053,-25,7,16,-15.0
1651826055,-32,7,37,10.5
1651826057,-33,6,41,2.0
1651826059,-34,12,46,2.5
1651826061,-33,12,41,-2.5
1651826063,-28,10,23,-9.0
1651826065,-34,4,46,11.5
1651826067,-34,12,46,0.0
1651826069,-36,12,58,6.0
1651826071,-32,12,37,-10.5
1651826073,-34,12,46,4.5
1651826075,-31,6,33,-6.5
1651826077,-31,7,33,0.0
1651826079,-33,7,41,4.0
1651826081,-27,11,21,-10.0
1651826083,-35,5,52,15.5
1651826085,-36,5,58,3.0
1651826087,-25,12,16,-21.0
1651826089,-37,7,65,24.5
1651826091,-33,7,41,-12.0
1651826093,-34,5,46,2.5
1651826095,-32,6,37,-4.5
1651826097,-32,6,37,0.0
1651826099,-34,14,46,4.5
1651826101,-34,14,46,0.0
1651826103,-32,7,37,-4.5
1651826105,-34,6,46,4.5
1651826107,-33,12,41,-2.5
1651826109,-35,12,52,5.5
1651826111,-34,11,46,-3.0
1651826113,-33,11,41,-2.5
1651826115,-35,6,52,5.5
1651826117,-34,6,46,-3.0
1651826119,-35,11,52,3.0
1651826121,-35,11,52,0.0
1651826123,-33,4,41,-5.5
1651826125,-32,11,37,-2.0
1651826127,-35,11,52,7.5
1651826129,-36,12,58,3.0
1651826131,-32,6,37,-10.5
1651826133,-33,6,41,2.0
1651826135,-37,6,65,12.0
1651826137,-38,6,73,4.0
1651826139,-34,12,46,-13.5
1651826141,-36,12,58,6.0
1651826143,-34,12,46,-6.0
1651826145,-30,14,29,-8.5
1651826147,-32,6,37,4.0
1651826149,-33,10,41,2.0
1651826151,-34,10,46,2.5
1651826153,-32,11,37,-4.5
1651826155,-34,11,46,4.5
1651826157,-34,5,46,0.0
1651826159,-33,12,41,-2.5
1651826161,-34,7,46,2.5
1651826163,-34,7,46,0.0
1651826165,-35,7,52,3.0
1651826167,-35,10,52,0.0
1651826169,-35,6,52,0.0
1651826171,-32,12,37,-7.5
1651826173,-35,12,52,7.5
1651826175,-35,11,52,0.0
1651826177,-34,6,46,-3.0
1651826179,-35,6,52,3.0
1651826181,-37,7,65,6.5
1651826183,-33,7,41,-12.0
1651826185,-37,15,65,12.0
1651826187,-32,5,37,-14.0
1651826189,-29,7,26,-5.5
1651826191,-33,7,41,7.5
1651826193,-34,7,46,2.5
1651826195,-33,7,41,-2.5
1651826197,-32,12,37,-2.0
1651826199,-33,7,41,2.0
1651826201,-33,6,41,0.0
1651826203,-31,4,33,-4.0
1651826205,-33,7,41,4.0
1651826207,-33,14,41,0.0
1651826209,-33,10,41,0.0
1651826211,-30,10,29,-6.0
1651826213,-35,10,52,11.5
1651826215,-34,10,46,-3.0
1651826217,-32,5,37,-4.5
1651826219,-34,6,46,4.5
1651826221,-36,6,58,6.0
1651826223,-32,12,37,-10.5
1651826225,-31,5,33,-2.0
1651826227,-35,4,52,9.5
1651826229,-34,5,46,-3.0
1651826231,-36,12,58,6.0
1651826233,-30,12,29,-14.5
1651826235,-36,12,58,14.5
1651826237,-35,4,52,-3.0
1651826239,-35,12,52,0.0
1651826241,-32,11,37,-7.5
1651826243,-32,7,37,0.0
1651826245,-34,7,46,4.5
1651826247,-36,7,58,6.0
1651826249,-35,7,52,-3.0
1651826251,-34,7,46,-3.0
1651826253,-36,7,58,6.0
1651826255,-31,6,33,-12.5
1651826257,-32,6,37,2.0
1651826259,-34,12,46,4.5
1651826261,-34,12,46,0.0
1651826263,-32,12,37,-4.5
1651826265,-32,5,37,0.0
1651826267,-34,5,46,4.5
1651826269,-34,4,46,0.0
1651826271,-35,7,52,3.0
1651826273,-33,7,41,-5.5
1651826275,-37,7,65,12.0
1651826277,-35,7,52,-6.5
1651826279,-35,12,52,0.0
1651826281,-37,12,65,6.5
1651826283,-34,7,46,-9.5
1651826285,-33,5,41,-2.5
1651826287,-33,12,41,0.0
1651826289,-35,11,52,5.5
1651826291,-34,7,46,-3.0
1651826293,-37,7,65,9.5
1651826295,-31,5,33,-16.0
1651826297,-31,7,33,0.0
1651826299,-33,7,41,4.0
1651826301,-34,7,46,2.5
1651826303,-36,7,58,6.0
1651826305,-34,7,46,-6.0
1651826307,-34,7,46,0.0
1651826309,-33,11,41,-2.5
1651826311,-35,6,52,5.5
1651826313,-31,5,33,-9.5
1651826315,-34,5,46,6.5
1651826317,-35,6,52,3.0
1651826319,-37,6,65,6.5
1651826321,-35,4,52,-6.5
1651826323,-32,11,37,-7.5
1651826325,-34,5,46,4.5
1651826327,-27,10,21,-12.5
1651826329,-31,9,33,6.0
1651826331,-31,15,33,0.0
1651826333,-28,7,23,-5.0
1651826335,-29,7,26,1.5
1651826337,-27,12,21,-2.5
1651826339,-31,12,33,6.0
1651826341,-31,12,33,0.0
1651826343,-33,5,41,4.0
1651826345,-33,14,41,0.0
1651826347,-26,6,18,-11.5
1651826349,-28,10,23,2.5
1651826351,-35,6,52,14.5
1651826353,-31,6,33,-9.5
1651826355,-32,5,37,2.0
1651826357,-29,6,26,-5.5
1651826359,-36,6,58,16.0
1651826361,-28,4,23,-17.5
1651826363,-29,4,26,1.5
1651826365,-30,5,29,1.5
1651826367,-30,5,29,0.0
1651826369,-30,4,29,0.0
1651826371,-30,6,29,0.0
1651826373,-23,10,13,-8.0
1651826375,-21,12,10,-1.5
1651826377,-31,7,33,11.5
1651826379,-29,7,26,-3.5
1651826381,-37,7,65,19.5
1651826383,-32,6,37,-14.0
1651826385,-30,6,29,-4.0
1651826387,-33,7,41,6.0
1651826389,-31,7,33,-4.0
1651826391,-32,7,37,2.0
1651826393,-32,6,37,0.0
1651826395,-29,7,26,-5.5
1651826397,-33,6,41,7.5
1651826399,-32,5,37,-2.0
1651826401,-34,6,46,4.5
1651826403,-34,6,46,0.0
1651826405,-32,5,37,-4.5
1651826407,-35,7,52,7.5
1651826409,-33,7,41,-5.5
1651826411,-34,7,46,2.5
1651826413,-35,7,52,3.0
1651826415,-31,7,33,-9.5
1651826417,-32,12,37,2.0
1651826419,-34,14,46,4.5
1651826421,-34,7,46,0.0
1651826423,-34,7,46,0.0
1651826425,-37,7,65,9.5
1651826427,-35,7,52,-6.5
1651826429,-35,5,52,0.0
1651826431,-32,5,37,-7.5
1651826433,-31,6,33,-2.0
1651826435,-31,5,33,0.0
1651826437,-38,3,73,20.0
1651826439,-34,6,46,-13.5
1651826441,-35,6,52,3.0
1651826443,-35,3,52,0.0
1651826445,-30,6,29,-11.5
1651826447,-34,9,46,8.5
1651826449,-34,7,46,0.0
1651826451,-34,6,46,0.0
1651826453,-34,15,46,0.0
1651826455,-30,7,29,-8.5
1651826457,-35,12,52,11.5
1651826459,-33,6,41,-5.5
1651826461,-32,7,37,-2.0
1651826463,-38,7,73,18.0
1651826465,-41,7,103,15.0
1651826467,-39,11,82,-10.5
1651826469,-46,5,184,51.0
1651826471,-39,14,82,-51.0
1651826473,-40,5,92,5.0
1651826475,-45,7,164,36.0
1651826477,-42,5,116,-24.0
1651826479,-43,7,130,7.0
1651826481,-44,7,146,8.0
1651826483,-43,12,130,-8.0
1651826485,-42,6,116,-7.0
1651826487,-42,7,116,0.0
1651826489,-40,6,92,-12.0
1651826491,-44,11,146,27.0
1651826493,-43,7,130,-8.0
1651826495,-43,6,130,0.0
1651826497,-43,6,130,0.0
1651826499,-46,6,184,27.0
1651826501,-44,6,146,-19.0
1651826503,-40,7,92,-27.0
1651826505,-41,10,103,5.5
1651826507,-43,5,130,13.5
1651826509,-45,6,164,17.0
1651826511,-40,5,92,-36.0
1651826513,-44,12,146,27.0
1651826515,-44,5,146,0.0
1651826517,-40,5,92,-27.0
1651826519,-46,5,184,46.0
1651826521,-44,7,146,-19.0
1651826523,-47,7,206,30.0
1651826525,-66,4,1835,814.5
1651826527,-48,14,231,-802.0
1651826529,-48,6,231,0.0
1651826531,-51,6,326,47.5
1651826533,-47,6,206,-60.0
1651826535,-49,6,259,26.5
1651826537,-46,6,184,-37.5
1651826539,-49,10,259,37.5
1651826541,-45,10,164,-47.5
1651826543,-46,10,184,10.0
1651826545,-52,12,366,91.0
1651826547,-49,12,259,-53.5
1651826549,-51,5,326,33.5
1651826551,-46,5,184,-71.0
1651826553,-50,7,291,53.5
1651826555,-50,5,291,0.0
1651826557,-49,7,259,-16.0
1651826559,-45,5,164,-47.5
1651826561,-45,6,164,0.0
1651826563,-46,7,184,10.0
1651826565,-45,7,164,-10.0
1651826567,-46,5,184,10.0
1651826569,-45,6,164,-10.0
1651826571,-42,6,116,-24.0
1651826573,-44,12,146,15.0
1651826575,-44,7,146,0.0
1651826577,-44,7,146,0.0
1651826579,-43,7,130,-8.0
1651826581,-42,6,116,-7.0
1651826583,-40,6,92,-12.0
1651826585,-43,7,130,19.0
1651826587,-45,6,164,17.0
1651826589,-55,7,517,176.5
1651826591,-55,6,517,0.0
1651826593,-56,6,580,31.5
1651826595,-56,11,580,0.0
1651826597,-78,6,7307,3363.5
1651826599,-44,6,146,-3580.5
1651826601,-44,11,146,0.0
1651826603,-44,6,146,0.0
1651826605,-48,6,231,42.5
1651826607,-49,5,259,14.0
1651826609,-50,6,291,16.0
1651826611,-50,5,291,0.0
1651826613,-51,6,326,17.5
1651826615,-50,5,291,-17.5
1651826617,-49,7,259,-16.0
1651826619,-47,5,206,-26.5
1651826621,-49,7,259,26.5
1651826623,-49,6,259,0.0
1651826625,-47,7,206,-26.5
1651826627,-47,7,206,0.0
1651826629,-52,5,366,80.0
1651826631,-51,7,326,-20.0
1651826633,-51,7,326,0.0
1651826635,-46,11,184,-71.0
1651826637,-44,7,146,-19.0
1651826639,-48,7,231,42.5
1651826641,-45,7,164,-33.5
1651826643,-48,7,231,33.5
1651826645,-45,11,164,-33.5
1651826647,-46,6,184,10.0
1651826649,-48,7,231,23.5
1651826651,-44,6,146,-42.5
1651826653,-48,5,231,42.5
1651826655,-44,6,146,-42.5
1651826657,-48,6,231,42.5
1651826659,-46,7,184,-23.5
1651826661,-50,7,291,53.5
1651826663,-49,6,259,-16.0
1651826665,-51,6,326,33.5
1651826667,-50,6,291,-17.5
1651826669,-49,6,259,-16.0
1651826671,-50,6,291,16.0
1651826673,-49,6,259,-16.0
1651826675,-48,5,231,-14.0
1651826677,-46,7,184,-23.5
1651826679,-49,6,259,37.5
1651826681,-50,6,291,16.0
1651826683,-50,6,291,0.0
1651826685,-50,7,291,0.0
1651826687,-51,7,326,17.5
1651826689,-47,7,206,-60.0
1651826691,-50,7,291,42.5
1651826693,-50,7,291,0.0
1651826695,-50,7,291,0.0
1651826697,-50,4,291,0.0
1651826699,-51,7,326,17.5
1651826701,-47,11,206,-60.0
1651826703,-46,6,184,-11.0
1651826705,-46,6,184,0.0
1651826707,-48,7,231,23.5
1651826709,-46,6,184,-23.5
1651826711,-48,7,231,23.5
1651826713,-46,7,184,-23.5
1651826715,-48,7,231,23.5
1651826717,-48,11,231,0.0
1651826719,-50,7,291,30.0
1651826721,-48,7,231,-30.0
1651826723,-43,7,130,-50.5
1651826725,-50,7,291,80.5
1651826727,-48,7,231,-30.0
1651826729,-51,7,326,47.5
1651826731,-48,5,231,-47.5
1651826733,-50,7,291,30.0
1651826735,-51,7,326,17.5
1651826737,-51,7,326,0.0
1651826739,-46,6,184,-71.0
1651826741,-48,7,231,23.5
1651826743,-48,5,231,0.0
1651826745,-42,6,116,-57.5
1651826747,-43,7,130,7.0
1651826749,-47,7,206,38.0
1651826751,-46,7,184,-11.0
1651826753,-46,7,184,0.0
1651826755,-47,5,206,11.0
1651826757,-48,7,231,12.5
1651826759,-48,7,231,0.0
1651826761,-46,7,184,-23.5
1651826763,-44,7,146,-19.0
1651826765,-49,5,259,56.5
1651826767,-47,6,206,-26.5
1651826769,-51,13,326,60.0
1651826772,-51,7,326,0.0
1651826774,-48,6,231,-47.5
1651826776,-50,6,291,30.0
1651826778,-49,6,259,-16.0
1651826780,-50,7,291,16.0
1651826782,-51,5,326,17.5
1651826784,-50,7,291,-17.5
1651826786,-50,7,291,0.0
1651826788,-50,6,291,0.0
1651826790,-51,6,326,17.5
1651826792,-52,6,366,20.0
1651826794,-52,4,366,0.0
1651826796,-50,5,291,-37.5
1651826798,-51,6,326,17.5
1651826800,-49,5,259,-33.5
1651826802,-48,5,231,-14.0
1651826804,-49,13,259,14.0
1651826806,-49,6,259,0.0
1651826808,-49,6,259,0.0
1651826810,-48,7,231,-14.0
1651826812,-47,6,206,-12.5
1651826814,-49,7,259,26.5
1651826816,-49,7,259,0.0
1651826818,-47,7,206,-26.5
1651826820,-50,7,291,42.5
1651826822,-48,7,231,-30.0
1651826824,-50,7,291,30.0
1651826826,-52,5,366,37.5
1651826828,-50,7,291,-37.5
1651826830,-50,7,291,0.0
1651826832,-50,11,291,0.0
1651826834,-49,5,259,-16.0
1651826836,-51,10,326,33.5
1651826838,-52,10,366,20.0
1651826840,-43,6,130,-118.0
1651826842,-48,7,231,50.5
1651826844,-51,7,326,47.5
1651826846,-51,5,326,0.0
1651826848,-49,12,259,-33.5
1651826850,-51,5,326,33.5
1651826852,-49,5,259,-33.5
1651826854,-53,6,411,76.0
1651826856,-47,14,206,-102.5
1651826858,-52,7,366,80.0
1651826860,-53,7,411,22.5
1651826862,-51,6,326,-42.5
1651826864,-47,6,206,-60.0
1651826866,-48,6,231,12.5
1651826868,-48,7,231,0.0
1651826870,-48,7,231,0.0
1651826872,-47,7,206,-12.5
1651826874,-47,7,206,0.0
1651826876,-45,7,164,-21.0
1651826878,-47,6,206,21.0
1651826880,-45,5,164,-21.0
1651826882,-45,6,164,0.0
1651826884,-43,6,130,-17.0
1651826886,-42,6,116,-7.0
1651826888,-46,5,184,34.0
1651826890,-45,5,164,-10.0
1651826892,-44,11,146,-9.0
1651826894,-41,7,103,-21.5
1651826896,-36,7,58,-22.5
1651826898,-40,7,92,17.0
1651826900,-41,7,103,5.5
1651826902,-41,7,103,0.0
1651826904,-39,5,82,-10.5
1651826906,-42,6,116,17.0
1651826908,-40,6,92,-12.0
1651826910,-38,7,73,-9.5
1651826912,-34,7,46,-13.5
1651826914,-41,7,103,28.5
1651826916,-32,7,37,-33.0
1651826918,-32,7,37,0.0
1651826920,-31,6,33,-2.0
1651826922,-33,4,41,4.0
1651826924,-36,11,58,8.5
1651826926,-42,6,116,29.0
1651826928,-39,15,82,-17.0
1651826930,-34,11,46,-18.0
1651826932,-32,7,37,-4.5
1651826934,-34,7,46,4.5
1651826936,-34,7,46,0.0
1651826938,-41,7,103,28.5
1651826940,-47,7,206,51.5
1651826942,-50,7,291,42.5
1651826944,-50,4,291,0.0
1651826946,-57,7,651,180.0
1651826948,-58,5,731,40.0
1651826950,-56,5,580,-75.5
1651826952,-57,6,651,35.5
1651826954,-57,5,651,0.0
1651826956,-57,12,651,0.0
1651826958,-58,11,731,40.0
1651826960,-48,11,231,-250.0
1651826962,-45,7,164,-33.5
1651826964,-44,7,146,-9.0
1651826966,-41,12,103,-21.5
1651826968,-41,6,103,0.0
1651826970,-35,5,52,-25.5
1651826972,-42,6,116,32.0
1651826974,-33,5,41,-37.5
1651826976,-34,6,46,2.5
1651826978,-34,7,46,0.0
1651826980,-28,7,23,-11.5
1651826982,-27,7,21,-1.0
1651826984,-40,7,92,35.5
1651826986,-25,7,16,-38.0
1651826988,-29,5,26,5.0
1651826990,-27,4,21,-2.5
1651826992,-28,4,23,1.0
1651826994,-29,10,26,1.5
1651826996,-30,10,29,1.5
1651826998,-27,6,21,-4.0
1651827000,-27,12,21,0.0
1651827002,-33,6,41,10.0
1651827004,-33,12,41,0.0
1651827006,-32,0,37,-2.0
1651827008,-28,10,23,-7.0
1651827010,-27,9,21,-1.0
1651827012,-26,6,18,-1.5
1651827014,-29,7,26,4.0
1651827016,-30,7,29,1.5
1651827018,-29,7,26,-1.5
1651827020,-26,7,18,-4.0
1651827022,-30,13,29,5.5
1651827024,-28,13,23,-3.0
1651827026,-29,13,26,1.5
1651827028,-27,13,21,-2.5
1651827030,-29,7,26,2.5
1651827032,-31,13,33,3.5
1651827034,-30,14,29,-2.0
1651827036,-33,14,41,6.0
1651827038,-32,13,37,-2.0
1651827040,-29,13,26,-5.5
1651827042,-31,13,33,3.5
1651827044,-30,14,29,-2.0
1651827046,-32,12,37,4.0
1651827048,-31,14,33,-2.0
1651827050,-27,2,21,-6.0
1651827052,-23,2,13,-4.0
1651827054,-32,6,37,12.0
1651827056,-32,6,37,0.0
1651827058,-32,6,37,0.0
1651827060,-31,6,33,-2.0
1651827062,-29,5,26,-3.5
1651827064,-28,6,23,-1.5
1651827066,-29,11,26,1.5
1651827068,-29,1,26,0.0
1651827070,-29,6,26,0.0
1651827072,-28,12,23,-1.5
1651827074,-28,12,23,0.0
1651827076,-27,7,21,-1.0
1651827078,-28,7,23,1.0
1651827080,-29,3,26,1.5
1651827082,-29,12,26,0.0
1651827084,-27,12,21,-2.5
1651827086,-31,5,33,6.0
1651827088,-30,12,29,-2.0
1651827090,-29,11,26,-1.5
1651827092,-29,10,26,0.0
1651827094,-30,11,29,1.5
1651827096,-29,12,26,-1.5
1651827098,-29,12,26,0.0
1651827100,-29,7,26,0.0
1651827102,-30,6,29,1.5
1651827104,-30,12,29,0.0
1651827106,-29,12,26,-1.5
1651827108,-30,12,29,1.5
1651827110,-28,12,23,-3.0
1651827112,-27,11,21,-1.0
1651827114,-29,7,26,2.5
1651827116,-28,12,23,-1.5
1651827118,-23,12,13,-5.0
1651827120,-30,6,29,8.0
1651827122,-29,6,26,-1.5
1651827124,-30,12,29,1.5
1651827126,-26,12,18,-5.5
1651827128,-29,12,26,4.0
1651827130,-33,12,41,7.5
1651827132,-34,7,46,2.5
1651827134,-28,7,23,-11.5
1651827136,-29,12,26,1.5
1651827138,-28,7,23,-1.5
1651827140,-28,7,23,0.0
1651827142,-33,7,41,9.0
1651827144,-28,12,23,-9.0
1651827146,-28,12,23,0.0
1651827148,-30,5,29,3.0
1651827150,-29,7,26,-1.5
1651827152,-24,12,15,-5.5
1651827154,-30,12,29,7.0
1651827156,-30,12,29,0.0
1651827158,-29,7,26,-1.5
1651827160,-28,11,23,-1.5
1651827162,-31,5,33,5.0
1651827164,-28,5,23,-5.0
1651827166,-29,11,26,1.5
1651827168,-31,11,33,3.5
1651827170,-28,11,23,-5.0
1651827172,-28,12,23,0.0
1651827174,-26,11,18,-2.5
1651827176,-31,12,33,7.5
1651827178,-28,6,23,-5.0
1651827180,-30,12,29,3.0
1651827182,-25,10,16,-6.5
1651827184,-29,12,26,5.0
1651827186,-28,12,23,-1.5
1651827188,-28,12,23,0.0
1651827190,-28,10,23,0.0
1651827192,-32,12,37,7.0
1651827194,-28,0,23,-7.0
1651827196,-29,12,26,1.5
1651827198,-25,12,16,-5.0
1651827200,-33,12,41,12.5
1651827202,-29,12,26,-7.5
1651827204,-29,12,26,0.0
1651827206,-28,12,23,-1.5
1651827208,-35,10,52,14.5
1651827210,-30,7,29,-11.5
1651827212,-28,7,23,-3.0
1651827214,-30,7,29,3.0
1651827216,-29,15,26,-1.5
1651827218,-30,7,29,1.5
1651827220,-30,4,29,0.0
1651827222,-32,1,37,4.0
1651827224,-29,5,26,-5.5
1651827226,-29,12,26,0.0
1651827228,-30,12,29,1.5
1651827230,-29,12,26,-1.5
1651827232,-28,12,23,-1.5
1651827234,-30,7,29,3.0
1651827236,-26,7,18,-5.5
1651827238,-28,7,23,2.5
1651827240,-27,6,21,-1.0
1651827242,-30,7,29,4.0
1651827244,-27,7,21,-4.0
1651827246,-24,4,15,-3.0
1651827248,-30,5,29,7.0
1651827250,-28,11,23,-3.0
1651827252,-27,6,21,-1.0
1651827254,-30,5,29,4.0
1651827256,-29,5,26,-1.5
1651827258,-29,5,26,0.0
1651827260,-31,6,33,3.5
1651827262,-33,6,41,4.0
1651827264,-28,4,23,-9.0
1651827266,-29,10,26,1.5
1651827268,-28,5,23,-1.5
1651827270,-26,10,18,-2.5
1651827272,-29,12,26,4.0
1651827274,-29,12,26,0.0
1651827276,-29,12,26,0.0
1651827278,-29,12,26,0.0
1651827280,-27,10,21,-2.5
1651827282,-31,12,33,6.0
1651827284,-31,12,33,0.0
1651827286,-30,12,29,-2.0
1651827288,-28,12,23,-3.0
1651827290,-29,12,26,1.5
1651827292,-28,7,23,-1.5
1651827294,-30,6,29,3.0
1651827296,-28,12,23,-3.0
1651827298,-30,5,29,3.0
1651827300,-31,12,33,2.0
1651827302,-28,5,23,-5.0
1651827304,-29,7,26,1.5
1651827306,-28,7,23,-1.5
1651827308,-29,10,26,1.5
1651827310,-27,10,21,-2.5
1651827312,-28,12,23,1.0
1651827314,-30,5,29,3.0
1651827316,-33,11,41,6.0
1651827318,-29,12,26,-7.5
1651827320,-31,12,33,3.5
1651827322,-33,7,41,4.0
1651827324,-32,7,37,-2.0
1651827326,-29,11,26,-5.5
1651827328,-31,11,33,3.5
1651827330,-29,5,26,-3.5
1651827332,-30,11,29,1.5
1651827334,-30,5,29,0.0
1651827336,-30,5,29,0.0
1651827338,-30,12,29,0.0
1651827340,-32,12,37,4.0
1651827342,-29,10,26,-5.5
1651827344,-28,6,23,-1.5
1651827346,-28,6,23,0.0
1651827348,-27,12,21,-1.0
1651827350,-30,6,29,4.0
1651827352,-28,12,23,-3.0
1651827354,-32,6,37,7.0
1651827356,-29,12,26,-5.5
1651827358,-32,6,37,5.5
1651827360,-33,4,41,2.0
1651827362,-29,6,26,-7.5
1651827364,-32,6,37,5.5
1651827366,-28,14,23,-7.0
1651827368,-27,6,21,-1.0
1651827370,-28,5,23,1.0
1651827372,-27,11,21,-1.0
1651827374,-29,10,26,2.5
1651827376,-28,6,23,-1.5
1651827378,-29,12,26,1.5
1651827380,-29,12,26,0.0
1651827382,-24,11,15,-5.5
1651827384,-33,12,41,13.0
1651827386,-32,12,37,-2.0
1651827388,-31,12,33,-2.0
1651827390,-29,12,26,-3.5
1651827392,-28,10,23,-1.5
1651827394,-28,7,23,0.0
1651827396,-33,7,41,9.0
1651827398,-25,12,16,-12.5
1651827400,-24,5,15,-0.5
1651827402,-30,5,29,7.0
1651827404,-24,5,15,-7.0
1651827406,-29,12,26,5.5
1651827408,-35,12,52,13.0
1651827410,-29,12,26,-13.0
1651827412,-26,12,18,-4.0
1651827414,-28,11,23,2.5
1651827416,-29,7,26,1.5
1651827418,-27,7,21,-2.5
1651827420,-29,7,26,2.5
1651827422,-25,12,16,-5.0
1651827424,-28,7,23,3.5
1651827426,-28,6,23,0.0
1651827428,-30,7,29,3.0
1651827430,-31,6,33,2.0
1651827432,-31,5,33,0.0
1651827434,-29,7,26,-3.5
1651827436,-29,7,26,0.0
1651827438,-28,7,23,-1.5
1651827440,-28,7,23,0.0
1651827442,-28,7,23,0.0
1651827444,-30,4,29,3.0
1651827446,-29,12,26,-1.5
1651827448,-28,12,23,-1.5
1651827450,-29,7,26,1.5
1651827452,-28,11,23,-1.5
1651827454,-28,6,23,0.0
1651827456,-33,6,41,9.0
1651827458,-29,11,26,-7.5
1651827460,-28,5,23,-1.5
1651827462,-27,6,21,-1.0
1651827464,-28,7,23,1.0
1651827466,-29,5,26,1.5
1651827468,-32,12,37,5.5
1651827470,-28,12,23,-7.0
1651827472,-28,12,23,0.0
1651827474,-33,12,41,9.0
1651827476,-31,12,33,-4.0
1651827478,-30,12,29,-2.0
1651827480,-28,12,23,-3.0
1651827482,-28,10,23,0.0
1651827484,-22,12,12,-5.5
1651827486,-26,12,18,3.0
1651827488,-29,11,26,4.0
1651827490,-24,11,15,-5.5
1651827492,-34,6,46,15.5
1651827494,-30,11,29,-8.5
1651827496,-29,7,26,-1.5
1651827498,-29,12,26,0.0
1651827500,-26,12,18,-4.0
1651827502,-32,12,37,9.5
1651827504,-29,12,26,-5.5
1651827506,-34,12,46,10.0
1651827508,-29,7,26,-10.0
1651827510,-29,7,26,0.0
1651827512,-31,4,33,3.5
1651827514,-30,10,29,-2.0
1651827516,-28,5,23,-3.0
1651827518,-29,12,26,1.5
1651827520,-29,12,26,0.0
1651827522,-29,12,26,0.0
1651827524,-30,13,29,1.5
1651827526,-33,12,41,6.0
1651827528,-27,6,21,-10.0
1651827530,-28,12,23,1.0
1651827532,-34,10,46,11.5
1651827534,-34,6,46,0.0
1651827536,-31,6,33,-6.5
1651827538,-28,12,23,-5.0
1651827540,-27,12,21,-1.0
1651827542,-29,12,26,2.5
1651827544,-30,6,29,1.5
1651827546,-27,7,21,-4.0
1651827548,-24,7,15,-3.0
1651827550,-28,7,23,4.0
1651827552,-30,7,29,3.0
1651827554,-30,6,29,0.0
1651827556,-23,3,13,-8.0
1651827558,-33,12,41,14.0
1651827560,-31,11,33,-4.0
1651827562,-30,6,29,-2.0
1651827564,-29,6,26,-1.5
1651827566,-30,6,29,1.5
1651827568,-24,6,15,-7.0
1651827570,-34,6,46,15.5
1651827572,-34,6,46,0.0
1651827574,-28,15,23,-11.5
1651827576,-34,6,46,11.5
1651827578,-29,7,26,-10.0
1651827580,-29,7,26,0.0
1651827582,-29,7,26,0.0
1651827584,-28,7,23,-1.5
1651827586,-30,7,29,3.0
1651827588,-29,12,26,-1.5
1651827590,-29,12,26,0.0
1651827592,-28,12,23,-1.5
1651827594,-31,7,33,5.0
1651827596,-29,7,26,-3.5
1651827598,-29,12,26,0.0
1651827600,-34,12,46,10.0
1651827602,-28,7,23,-11.5
1651827604,-29,6,26,1.5
1651827606,-29,10,26,0.0
1651827608,-32,6,37,5.5
1651827610,-26,6,18,-9.5
1651827612,-29,12,26,4.0
1651827614,-29,12,26,0.0
1651827616,-28,12,23,-1.5
1651827618,-29,6,26,1.5
1651827620,-32,5,37,5.5
1651827622,-23,11,13,-12.0
1651827624,-29,12,26,6.5
1651827626,-30,12,29,1.5
1651827628,-28,6,23,-3.0
1651827630,-28,12,23,0.0
1651827632,-29,12,26,1.5
1651827634,-33,12,41,7.5
1651827636,-30,12,29,-6.0
1651827638,-33,12,41,6.0
1651827640,-27,12,21,-10.0
1651827642,-31,6,33,6.0
1651827644,-28,6,23,-5.0
1651827646,-29,6,26,1.5
1651827648,-28,7,23,-1.5
1651827650,-34,7,46,11.5
1651827652,-28,7,23,-11.5
1651827654,-29,7,26,1.5
1651827656,-27,12,21,-2.5
1651827658,-22,12,12,-4.5
1651827660,-32,12,37,12.5
1651827662,-30,12,29,-4.0
1651827664,-28,12,23,-3.0
1651827666,-29,11,26,1.5
1651827668,-27,12,21,-2.5
1651827670,-29,11,26,2.5
1651827672,-30,12,29,1.5
1651827674,-29,11,26,-1.5
1651827676,-27,11,21,-2.5
1651827678,-26,11,18,-1.5
1651827680,-33,5,41,11.5
1651827682,-27,5,21,-10.0
1651827684,-30,7,29,4.0
1651827686,-26,2,18,-5.5
1651827688,-29,12,26,4.0
1651827690,-28,12,23,-1.5
1651827692,-30,11,29,3.0
1651827694,-28,15,23,-3.0
1651827696,-30,6,29,3.0
1651827698,-28,2,23,-3.0
1651827700,-30,2,29,3.0
1651827702,-29,7,26,-1.5
1651827704,-27,10,21,-2.5
1651827706,-28,7,23,1.0
1651827708,-29,7,26,1.5
1651827710,-22,7,12,-7.0
1651827712,-35,7,52,20.0
1651827714,-28,7,23,-14.5
1651827716,-27,12,21,-1.0
1651827718,-30,12,29,4.0
1651827720,-29,12,26,-1.5
1651827722,-30,12,29,1.5
1651827724,-29,7,26,-1.5
1651827726,-29,12,26,0.0
1651827728,-30,12,29,1.5
1651827730,-28,12,23,-3.0
1651827732,-31,7,33,5.0
1651827734,-32,10,37,2.0
1651827736,-29,12,26,-5.5
1651827738,-29,2,26,0.0
1651827740,-29,11,26,0.0
1651827742,-28,10,23,-1.5
1651827744,-30,7,29,3.0
1651827746,-28,10,23,-3.0
1651827748,-26,7,18,-2.5
1651827750,-30,7,29,5.5
1651827752,-29,6,26,-1.5
1651827754,-30,6,29,1.5
1651827756,-30,6,29,0.0
1651827758,-30,10,29,0.0
1651827760,-28,6,23,-3.0
1651827762,-29,6,26,1.5
1651827764,-27,7,21,-2.5
1651827766,-30,12,29,4.0
1651827768,-29,7,26,-1.5
1651827770,-28,6,23,-1.5
1651827772,-28,7,23,0.0
1651827774,-28,12,23,0.0
1651827776,-26,7,18,-2.5
1651827778,-25,7,16,-1.0
1651827780,-34,7,46,15.0
1651827782,-29,7,26,-10.0
1651827784,-29,7,26,0.0
1651827786,-30,12,29,1.5
1651827788,-28,4,23,-3.0
1651827790,-28,12,23,0.0
1651827792,-28,12,23,0.0
1651827794,-28,12,23,0.0
1651827796,-33,12,41,9.0
1651827798,-31,12,33,-4.0
1651827800,-29,4,26,-3.5
1651827802,-33,7,41,7.5
1651827804,-27,11,21,-10.0
1651827806,-30,6,29,4.0
1651827808,-26,7,18,-5.5
1651827810,-29,7,26,4.0
1651827812,-29,6,26,0.0
1651827814,-29,7,26,0.0
1651827816,-29,5,26,0.0
1651827818,-25,11,16,-5.0
1651827820,-28,6,23,3.5
1651827822,-27,6,21,-1.0
1651827824,-35,11,52,15.5
1651827826,-25,11,16,-18.0
1651827828,-28,11,23,3.5
1651827830,-28,6,23,0.0
1651827832,-32,5,37,7.0
1651827834,-32,11,37,0.0
1651827836,-29,11,26,-5.5
1651827838,-32,7,37,5.5
1651827840,-29,7,26,-5.5
1651827842,-30,7,29,1.5
1651827844,-32,11,37,4.0
1651827846,-30,7,29,-4.0
1651827848,-30,12,29,0.0
1651827850,-34,7,46,8.5
1651827852,-26,10,18,-14.0
1651827854,-31,7,33,7.5
1651827856,-29,7,26,-3.5
1651827858,-29,5,26,0.0
1651827860,-29,5,26,0.0
1651827862,-30,12,29,1.5
1651827864,-26,5,18,-5.5
1651827866,-31,12,33,7.5
1651827868,-26,12,18,-7.5
1651827870,-29,5,26,4.0
1651827872,-29,7,26,0.0
1651827874,-28,9,23,-1.5
1651827876,-29,6,26,1.5
1651827878,-28,6,23,-1.5
1651827880,-29,6,26,1.5
1651827882,-30,11,29,1.5
1651827884,-26,5,18,-5.5
1651827886,-28,6,23,2.5
1651827888,-28,6,23,0.0
1651827890,-32,6,37,7.0
1651827892,-28,6,23,-7.0
1651827894,-31,5,33,5.0
1651827896,-33,11,41,4.0
1651827898,-28,11,23,-9.0
1651827900,-32,5,37,7.0
1651827902,-28,11,23,-7.0
1651827904,-25,12,16,-3.5
1651827906,-32,6,37,10.5
1651827908,-37,6,65,14.0
1651827910,-28,5,23,-21.0
1651827912,-27,7,21,-1.0
1651827914,-30,6,29,4.0
1651827916,-31,6,33,2.0
1651827918,-28,7,23,-5.0
1651827920,-28,6,23,0.0
1651827922,-28,7,23,0.0
1651827924,-30,7,29,3.0
1651827926,-30,7,29,0.0
1651827928,-28,7,23,-3.0
1651827930,-26,5,18,-2.5
1651827932,-29,6,26,4.0
1651827934,-27,6,21,-2.5
1651827936,-30,6,29,4.0
1651827938,-28,7,23,-3.0
1651827940,-29,11,26,1.5
1651827942,-25,7,16,-5.0
1651827944,-33,5,41,12.5
1651827946,-31,5,33,-4.0
1651827948,-30,5,29,-2.0
1651827950,-30,11,29,0.0
1651827952,-23,11,13,-8.0
1651827954,-30,7,29,8.0
1651827956,-28,10,23,-3.0
1651827958,-33,4,41,9.0
1651827960,-28,12,23,-9.0
1651827962,-24,10,15,-4.0
1651827964,-28,7,23,4.0
1651827966,-30,12,29,3.0
1651827968,-28,12,23,-3.0
1651827970,-30,11,29,3.0
1651827972,-28,6,23,-3.0
1651827974,-29,6,26,1.5
1651827976,-27,6,21,-2.5
1651827978,-29,12,26,2.5
1651827980,-27,6,21,-2.5
1651827982,-30,6,29,4.0
1651827984,-31,4,33,2.0
1651827986,-28,6,23,-5.0
1651827988,-30,7,29,3.0
1651827990,-29,13,26,-1.5
1651827992,-34,7,46,10.0
1651827994,-29,7,26,-10.0
1651827996,-29,11,26,0.0
1651827998,-29,12,26,0.0
1651828000,-31,11,33,3.5
1651828002,-23,6,13,-10.0
1651828004,-29,10,26,6.5
1651828006,-32,5,37,5.5
1651828008,-27,5,21,-8.0
1651828010,-30,11,29,4.0
1651828012,-28,5,23,-3.0
1651828014,-28,12,23,0.0
1651828016,-28,5,23,0.0
1651828018,-28,12,23,0.0
1651828020,-33,12,41,9.0
1651828022,-28,12,23,-9.0
1651828024,-31,6,33,5.0
1651828026,-30,11,29,-2.0
1651828028,-29,5,26,-1.5
1651828030,-30,5,29,1.5
1651828032,-32,5,37,4.0
1651828034,-28,5,23,-7.0
1651828036,-28,7,23,0.0
1651828038,-29,7,26,1.5
1651828040,-31,7,33,3.5
1651828042,-30,7,29,-2.0
1651828044,-30,5,29,0.0
1651828046,-29,5,26,-1.5
1651828048,-31,5,33,3.5
1651828050,-32,11,37,2.0
1651828052,-25,11,16,-10.5
1651828054,-31,6,33,8.5
1651828057,-31,9,33,0.0
1651828059,-28,9,23,-5.0
1651828061,-29,4,26,1.5
1651828063,-28,4,23,-1.5
1651828065,-27,6,21,-1.0
1651828067,-28,15,23,1.0
1651828069,-28,6,23,0.0
1651828071,-28,6,23,0.0
1651828073,-29,6,26,1.5
1651828075,-30,6,29,1.5
1651828077,-26,11,18,-5.5
1651828079,-29,6,26,4.0
1651828081,-30,6,29,1.5
1651828083,-28,6,23,-3.0
1651828085,-29,12,26,1.5
1651828087,-30,10,29,1.5
1651828089,-28,7,23,-3.0
1651828091,-28,5,23,0.0
1651828093,-31,7,33,5.0
1651828095,-29,7,26,-3.5
1651828097,-28,12,23,-1.5
1651828099,-30,11,29,3.0
1651828101,-29,11,26,-1.5
1651828103,-25,11,16,-5.0
1651828105,-33,11,41,12.5
1651828107,-29,9,26,-7.5
1651828109,-29,11,26,0.0
1651828111,-23,12,13,-6.5
1651828113,-30,12,29,8.0
1651828115,-31,6,33,2.0
1651828117,-32,12,37,2.0
1651828119,-29,5,26,-5.5
1651828121,-31,6,33,3.5
1651828123,-31,4,33,0.0
1651828125,-29,12,26,-3.5
1651828127,-29,12,26,0.0
1651828129,-31,12,33,3.5
1651828131,-29,7,26,-3.5
1651828133,-29,12,26,0.0
1651828135,-28,7,23,-1.5
1651828137,-27,7,21,-1.0
1651828139,-29,7,26,2.5
1651828141,-27,11,21,-2.5
1651828143,-23,6,13,-4.0
1651828145,-28,6,23,5.0
1651828147,-29,7,26,1.5
1651828149,-32,12,37,5.5
1651828151,-28,6,23,-7.0
1651828153,-33,6,41,9.0
1651828155,-30,11,29,-6.0
1651828157,-29,5,26,-1.5
1651828159,-30,5,29,1.5
1651828161,-27,5,21,-4.0
1651828163,-28,5,23,1.0
1651828165,-34,6,46,11.5
1651828167,-34,11,46,0.0
1651828169,-44,11,146,50.0
1651828171,-43,5,130,-8.0
1651828173,-48,5,231,50.5
1651828175,-53,5,411,90.0
1651828177,-51,7,326,-42.5
1651828179,-52,13,366,20.0
1651828181,-52,9,366,0.0
1651828183,-54,11,461,47.5
1651828185,-53,11,411,-25.0
1651828187,-55,9,517,53.0
1651828189,-58,5,731,107.0
1651828191,-55,10,517,-107.0
1651828193,-59,10,820,151.5
1651828195,-55,5,517,-151.5
1651828197,-60,4,920,201.5
1651828199,-57,4,651,-134.5
1651828201,-54,4,461,-95.0
1651828203,-52,4,366,-47.5
1651828205,-59,13,820,227.0
1651828207,-53,4,411,-204.5
1651828209,-54,5,461,25.0
1651828211,-52,12,366,-47.5
1651828213,-49,12,259,-53.5
1651828215,-55,5,517,129.0
1651828217,-53,7,411,-53.0
1651828219,-56,5,580,84.5
1651828221,-46,7,184,-198.0
1651828223,-54,7,461,138.5
1651828225,-51,7,326,-67.5
1651828227,-57,5,651,162.5
1651828229,-55,11,517,-67.0
1651828231,-55,11,517,0.0
1651828233,-54,11,461,-28.0
1651828235,-54,12,461,0.0
1651828237,-54,11,461,0.0
1651828239,-55,11,517,28.0
1651828241,-53,6,411,-53.0
1651828243,-54,6,461,25.0
1651828245,-55,10,517,28.0
1651828247,-53,10,411,-53.0
1651828249,-56,6,580,84.5
1651828251,-54,4,461,-59.5
1651828253,-56,5,580,59.5
1651828255,-54,5,461,-59.5
1651828257,-55,4,517,28.0
1651828259,-51,4,326,-95.5
1651828261,-51,10,326,0.0
1651828263,-53,6,411,42.5
1651828265,-52,11,366,-22.5
1651828267,-50,12,291,-37.5
1651828269,-51,5,326,17.5
1651828271,-80,12,9198,4436.0
1651828273,-49,12,259,-4469.5
1651828275,-44,12,146,-56.5
1651828277,-44,5,146,0.0
1651828279,-42,7,116,-15.0
1651828281,-45,12,164,24.0
1651828283,-46,12,184,10.0
1651828285,-47,7,206,11.0
1651828287,-46,4,184,-11.0
1651828289,-47,7,206,11.0
1651828291,-45,10,164,-21.0
1651828293,-48,10,231,33.5
1651828295,-46,5,184,-23.5
1651828297,-41,6,103,-40.5
1651828299,-43,6,130,13.5
1651828301,-40,6,92,-19.0
1651828303,-42,11,116,12.0
1651828305,-37,5,65,-25.5
1651828307,-36,12,58,-3.5
1651828309,-34,12,46,-6.0
1651828311,-38,15,73,13.5
1651828313,-36,5,58,-7.5
1651828315,-35,4,52,-3.0
1651828317,-34,6,46,-3.0
1651828319,-34,11,46,0.0
1651828321,-32,4,37,-4.5
1651828323,-34,6,46,4.5
1651828325,-29,7,26,-10.0
1651828327,-30,7,29,1.5
1651828329,-29,15,26,-1.5
1651828331,-35,4,52,13.0
1651828333,-26,15,18,-17.0
1651828335,-74,7,4610,2296.0
1651828337,-32,5,37,-2286.5
1651828339,-31,6,33,-2.0
1651828341,-34,7,46,6.5
1651828343,-31,6,33,-6.5
1651828345,-30,4,29,-2.0
1651828347,-36,6,58,14.5
1651828349,-36,6,58,0.0
1651828351,-31,6,33,-12.5
1651828353,-31,12,33,0.0
1651828355,-33,10,41,4.0
1651828357,-34,7,46,2.5
1651828359,-33,7,41,-2.5
1651828361,-34,7,46,2.5
1651828363,-38,7,73,13.5
1651828365,-39,7,82,4.5
1651828367,-46,7,184,51.0
1651828369,-46,10,184,0.0
1651828371,-46,7,184,0.0
1651828373,-46,6,184,0.0
1651828375,-45,6,164,-10.0
1651828377,-48,10,231,33.5
1651828379,-42,7,116,-57.5
1651828381,-49,12,259,71.5
1651828383,-47,7,206,-26.5
1651828385,-47,11,206,0.0
1651828387,-42,7,116,-45.0
1651828389,-48,7,231,57.5
1651828391,-48,7,231,0.0
1651828393,-48,7,231,0.0
1651828395,-47,13,206,-12.5
1651828397,-52,5,366,80.0
1651828399,-53,6,411,22.5
1651828401,-51,6,326,-42.5
1651828403,-48,7,231,-47.5
1651828405,-49,6,259,14.0
1651828407,-48,6,231,-14.0
1651828409,-49,6,259,14.0
1651828411,-49,6,259,0.0
1651828413,-52,7,366,53.5
1651828415,-51,4,326,-20.0
1651828417,-53,5,411,42.5
1651828419,-50,5,291,-60.0
1651828421,-49,6,259,-16.0
1651828423,-47,6,206,-26.5
1651828425,-51,5,326,60.0
1651828427,-51,15,326,0.0
1651828429,-54,12,461,67.5
1651828431,-53,7,411,-25.0
1651828433,-47,7,206,-102.5
1651828435,-52,5,366,80.0
1651828437,-51,6,326,-20.0
1651828439,-49,6,259,-33.5
1651828441,-50,6,291,16.0
1651828443,-48,6,231,-30.0
1651828445,-48,6,231,0.0
1651828447,-50,7,291,30.0
1651828449,-50,6,291,0.0
1651828451,-51,6,326,17.5
1651828453,-51,6,326,0.0
1651828455,-46,7,184,-71.0
1651828457,-49,7,259,37.5
1651828459,-48,6,231,-14.0
1651828461,-49,6,259,14.0
1651828463,-50,7,291,16.0
1651828465,-49,6,259,-16.0
1651828467,-49,6,259,0.0
1651828469,-46,7,184,-37.5
1651828471,-53,7,411,113.5
1651828473,-51,7,326,-42.5
1651828475,-50,6,291,-17.5
1651828477,-51,7,326,17.5
1651828479,-49,7,259,-33.5
1651828481,-48,6,231,-14.0
1651828483,-49,7,259,14.0
1651828485,-50,7,291,16.0
1651828487,-50,7,291,0.0
1651828489,-43,5,130,-80.5
1651828491,-45,4,164,17.0
1651828493,-49,4,259,47.5
1651828495,-50,6,291,16.0
1651828497,-49,13,259,-16.0
1651828499,-50,6,291,16.0
1651828501,-50,15,291,0.0
1651828503,-49,6,259,-16.0
1651828505,-49,7,259,0.0
1651828507,-40,7,92,-83.5
1651828509,-45,7,164,36.0
1651828511,-43,6,130,-17.0
1651828513,-39,10,82,-24.0
1651828515,-50,5,291,104.5
1651828517,-41,7,103,-94.0
1651828519,-44,7,146,21.5
1651828521,-50,7,291,72.5
1651828523,-48,7,231,-30.0
1651828525,-49,7,259,14.0
1651828527,-46,7,184,-37.5
1651828529,-50,5,291,53.5
1651828531,-54,7,461,85.0
1651828533,-52,7,366,-47.5
1651828535,-49,7,259,-53.5
1651828537,-49,12,259,0.0
1651828539,-51,7,326,33.5
1651828541,-52,5,366,20.0
1651828543,-53,6,411,22.5
1651828545,-44,6,146,-132.5
1651828547,-51,6,326,90.0
1651828549,-49,6,259,-33.5
1651828551,-47,6,206,-26.5
1651828553,-49,6,259,26.5
1651828555,-43,7,130,-64.5
1651828557,-50,6,291,80.5
1651828559,-45,15,164,-63.5
1651828561,-49,5,259,47.5
1651828563,-48,5,231,-14.0
1651828565,-48,7,231,0.0
1651828567,-49,5,259,14.0
1651828569,-50,7,291,16.0
1651828571,-49,12,259,-16.0
1651828573,-49,7,259,0.0
1651828575,-49,7,259,0.0
1651828577,-51,7,326,33.5
1651828579,-49,7,259,-33.5
1651828581,-50,7,291,16.0
1651828583,-46,7,184,-53.5
1651828585,-50,5,291,53.5
1651828587,-51,7,326,17.5
1651828589,-50,7,291,-17.5
1651828591,-52,7,366,37.5
1651828593,-51,5,326,-20.0
1651828595,-45,10,164,-81.0
1651828597,-49,5,259,47.5
1651828599,-50,5,291,16.0
1651828601,-49,7,259,-16.0
1651828603,-50,5,291,16.0
1651828605,-51,7,326,17.5
1651828607,-46,7,184,-71.0
1651828609,-48,5,231,23.5
1651828611,-50,7,291,30.0
1651828613,-49,5,259,-16.0
1651828615,-50,7,291,16.0
1651828617,-46,7,184,-53.5
1651828619,-49,5,259,37.5
1651828621,-44,7,146,-56.5
1651828623,-49,7,259,56.5
1651828625,-51,7,326,33.5
1651828627,-45,6,164,-81.0
1651828629,-45,6,164,0.0
1651828631,-45,4,164,0.0
1651828633,-50,7,291,63.5
1651828635,-50,10,291,0.0
1651828637,-48,5,231,-30.0
1651828639,-51,6,326,47.5
1651828641,-50,6,291,-17.5
1651828643,-48,7,231,-30.0
1651828645,-45,10,164,-33.5
1651828647,-49,13,259,47.5
1651828649,-51,6,326,33.5
1651828651,-53,6,411,42.5
1651828653,-54,5,461,25.0
1651828655,-53,10,411,-25.0
1651828657,-53,10,411,0.0
1651828659,-51,4,326,-42.5
1651828661,-49,7,259,-33.5
1651828663,-49,7,259,0.0
1651828665,-46,12,184,-37.5
1651828667,-44,12,146,-19.0
1651828669,-48,5,231,42.5
1651828671,-49,5,259,14.0
1651828673,-48,10,231,-14.0
1651828675,-48,4,231,0.0
1651828677,-46,10,184,-23.5
1651828679,-46,10,184,0.0
1651828681,-44,10,146,-19.0
1651828683,-45,10,164,9.0
1651828685,-49,5,259,47.5
1651828687,-42,5,116,-71.5
1651828689,-41,7,103,-6.5
1651828691,-40,7,92,-5.5
1651828693,-37,7,65,-13.5
1651828695,-35,7,52,-6.5
1651828697,-29,7,26,-13.0
1651828699,-32,7,37,5.5
1651828701,-27,5,21,-8.0
1651828703,-27,6,21,0.0
1651828705,-31,6,33,6.0
1651828707,-32,6,37,2.0
1651828709,-34,13,46,4.5
1651828711,-27,6,21,-12.5
1651828713,-26,11,18,-1.5
1651828715,-30,12,29,5.5
1651828717,-32,6,37,4.0
1651828719,-30,6,29,-4.0
1651828721,-31,13,33,2.0
1651828723,-23,6,13,-10.0
1651828725,-32,6,37,12.0
1651828727,-34,6,46,4.5
1651828729,-27,6,21,-12.5
1651828731,-33,11,41,10.0
1651828733,-35,5,52,5.5
1651828735,-36,5,58,3.0
1651828737,-36,5,58,0.0
1651828739,-36,5,58,0.0
1651828741,-36,5,58,0.0
1651828743,-36,5,58,0.0
1651828745,-36,5,58,0.0
1651828747,-36,5,58,0.0
1651828749,-36,5,58,0.0
1651828751,-36,5,58,0.0
1651828753,-36,5,58,0.0
1651828755,-36,5,58,0.0
1651828757,-36,5,58,0.0
1651828759,-36,5,58,0.0
1651828761,-36,5,58,0.0
1651828763,-36,5,58,0.0
1651828765,-36,5,58,0.0
1651828767,-36,5,58,0.0
1651828769,-36,5,58,0.0
1651828771,-36,5,58,0.0
1651828773,-36,5,58,0.0
1651828775,-36,5,58,0.0
1651828777,-36,5,58,0.0
1651828779,-36,5,58,0.0
1651828781,-36,5,58,0.0
1651828783,-36,5,58,0.0
1651828785,-36,5,58,0.0
1651828787,-36,5,58,0.0
1651828789,-36,5,58,0.0
1651828791,-36,5,58,0.0
1651828793,-36,5,58,0.0
1651828795,-36,5,58,0.0
1651828797,-36,5,58,0.0
1651828799,-36,5,58,0.0
1651828801,-36,5,58,0.0
1651828803,-36,5,58,0.0
1651828805,-36,5,58,0.0
1651828807,-36,5,58,0.0
1651828809,-36,5,58,0.0
1651828811,-36,5,58,0.0
1651828813,-36,5,58,0.0
1651828815,-36,5,58,0.0
1651828817,-36,5,58,0.0
1651828819,-36,5,58,0.0
1651828821,-36,5,58,0.0
1651828823,-36,5,58,0.0
1651828825,-36,5,58,0.0
1651828827,-36,5,58,0.0
1651828829,-36,5,58,0.0
1651828831,-36,5,58,0.0
1651828833,-36,5,58,0.0
1651828835,-36,5,58,0.0
1651828837,-36,5,58,0.0
1651828839,-36,5,58,0.0
1651828841,-36,5,58,0.0
1651828843,-36,5,58,0.0
1651828845,-36,5,58,0.0
1651828847,-36,5,58,0.0
1651828849,-36,5,58,0.0
1651828851,-36,5,58,0.0
1651828853,-36,5,58,0.0
1651828855,-36,5,58,0.0
1651828857,-36,5,58,0.0
1651828859,-36,5,58,0.0
1651828861,-36,5,58,0.0
1651828863,-36,7,58,0.0
1651828865,-36,7,58,0.0
1651828867,-36,7,58,0.0
1651828869,-36,7,58,0.0
1651828871,-36,7,58,0.0
1651828873,-36,7,58,0.0
1651828875,-36,7,58,0.0
1651828877,-36,7,58,0.0
1651828879,-36,7,58,0.0
1651828881,-36,4,58,0.0
1651828883,-36,4,58,0.0
1651828885,-36,4,58,0.0
1651828887,-36,4,58,0.0
1651828889,-36,4,58,0.0
1651828891,-36,4,58,0.0
1651828893,-36,4,58,0.0
1651828895,-36,4,58,0.0
1651828897,-36,4,58,0.0
1651828899,-36,4,58,0.0
1651828901,-36,4,58,0.0
1651828903,-36,4,58,0.0
1651828905,-36,4,58,0.0
1651828907,-36,4,58,0.0
1651828909,-36,4,58,0.0
1651828911,-36,4,58,0.0
1651828913,-36,11,58,0.0
1651828915,-36,11,58,0.0
1651828917,-36,11,58,0.0
1651828919,-36,11,58,0.0
1651828921,-36,11,58,0.0
1651828923,-36,11,58,0.0
1651828925,-36,11,58,0.0
1651828927,-36,11,58,0.0
1651828929,-36,11,58,0.0
1651828931,-36,11,58,0.0
1651828933,-36,11,58,0.0
1651828935,-36,11,58,0.0
1651828937,-36,11,58,0.0
1651828939,-36,11,58,0.0
1651828941,-36,11,58,0.0
1651828943,-36,11,58,0.0
1651828945,-36,11,58,0.0
1651828947,-36,11,58,0.0
1651828949,-36,11,58,0.0
1651828951,-36,11,58,0.0
1651828953,-36,11,58,0.0
1651828955,-36,11,58,0.0
1651828957,-36,11,58,0.0
1651828959,-36,11,58,0.0
1651828961,-36,11,58,0.0
1651828963,-36,11,58,0.0
1651828965,-36,11,58,0.0
1651828967,-36,11,58,0.0
1651828969,-36,11,58,0.0
1651828971,-36,11,58,0.0
1651828973,-36,11,58,0.0
1651828975,-36,11,58,0.0
1651828977,-36,3,58,0.0
1651828979,-36,3,58,0.0
1651828981,-36,3,58,0.0
1651828983,-36,3,58,0.0
1651828985,-36,3,58,0.0
1651828987,-36,3,58,0.0
1651828989,-36,3,58,0.0
1651828991,-36,3,58,0.0
1651828993,-36,3,58,0.0
1651828995,-36,3,58,0.0
1651828997,-36,3,58,0.0
1651828999,-36,3,58,0.0
1651829001,-36,3,58,0.0
1651829003,-36,3,58,0.0
1651829005,-36,3,58,0.0
1651829007,-36,3,58,0.0
1651829009,-36,3,58,0.0
1651829011,-36,3,58,0.0
1651829013,-36,3,58,0.0
1651829015,-36,3,58,0.0
1651829017,-36,3,58,0.0
1651829019,-36,3,58,0.0
1651829021,-36,3,58,0.0
1651829023,-36,3,58,0.0
1651829025,-36,3,58,0.0
1651829027,-36,3,58,0.0
1651829029,-36,3,58,0.0
1651829031,-36,3,58,0.0
1651829033,-36,3,58,0.0
1651829035,-36,3,58,0.0
1651829037,-36,3,58,0.0
1651829039,-36,3,58,0.0
1651829041,-36,3,58,0.0
1651829043,-36,3,58,0.0
1651829045,-36,3,58,0.0
1651829047,-36,3,58,0.0
1651829049,-36,3,58,0.0
1651829051,-36,3,58,0.0
1651829053,-36,3,58,0.0
1651829055,-36,3,58,0.0
1651829057,-36,3,58,0.0
1651829059,-36,3,58,0.0
1651829061,-36,3,58,0.0
1651829063,-36,3,58,0.0
1651829065,-36,3,58,0.0
1651829067,-36,3,58,0.0
1651829069,-36,3,58,0.0
1651829071,-36,3,58,0.0
1651829073,-36,3,58,0.0
1651829075,-36,3,58,0.0
1651829077,-36,3,58,0.0
1651829079,-36,3,58,0.0
1651829081,-36,3,58,0.0
1651829083,-36,3,58,0.0
1651829085,-36,3,58,0.0
1651829087,-36,3,58,0.0
1651829089,-36,3,58,0.0
1651829091,-36,3,58,0.0
1651829093,-36,3,58,0.0
1651829095,-36,3,58,0.0
1651829097,-36,3,58,0.0
1651829099,-36,3,58,0.0
1651829101,-36,3,58,0.0
1651829103,-36,14,58,0.0
1651829105,-36,14,58,0.0
1651829107,-36,14,58,0.0
1651829109,-36,14,58,0.0
1651829111,-36,14,58,0.0
1651829113,-36,14,58,0.0
1651829115,-36,14,58,0.0
1651829117,-36,14,58,0.0
1651829119,-36,14,58,0.0
1651829121,-36,14,58,0.0
1651829123,-36,14,58,0.0
1651829125,-36,14,58,0.0
1651829127,-36,14,58,0.0
1651829129,-36,14,58,0.0
1651829131,-36,14,58,0.0
1651829133,-36,14,58,0.0
1651829135,-36,14,58,0.0
1651829137,-36,14,58,0.0
1651829139,-36,14,58,0.0
1651829141,-36,14,58,0.0
1651829143,-36,14,58,0.0
1651829145,-36,14,58,0.0
1651829147,-36,14,58,0.0
1651829149,-36,14,58,0.0
1651829151,-36,14,58,0.0
1651829153,-36,14,58,0.0
1651829155,-36,14,58,0.0
1651829157,-36,14,58,0.0
1651829159,-36,14,58,0.0
1651829161,-36,14,58,0.0
1651829163,-36,14,58,0.0
1651829165,-36,14,58,0.0
1651829167,-36,14,58,0.0
1651829169,-36,14,58,0.0
1651829171,-36,14,58,0.0
1651829173,-36,14,58,0.0
1651829175,-36,14,58,0.0
1651829177,-36,14,58,0.0
1651829179,-36,14,58,0.0
1651829181,-36,14,58,0.0
1651829183,-36,14,58,0.0
1651829185,-36,14,58,0.0
1651829187,-36,14,58,0.0
1651829189,-36,14,58,0.0
1651829191,-36,14,58,0.0
1651829193,-36,14,58,0.0
1651829195,-36,14,58,0.0
1651829197,-36,14,58,0.0
1651829199,-36,14,58,0.0
1651829201,-36,14,58,0.0
1651829203,-36,14,58,0.0
1651829205,-36,14,58,0.0
1651829207,-36,14,58,0.0
1651829209,-36,14,58,0.0
1651829211,-36,14,58,0.0
1651829213,-36,14,58,0.0
1651829215,-36,14,58,0.0
1651829217,-36,14,58,0.0
1651829219,-36,14,58,0.0
1651829221,-36,14,58,0.0
1651829223,-36,14,58,0.0
1651829225,-36,14,58,0.0
1651829227,-36,14,58,0.0
1651829229,-36,14,58,0.0
1651829231,-36,14,58,0.0
1651829233,-36,14,58,0.0
1651829235,-36,14,58,0.0
1651829237,-36,14,58,0.0
1651829239,-36,14,58,0.0
1651829241,-36,14,58,0.0
1651829243,-36,14,58,0.0
1651829245,-36,14,58,0.0
1651829247,-36,14,58,0.0
1651829249,-36,14,58,0.0
1651829251,-36,14,58,0.0
1651829253,-36,14,58,0.0
1651829255,-36,14,58,0.0
1651829257,-36,14,58,0.0
1651829259,-36,14,58,0.0
1651829261,-36,14,58,0.0
1651829263,-36,14,58,0.0
1651829265,-36,14,58,0.0
1651829268,-36,14,58,0.0
1651829270,-36,14,58,0.0
1651829272,-36,14,58,0.0
1651829274,-36,14,58,0.0
1651829276,-36,14,58,0.0
1651829278,-36,14,58,0.0
1651829280,-36,14,58,0.0
1651829282,-36,14,58,0.0
1651829284,-36,14,58,0.0
1651829286,-36,14,58,0.0
1651829288,-36,14,58,0.0
1651829290,-36,14,58,0.0
1651829292,-36,14,58,0.0
1651829294,-36,14,58,0.0
1651829296,-36,14,58,0.0
1651829298,-36,14,58,0.0
1651829300,-36,14,58,0.0
1651829302,-36,14,58,0.0
1651829304,-36,14,58,0.0
1651829306,-36,14,58,0.0
1651829308,-36,14,58,0.0
1651829310,-36,14,58,0.0
1651829312,-36,14,58,0.0
1651829314,-36,14,58,0.0
1651829316,-36,14,58,0.0
1651829318,-36,14,58,0.0
1651829320,-36,14,58,0.0
1651829322,-36,14,58,0.0
1651829324,-36,14,58,0.0
1651829326,-36,14,58,0.0
1651829328,-36,14,58,0.0
1651829330,-36,14,58,0.0
1651829332,-36,14,58,0.0
1651829334,-36,14,58,0.0
1651829336,-36,14,58,0.0
1651829338,-36,14,58,0.0
1651829340,-36,14,58,0.0
1651829342,-36,14,58,0.0
1651829344,-36,14,58,0.0
1651829346,-36,14,58,0.0
1651829348,-36,14,58,0.0
1651829350,-36,14,58,0.0
1651829352,-36,14,58,0.0
1651829354,-36,14,58,0.0
1651829356,-36,14,58,0.0
1651829358,-36,14,58,0.0
1651829360,-36,14,58,0.0
1651829362,-36,14,58,0.0
1651829364,-36,14,58,0.0
1651829366,-36,14,58,0.0
1651829368,-36,14,58,0.0
1651829370,-36,14,58,0.0
1651829372,-36,14,58,0.0
1651829374,-36,14,58,0.0
1651829376,-36,14,58,0.0
1651829378,-36,14,58,0.0
1651829380,-36,14,58,0.0
1651829382,-36,14,58,0.0
1651829384,-36,14,58,0.0
1651829386,-36,14,58,0.0
1651829388,-36,14,58,0.0
1651829390,-36,14,58,0.0
1651829392,-36,14,58,0.0
1651829394,-36,14,58,0.0
1651829396,-36,14,58,0.0
1651829398,-36,14,58,0.0
1651829400,-36,14,58,0.0
1651829402,-36,14,58,0.0
1651829404,-36,14,58,0.0
1651829406,-36,14,58,0.0
1651829408,-36,14,58,0.0
1651829410,-36,14,58,0.0
1651829412,-36,14,58,0.0
1651829414,-36,14,58,0.0
1651829416,-36,14,58,0.0
1651829418,-36,14,58,0.0
1651829420,-36,14,58,0.0
1651829422,-36,14,58,0.0
1651829424,-36,14,58,0.0
1651829426,-36,14,58,0.0
1651829428,-36,14,58,0.0
1651829430,-36,14,58,0.0
1651829432,-36,14,58,0.0
1651829434,-36,14,58,0.0
1651829436,-36,14,58,0.0
1651829438,-36,14,58,0.0
1651829440,-36,14,58,0.0
1651829442,-36,14,58,0.0
1651829444,-36,14,58,0.0
1651829446,-36,14,58,0.0
1651829448,-36,14,58,0.0
1651829450,-36,14,58,0.0
1651829452,-36,14,58,0.0
1651829454,-36,14,58,0.0
1651829456,-36,14,58,0.0
1651829458,-36,14,58,0.0
1651829460,-36,14,58,0.0
1651829462,-36,14,58,0.0
1651829464,-36,14,58,0.0
1651829466,-36,14,58,0.0
1651829468,-36,14,58,0.0
1651829470,-36,14,58,0.0
1651829472,-36,14,58,0.0
1651829474,-36,14,58,0.0
1651829476,-36,14,58,0.0
1651829478,-36,14,58,0.0
1651829480,-36,14,58,0.0
1651829482,-36,14,58,0.0
1651829484,-36,14,58,0.0
1651829486,-36,14,58,0.0
1651829488,-36,14,58,0.0
1651829490,-36,14,58,0.0
1651829492,-36,14,58,0.0
1651829494,-36,14,58,0.0
1651829496,-36,14,58,0.0
1651829498,-36,14,58,0.0
1651829500,-36,14,58,0.0
1651829502,-36,14,58,0.0
1651829504,-36,14,58,0.0
1651829506,-36,14,58,0.0
1651829508,-36,14,58,0.0
1651829510,-36,14,58,0.0
1651829512,-36,14,58,0.0
1651829514,-36,14,58,0.0
1651829516,-36,14,58,0.0
1651829518,-36,14,58,0.0
1651829520,-36,14,58,0.0
1651829522,-36,14,58,0.0
1651829524,-36,14,58,0.0
1651829526,-36,14,58,0.0
1651829528,-36,14,58,0.0
1651829530,-36,14,58,0.0
1651829532,-36,14,58,0.0
1651829534,-36,14,58,0.0
1651829536,-36,14,58,0.0
1651829538,-36,14,58,0.0
1651829540,-36,14,58,0.0
1651829542,-36,14,58,0.0
1651829544,-36,14,58,0.0
1651829546,-36,14,58,0.0
1651829548,-36,14,58,0.0
1651829550,-36,14,58,0.0
1651829552,-36,14,58,0.0
1651829554,-36,14,58,0.0
1651829556,-36,14,58,0.0
1651829558,-36,14,58,0.0
1651829560,-36,14,58,0.0
1651829562,-36,14,58,0.0
1651829564,-36,14,58,0.0
1651829566,-36,14,58,0.0
1651829568,-36,14,58,0.0
1651829570,-36,14,58,0.0
1651829572,-36,14,58,0.0
1651829574,-36,14,58,0.0
1651829576,-36,14,58,0.0
1651829578,-36,14,58,0.0
1651829580,-36,14,58,0.0
1651829582,-36,14,58,0.0
1651829584,-36,14,58,0.0
1651829586,-36,14,58,0.0
1651829588,-36,14,58,0.0
1651829590,-36,14,58,0.0
1651829592,-36,14,58,0.0
1651829594,-36,14,58,0.0
1651829596,-36,14,58,0.0
1651829598,-36,14,58,0.0
1651829600,-36,14,58,0.0
1651829602,-36,14,58,0.0
1651829604,-36,14,58,0.0
1651829606,-36,14,58,0.0
1651829608,-36,14,58,0.0
1651829610,-36,14,58,0.0
1651829612,-36,14,58,0.0
1651829614,-36,14,58,0.0
1651829616,-36,14,58,0.0
1651829618,-36,14,58,0.0
1651829620,-36,14,58,0.0
1651829622,-36,14,58,0.0
1651829624,-36,14,58,0.0
1651829626,-36,14,58,0.0
1651829628,-36,14,58,0.0
1651829630,-36,14,58,0.0
1651829632,-36,14,58,0.0
1651829634,-36,14,58,0.0
1651829636,-36,14,58,0.0
1651829638,-36,14,58,0.0
1651829640,-36,14,58,0.0
1651829642,-36,14,58,0.0
1651829644,-36,14,58,0.0
1651829646,-36,14,58,0.0
1651829648,-36,14,58,0.0
1651829650,-36,14,58,0.0
1651829652,-36,14,58,0.0
1651829654,-36,14,58,0.0
1651829656,-36,14,58,0.0
1651829658,-36,14,58,0.0
1651829660,-36,14,58,0.0
1651829662,-36,14,58,0.0
1651829664,-36,14,58,0.0
1651829666,-36,14,58,0.0
1651829668,-36,14,58,0.0
1651829670,-36,14,58,0.0
1651829672,-36,14,58,0.0
1651829674,-36,14,58,0.0
1651829676,-36,14,58,0.0
1651829678,-36,14,58,0.0
1651829680,-36,14,58,0.0
1651829682,-36,14,58,0.0
1651829684,-36,14,58,0.0
1651829686,-36,14,58,0.0
1651829688,-36,14,58,0.0
1651829690,-36,14,58,0.0
1651829692,-36,14,58,0.0
1651829694,-36,14,58,0.0
1651829696,-36,14,58,0.0
1651829698,-36,14,58,0.0
1651829700,-36,14,58,0.0
1651829702,-36,14,58,0.0
1651829704,-36,14,58,0.0
1651829706,-36,14,58,0.0
1651829708,-36,14,58,0.0
1651829710,-36,14,58,0.0
1651829712,-36,14,58,0.0
1651829714,-36,14,58,0.0
1651829716,-36,14,58,0.0
1651829718,-36,14,58,0.0
1651829720,-36,14,58,0.0
1651829722,-36,14,58,0.0
1651829724,-36,14,58,0.0
1651829726,-36,14,58,0.0
1651829728,-36,14,58,0.0
1651829730,-36,14,58,0.0
1651829732,-36,14,58,0.0
1651829734,-36,14,58,0.0
1651829736,-36,14,58,0.0
1651829738,-36,14,58,0.0
1651829740,-36,14,58,0.0
1651829742,-36,14,58,0.0
1651829744,-36,14,58,0.0
1651829746,-36,14,58,0.0
1651829748,-36,14,58,0.0
1651829750,-36,14,58,0.0
1651829752,-36,14,58,0.0
1651829754,-36,14,58,0.0
1651829756,-36,14,58,0.0
1651829758,-36,14,58,0.0
1651829760,-36,14,58,0.0
1651829762,-36,14,58,0.0
1651829764,-36,14,58,0.0
1651829766,-36,14,58,0.0
1651829768,-36,14,58,0.0
1651829770,-36,14,58,0.0
1651829772,-36,14,58,0.0
1651829774,-36,14,58,0.0
1651829776,-36,14,58,0.0
1651829778,-36,14,58,0.0
1651829780,-36,14,58,0.0
1651829782,-36,14,58,0.0
1651829784,-36,14,58,0.0
1651829786,-36,14,58,0.0
1651829788,-36,14,58,0.0
1651829790,-36,14,58,0.0
1651829792,-36,14,58,0.0
1651829794,-36,14,58,0.0
1651829796,-36,14,58,0.0
1651829798,-36,14,58,0.0
1651829800,-36,14,58,0.0
1651829802,-36,14,58,0.0
1651829804,-36,14,58,0.0
1651829806,-36,14,58,0.0
1651829808,-36,14,58,0.0
1651829810,-36,14,58,0.0
1651829812,-36,14,58,0.0
1651829814,-36,14,58,0.0
1651829816,-36,14,58,0.0
1651829818,-36,14,58,0.0
1651829820,-36,14,58,0.0
1651829822,-36,14,58,0.0
1651829824,-36,14,58,0.0
1651829826,-36,14,58,0.0
1651829828,-36,14,58,0.0
1651829830,-36,14,58,0.0
1651829832,-36,14,58,0.0
1651829834,-36,14,58,0.0
1651829836,-36,14,58,0.0
1651829838,-36,14,58,0.0
1651829840,-36,14,58,0.0
1651829842,-36,14,58,0.0
1651829844,-36,14,58,0.0
1651829846,-36,14,58,0.0
1651829848,-36,14,58,0.0
1651829850,-36,14,58,0.0
1651829852,-36,14,58,0.0
1651829854,-36,14,58,0.0
1651829856,-36,14,58,0.0
1651829858,-36,14,58,0.0
1651829860,-36,14,58,0.0
1651829862,-36,14,58,0.0
1651829864,-36,14,58,0.0
1651829866,-36,14,58,0.0
1651829868,-36,14,58,0.0
1651829870,-36,14,58,0.0
1651829872,-36,14,58,0.0
1651829874,-36,14,58,0.0
1651829876,-36,14,58,0.0
1651829878,-36,14,58,0.0
1651829880,-36,14,58,0.0
1651829882,-36,14,58,0.0
1651829884,-36,14,58,0.0
1651829886,-36,14,58,0.0
1651829888,-36,14,58,0.0
1651829890,-36,14,58,0.0
1651829892,-36,14,58,0.0
1651829894,-36,14,58,0.0
1651829896,-36,14,58,0.0
1651829898,-36,14,58,0.0
1651829900,-36,14,58,0.0
1651829902,-36,14,58,0.0
1651829904,-36,14,58,0.0
1651829906,-36,14,58,0.0
1651829908,-36,14,58,0.0
1651829910,-36,14,58,0.0
1651829912,-36,14,58,0.0
1651829914,-36,14,58,0.0
1651829916,-36,14,58,0.0
1651829918,-36,14,58,0.0
1651829920,-36,14,58,0.0
1651829922,-36,14,58,0.0
1651829924,-36,14,58,0.0
1651829926,-36,14,58,0.0
1651829928,-36,14,58,0.0
1651829930,-36,14,58,0.0
1651829932,-36,14,58,0.0
1651829934,-36,14,58,0.0
1651829936,-36,14,58,0.0
1651829938,-36,14,58,0.0
1651829940,-36,14,58,0.0
1651829942,-36,14,58,0.0
1651829944,-36,14,58,0.0
1651829946,-36,14,58,0.0
1651829948,-36,14,58,0.0
1651829950,-36,14,58,0.0
1651829952,-36,14,58,0.0
1651829954,-36,14,58,0.0
1651829956,-36,14,58,0.0
1651829958,-36,14,58,0.0
1651829960,-36,14,58,0.0
1651829962,-36,14,58,0.0
1651829964,-36,14,58,0.0
1651829966,-36,14,58,0.0
1651829968,-36,14,58,0.0
1651829970,-36,14,58,0.0
1651829972,-36,14,58,0.0
1651829974,-36,14,58,0.0
1651829976,-36,14,58,0.0
1651829978,-36,14,58,0.0
1651829980,-36,14,58,0.0
1651829982,-36,14,58,0.0
1651829984,-36,14,58,0.0
1651829986,-36,14,58,0.0
1651829988,-36,14,58,0.0
1651829990,-36,14,58,0.0
1651829992,-36,14,58,0.0
1651829994,-36,14,58,0.0
1651829996,-36,14,58,0.0
1651829998,-36,14,58,0.0
1651830000,-36,14,58,0.0
1651830002,-36,14,58,0.0
1651830004,-36,14,58,0.0
1651830006,-36,14,58,0.0
1651830008,-36,14,58,0.0
1651830010,-36,14,58,0.0
1651830012,-36,14,58,0.0
1651830014,-36,14,58,0.0
1651830016,-36,14,58,0.0
1651830018,-36,14,58,0.0
1651830020,-36,14,58,0.0
1651830022,-36,14,58,0.0
1651830024,-36,14,58,0.0
1651830026,-36,14,58,0.0
1651830028,-36,14,58,0.0
1651830030,-36,14,58,0.0
1651830032,-36,14,58,0.0
1651830034,-36,14,58,0.0
1651830036,-36,14,58,0.0
1651830038,-36,14,58,0.0
1651830040,-36,14,58,0.0
1651830042,-36,14,58,0.0
1651830044,-36,14,58,0.0
1651830046,-36,14,58,0.0
1651830048,-36,14,58,0.0
1651830050,-36,14,58,0.0
1651830052,-36,14,58,0.0
1651830054,-36,14,58,0.0
1651830056,-36,14,58,0.0
1651830058,-36,14,58,0.0
1651830060,-36,14,58,0.0
1651830062,-36,14,58,0.0
1651830064,-36,14,58,0.0
1651830066,-36,14,58,0.0
1651830068,-36,14,58,0.0
1651830070,-36,14,58,0.0
1651830072,-36,14,58,0.0
1651830074,-36,14,58,0.0
1651830076,-36,14,58,0.0
1651830078,-36,14,58,0.0
1651830080,-36,14,58,0.0
1651830082,-36,14,58,0.0
1651830084,-36,14,58,0.0
1651830086,-36,14,58,0.0
1651830088,-36,14,58,0.0
1651830090,-36,14,58,0.0
1651830092,-36,14,58,0.0
1651830094,-36,14,58,0.0
1651830096,-36,14,58,0.0
1651830098,-36,14,58,0.0
1651830100,-36,14,58,0.0
1651830102,-36,14,58,0.0
1651830104,-36,14,58,0.0
1651830106,-36,14,58,0.0
1651830108,-36,14,58,0.0
1651830110,-36,14,58,0.0
1651830112,-36,14,58,0.0
1651830114,-36,14,58,0.0
1651830116,-36,14,58,0.0
1651830118,-36,14,58,0.0
1651830120,-36,14,58,0.0
1651830122,-36,14,58,0.0
1651830124,-36,14,58,0.0
1651830126,-36,14,58,0.0
1651830128,-36,14,58,0.0
1651830130,-36,14,58,0.0
1651830132,-36,14,58,0.0
1651830134,-36,14,58,0.0
1651830136,-36,14,58,0.0
1651830138,-36,14,58,0.0
1651830140,-36,14,58,0.0
1651830142,-36,14,58,0.0
1651830144,-36,14,58,0.0
1651830146,-36,14,58,0.0
1651830148,-36,14,58,0.0
1651830150,-36,14,58,0.0
1651830152,-36,14,58,0.0
1651830154,-36,14,58,0.0
1651830156,-36,14,58,0.0
1651830158,-36,14,58,0.0
1651830160,-36,14,58,0.0
1651830162,-36,14,58,0.0
1651830164,-36,14,58,0.0
1651830166,-36,14,58,0.0
1651830168,-36,14,58,0.0
1651830170,-36,14,58,0.0
1651830172,-36,14,58,0.0
1651830174,-36,14,58,0.0
1651830176,-36,14,58,0.0
1651830178,-36,14,58,0.0
1651830180,-36,14,58,0.0
1651830182,-36,14,58,0.0
1651830184,-36,14,58,0.0
1651830186,-36,14,58,0.0
1651830188,-36,14,58,0.0
1651830190,-36,14,58,0.0
1651830192,-36,14,58,0.0
1651830194,-36,14,58,0.0
1651830196,-36,14,58,0.0
1651830198,-36,14,58,0.0
1651830200,-36,14,58,0.0
1651830202,-36,14,58,0.0
1651830204,-36,14,58,0.0
1651830206,-36,14,58,0.0
1651830208,-36,14,58,0.0
1651830210,-36,14,58,0.0
1651830212,-36,14,58,0.0
1651830214,-36,14,58,0.0
1651830216,-36,14,58,0.0
1651830218,-36,14,58,0.0
1651830220,-36,14,58,0.0
1651830222,-36,14,58,0.0
1651830224,-36,14,58,0.0
1651830226,-36,14,58,0.0
1651830228,-36,14,58,0.0
1651830230,-36,14,58,0.0
1651830232,-36,14,58,0.0
1651830234,-36,14,58,0.0
1651830236,-36,14,58,0.0
1651830238,-36,14,58,0.0
1651830240,-36,14,58,0.0
1651830242,-36,14,58,0.0
1651830244,-36,14,58,0.0
1651830246,-36,14,58,0.0
1651830248,-36,14,58,0.0
1651830250,-36,14,58,0.0
1651830252,-36,14,58,0.0
1651830254,-36,14,58,0.0
1651830256,-36,14,58,0.0
1651830258,-36,14,58,0.0
1651830260,-36,14,58,0.0
1651830262,-36,14,58,0.0
1651830264,-36,14,58,0.0
1651830266,-36,14,58,0.0
1651830268,-36,14,58,0.0
1651830270,-36,14,58,0.0
1651830272,-36,14,58,0.0
1651830274,-36,14,58,0.0
1651830276,-36,14,58,0.0
1651830278,-36,14,58,0.0
1651830280,-36,14,58,0.0
1651830282,-36,14,58,0.0
1651830284,-36,14,58,0.0
1651830286,-36,14,58,0.0
1651830288,-36,14,58,0.0
1651830290,-36,14,58,0.0
1651830292,-36,14,58,0.0
1651830294,-36,14,58,0.0
1651830296,-36,14,58,0.0
1651830298,-36,14,58,0.0
1651830300,-36,14,58,0.0
1651830302,-36,14,58,0.0
1651830304,-36,14,58,0.0
1651830306,-36,14,58,0.0
1651830308,-36,14,58,0.0
1651830310,-36,14,58,0.0
1651830312,-36,14,58,0.0
1651830314,-36,14,58,0.0
1651830316,-36,14,58,0.0
1651830318,-36,14,58,0.0
1651830320,-36,14,58,0.0
1651830322,-36,14,58,0.0
1651830324,-36,14,58,0.0
1651830326,-36,14,58,0.0
1651830328,-36,14,58,0.0
1651830330,-36,14,58,0.0
1651830332,-36,14,58,0.0
1651830334,-36,14,58,0.0
1651830336,-36,14,58,0.0
1651830338,-36,14,58,0.0
1651830340,-36,14,58,0.0
1651830342,-36,14,58,0.0
1651830344,-36,14,58,0.0
1651830346,-36,14,58,0.0
1651830348,-36,14,58,0.0
1651830350,-36,14,58,0.0
1651830352,-36,14,58,0.0
1651830354,-36,14,58,0.0
1651830356,-36,14,58,0.0
1651830358,-36,14,58,0.0
1651830360,-36,14,58,0.0
1651830362,-36,14,58,0.0
1651830364,-36,14,58,0.0
1651830366,-36,14,58,0.0
1651830368,-36,14,58,0.0
1651830370,-36,14,58,0.0
1651830372,-36,14,58,0.0
1651830374,-36,14,58,0.0
1651830376,-36,14,58,0.0
1651830378,-36,14,58,0.0
1651830380,-36,14,58,0.0
1651830382,-36,14,58,0.0
1651830384,-36,14,58,0.0
1651830386,-36,14,58,0.0
1651830388,-36,14,58,0.0
1651830390,-36,14,58,0.0
1651830392,-36,14,58,0.0
1651830394,-36,14,58,0.0
1651830396,-36,14,58,0.0
1651830398,-36,14,58,0.0
1651830400,-36,14,58,0.0
1651830402,-36,14,58,0.0
1651830404,-36,14,58,0.0
1651830406,-36,14,58,0.0
1651830408,-36,14,58,0.0
1651830410,-36,14,58,0.0
1651830412,-36,14,58,0.0
1651830414,-36,14,58,0.0
1651830416,-36,14,58,0.0
1651830418,-36,14,58,0.0
1651830420,-36,14,58,0.0
1651830422,-36,14,58,0.0
1651830424,-36,14,58,0.0
1651830426,-36,14,58,0.0
1651830428,-36,14,58,0.0
1651830430,-36,14,58,0.0
1651830432,-36,14,58,0.0
1651830434,-36,14,58,0.0
1651830436,-36,14,58,0.0
1651830438,-36,14,58,0.0
1651830440,-36,14,58,0.0
1651830442,-36,14,58,0.0
1651830444,-36,14,58,0.0
1651830446,-36,14,58,0.0
1651830448,-36,14,58,0.0
1651830450,-36,14,58,0.0
1651830452,-36,14,58,0.0
1651830454,-36,14,58,0.0
1651830456,-36,14,58,0.0
1651830458,-36,14,58,0.0
1651830460,-36,14,58,0.0
1651830462,-36,14,58,0.0
1651830464,-36,14,58,0.0
1651830466,-36,14,58,0.0
1651830468,-36,14,58,0.0
1651830470,-36,14,58,0.0
1651830472,-36,14,58,0.0
1651830474,-36,14,58,0.0
1651830476,-36,14,58,0.0
1651830478,-36,14,58,0.0
1651830480,-36,14,58,0.0
1651830482,-36,14,58,0.0
1651830484,-36,14,58,0.0
1651830486,-36,14,58,0.0
1651830488,-36,14,58,0.0
1651830490,-36,14,58,0.0
1651830492,-36,14,58,0.0
1651830494,-36,14,58,0.0
1651830496,-36,14,58,0.0
1651830498,-36,14,58,0.0
1651830500,-36,14,58,0.0
1651830502,-36,14,58,0.0
1651830504,-36,14,58,0.0
1651830506,-36,14,58,0.0
1651830508,-36,14,58,0.0
1651830510,-36,14,58,0.0
1651830512,-36,14,58,0.0
1651830514,-36,14,58,0.0
1651830516,-36,14,58,0.0
1651830518,-36,14,58,0.0
1651830520,-36,14,58,0.0
1651830522,-36,14,58,0.0
1651830524,-36,14,58,0.0
1651830526,-36,14,58,0.0
1651830528,-36,14,58,0.0
1651830530,-36,14,58,0.0
1651830532,-36,14,58,0.0
1651830534,-36,14,58,0.0
1651830536,-36,14,58,0.0
1651830538,-36,14,58,0.0
1651830540,-36,14,58,0.0
1651830542,-36,14,58,0.0
1651830544,-36,14,58,0.0
1651830546,-36,14,58,0.0
1651830548,-36,14,58,0.0
1651830550,-36,14,58,0.0
1651830552,-36,14,58,0.0
1651830554,-36,14,58,0.0
1651830556,-36,14,58,0.0
1651830558,-36,14,58,0.0
1651830560,-36,14,58,0.0
1651830562,-36,14,58,0.0
1651830564,-36,14,58,0.0
1651830566,-36,14,58,0.0
1651830568,-36,14,58,0.0
1651830570,-36,14,58,0.0
1651830572,-36,14,58,0.0
1651830574,-36,14,58,0.0
1651830576,-36,14,58,0.0
1651830578,-36,14,58,0.0
1651830580,-36,14,58,0.0
1651830582,-36,14,58,0.0
1651830584,-36,14,58,0.0
1651830586,-36,14,58,0.0
1651830588,-36,14,58,0.0
1651830590,-36,14,58,0.0
1651830593,-36,14,58,0.0
1651830595,-36,14,58,0.0
1651830597,-36,14,58,0.0
1651830599,-36,14,58,0.0
1651830601,-36,14,58,0.0
1651830603,-36,14,58,0.0
1651830605,-36,14,58,0.0
1651830607,-36,14,58,0.0
1651830609,-36,14,58,0.0
1651830611,-36,14,58,0.0
1651830613,-36,14,58,0.0
1651830615,-36,14,58,0.0
1651830617,-36,14,58,0.0
1651830619,-36,14,58,0.0
1651830621,-36,14,58,0.0
1651830623,-36,14,58,0.0
1651830625,-36,14,58,0.0
1651830627,-36,14,58,0.0
1651830629,-36,14,58,0.0
1651830631,-36,14,58,0.0
1651830633,-36,14,58,0.0
1651830635,-36,14,58,0.0
1651830637,-36,14,58,0.0
1651830639,-36,14,58,0.0
1651830641,-36,14,58,0.0
1651830643,-36,14,58,0.0
1651830645,-36,14,58,0.0
1651830647,-36,14,58,0.0
1651830649,-36,14,58,0.0
1651830651,-36,14,58,0.0
1651830653,-36,14,58,0.0
1651830655,-36,14,58,0.0
1651830657,-36,14,58,0.0
1651830659,-36,14,58,0.0
1651830661,-36,14,58,0.0
1651830663,-36,14,58,0.0
1651830665,-36,14,58,0.0
1651830667,-36,14,58,0.0
1651830669,-36,14,58,0.0
1651830671,-36,14,58,0.0
1651830673,-36,14,58,0.0
1651830675,-36,14,58,0.0
1651830677,-36,14,58,0.0
1651830679,-36,14,58,0.0
1651830681,-36,14,58,0.0
1651830683,-36,14,58,0.0
1651830685,-36,14,58,0.0
1651830687,-36,14,58,0.0
1651830689,-36,14,58,0.0
1651830691,-36,14,58,0.0
1651830693,-36,14,58,0.0
1651830695,-36,14,58,0.0
1651830697,-36,14,58,0.0
1651830699,-36,14,58,0.0
1651830701,-36,14,58,0.0
1651830703,-36,14,58,0.0
1651830705,-36,14,58,0.0
1651830707,-36,14,58,0.0
1651830709,-36,14,58,0.0
1651830711,-36,14,58,0.0
1651830713,-36,14,58,0.0
1651830715,-36,14,58,0.0
1651830717,-36,14,58,0.0
1651830719,-36,14,58,0.0
1651830721,-36,14,58,0.0
1651830723,-36,14,58,0.0
1651830725,-36,14,58,0.0
1651830727,-36,14,58,0.0
1651830729,-36,14,58,0.0
1651830731,-36,14,58,0.0
1651830733,-36,14,58,0.0
1651830735,-36,14,58,0.0
1651830737,-36,14,58,0.0
1651830739,-36,14,58,0.0
1651830741,-36,14,58,0.0
1651830743,-36,14,58,0.0
1651830745,-36,14,58,0.0
1651830747,-36,14,58,0.0
1651830749,-36,14,58,0.0
1651830751,-36,14,58,0.0
1651830753,-36,14,58,0.0
1651830755,-36,14,58,0.0
1651830757,-36,14,58,0.0
1651830759,-36,14,58,0.0
1651830761,-36,14,58,0.0
1651830763,-36,14,58,0.0
1651830765,-36,14,58,0.0
1651830767,-36,14,58,0.0
1651830769,-36,14,58,0.0
1651830771,-36,14,58,0.0
1651830773,-36,14,58,0.0
1651830775,-36,14,58,0.0
1651830777,-36,14,58,0.0
1651830779,-36,14,58,0.0
1651830781,-36,14,58,0.0
1651830783,-36,14,58,0.0
1651830785,-36,14,58,0.0
1651830787,-36,14,58,0.0
1651830789,-36,14,58,0.0
1651830791,-36,14,58,0.0
1651830793,-36,14,58,0.0
1651830795,-36,14,58,0.0
1651830797,-36,14,58,0.0
1651830799,-36,14,58,0.0
1651830801,-36,14,58,0.0
1651830803,-36,14,58,0.0
1651830805,-36,14,58,0.0
1651830807,-36,14,58,0.0
1651830809,-36,14,58,0.0
1651830811,-36,14,58,0.0
1651830813,-36,14,58,0.0
1651830815,-36,14,58,0.0
1651830817,-36,14,58,0.0
1651830819,-36,14,58,0.0
1651830821,-36,14,58,0.0
1651830823,-36,14,58,0.0
1651830825,-36,14,58,0.0
1651830827,-36,14,58,0.0
1651830829,-36,14,58,0.0
1651830831,-36,14,58,0.0
1651830833,-36,14,58,0.0
1651830835,-36,14,58,0.0
1651830837,-36,14,58,0.0
1651830839,-36,14,58,0.0
1651830841,-36,14,58,0.0
1651830843,-36,14,58,0.0
1651830845,-36,14,58,0.0
1651830847,-36,14,58,0.0
1651830849,-36,14,58,0.0
1651830851,-36,14,58,0.0
1651830853,-36,14,58,0.0
1651830855,-36,14,58,0.0
1651830857,-36,14,58,0.0
1651830859,-36,14,58,0.0
1651830861,-36,14,58,0.0
1651830863,-36,14,58,0.0
1651830865,-36,14,58,0.0
1651830867,-36,14,58,0.0
1651830869,-36,14,58,0.0
1651830871,-36,14,58,0.0
1651830873,-36,14,58,0.0
1651830875,-36,14,58,0.0
1651830877,-36,14,58,0.0
1651830879,-36,14,58,0.0
1651830881,-36,14,58,0.0
1651830883,-36,14,58,0.0
1651830885,-36,14,58,0.0
1651830887,-36,14,58,0.0
1651830889,-36,14,58,0.0
1651830891,-36,14,58,0.0
1651830893,-36,14,58,0.0
1651830895,-36,14,58,0.0
1651830897,-36,14,58,0.0
1651830899,-36,14,58,0.0
1651830901,-36,14,58,0.0
1651830903,-36,14,58,0.0
1651830905,-36,14,58,0.0
1651830907,-36,14,58,0.0
1651830909,-36,14,58,0.0
1651830911,-36,14,58,0.0
1651830913,-36,14,58,0.0
1651830915,-36,14,58,0.0
1651830917,-36,14,58,0.0
1651830919,-36,14,58,0.0
1651830921,-36,14,58,0.0
1651830923,-36,14,58,0.0
1651830925,-36,14,58,0.0
1651830927,-36,14,58,0.0
1651830929,-36,14,58,0.0
1651830931,-36,14,58,0.0
1651830933,-36,14,58,0.0
1651830935,-36,14,58,0.0
1651830937,-36,14,58,0.0
1651830939,-36,14,58,0.0
1651830941,-36,14,58,0.0
1651830943,-36,14,58,0.0
1651830945,-36,14,58,0.0
1651830947,-36,14,58,0.0
1651830949,-36,14,58,0.0
1651830951,-36,14,58,0.0
1651830953,-36,14,58,0.0
1651830955,-36,14,58,0.0
1651830957,-36,14,58,0.0
1651830959,-36,14,58,0.0
1651830961,-36,14,58,0.0
1651830963,-36,14,58,0.0
1651830965,-36,14,58,0.0
1651830967,-36,14,58,0.0
1651830969,-36,14,58,0.0
1651830971,-36,14,58,0.0
1651830973,-36,14,58,0.0
1651830975,-36,14,58,0.0
1651830977,-36,14,58,0.0
1651830979,-36,14,58,0.0
1651830981,-36,14,58,0.0
1651830983,-36,14,58,0.0
1651830985,-36,14,58,0.0
1651830987,-36,14,58,0.0
1651830989,-36,14,58,0.0
1651830991,-36,14,58,0.0
1651830993,-36,14,58,0.0
1651830995,-36,14,58,0.0
1651830997,-36,14,58,0.0
1651830999,-36,14,58,0.0
1651831001,-36,14,58,0.0
1651831003,-36,14,58,0.0
1651831005,-36,14,58,0.0
1651831007,-36,14,58,0.0
1651831009,-36,14,58,0.0
1651831011,-36,14,58,0.0
1651831013,-36,14,58,0.0
1651831015,-36,14,58,0.0
1651831017,-36,14,58,0.0
1651831019,-36,14,58,0.0
1651831021,-36,14,58,0.0
1651831023,-36,14,58,0.0
1651831025,-36,14,58,0.0
1651831027,-36,14,58,0.0
1651831029,-36,14,58,0.0
1651831031,-36,14,58,0.0
1651831033,-36,14,58,0.0
1651831035,-36,14,58,0.0
1651831037,-36,14,58,0.0
1651831039,-36,14,58,0.0
1651831041,-36,14,58,0.0
1651831043,-36,14,58,0.0
1651831045,-36,14,58,0.0
1651831047,-36,14,58,0.0
1651831049,-36,14,58,0.0
1651831051,-36,14,58,0.0
1651831053,-36,14,58,0.0
1651831055,-36,14,58,0.0
1651831057,-36,14,58,0.0
1651831059,-36,14,58,0.0
1651831061,-36,14,58,0.0
1651831063,-36,14,58,0.0
1651831065,-36,14,58,0.0
1651831067,-36,14,58,0.0
1651831069,-36,14,58,0.0
1651831071,-36,14,58,0.0
1651831073,-36,14,58,0.0
1651831075,-36,14,58,0.0
1651831077,-36,14,58,0.0
1651831079,-36,14,58,0.0
1651831081,-36,14,58,0.0
1651831083,-36,14,58,0.0
1651831085,-36,14,58,0.0
1651831087,-36,14,58,0.0
1651831089,-36,14,58,0.0
1651831091,-36,14,58,0.0
1651831093,-36,14,58,0.0
1651831095,-36,14,58,0.0
1651831097,-36,14,58,0.0
1651831099,-36,14,58,0.0
1651831101,-36,14,58,0.0
1651831103,-36,14,58,0.0
1651831105,-36,14,58,0.0
1651831107,-36,14,58,0.0
1651831109,-36,14,58,0.0
1651831111,-36,14,58,0.0
1651831113,-36,14,58,0.0
1651831115,-36,14,58,0.0
1651831117,-36,14,58,0.0
1651831119,-36,14,58,0.0
1651831121,-36,14,58,0.0
1651831123,-36,14,58,0.0
1651831125,-36,14,58,0.0
1651831127,-36,14,58,0.0
1651831129,-36,14,58,0.0
1651831131,-36,14,58,0.0
1651831133,-36,14,58,0.0
1651831135,-36,14,58,0.0
1651831137,-36,14,58,0.0
1651831139,-36,14,58,0.0
1651831141,-36,14,58,0.0
1651831143,-36,14,58,0.0
1651831145,-36,14,58,0.0
1651831147,-36,14,58,0.0
1651831149,-36,14,58,0.0
1651831151,-36,14,58,0.0
1651831153,-36,14,58,0.0
1651831155,-36,14,58,0.0
1651831157,-36,14,58,0.0
1651831159,-36,14,58,0.0
1651831161,-36,14,58,0.0
1651831163,-36,14,58,0.0
1651831165,-36,14,58,0.0
1651831167,-36,14,58,0.0
1651831169,-36,14,58,0.0
1651831171,-36,14,58,0.0
1651831173,-36,14,58,0.0
1651831175,-36,14,58,0.0
1651831177,-36,14,58,0.0
1651831179,-36,14,58,0.0
1651831181,-36,14,58,0.0
1651831183,-36,14,58,0.0
1651831185,-36,14,58,0.0
1651831187,-36,14,58,0.0
1651831189,-36,14,58,0.0
1651831191,-36,14,58,0.0
1651831193,-36,14,58,0.0
1651831195,-36,14,58,0.0
1651831197,-36,14,58,0.0
1651831199,-36,14,58,0.0
1651831201,-36,14,58,0.0
1651831203,-36,14,58,0.0
1651831205,-36,14,58,0.0
1651831207,-36,14,58,0.0
1651831209,-36,14,58,0.0
1651831211,-36,14,58,0.0
1651831213,-36,14,58,0.0
1651831215,-36,14,58,0.0
1651831217,-36,14,58,0.0
1651831219,-36,14,58,0.0
1651831221,-36,14,58,0.0
1651831223,-36,14,58,0.0
1651831225,-36,14,58,0.0
1651831227,-36,14,58,0.0
1651831229,-36,14,58,0.0
1651831231,-36,14,58,0.0
1651831233,-36,14,58,0.0
1651831235,-36,14,58,0.0
1651831237,-36,14,58,0.0
1651831239,-36,14,58,0.0
1651831241,-36,14,58,0.0
1651831243,-36,14,58,0.0
1651831245,-36,14,58,0.0
1651831247,-36,14,58,0.0
1651831249,-36,14,58,0.0
1651831251,-36,14,58,0.0
1651831253,-36,14,58,0.0
1651831255,-36,14,58,0.0
1651831257,-36,14,58,0.0
1651831259,-36,14,58,0.0
1651831261,-36,14,58,0.0
1651831263,-36,14,58,0.0
1651831265,-36,14,58,0.0
1651831267,-36,14,58,0.0
1651831269,-36,14,58,0.0
1651831271,-36,14,58,0.0
1651831273,-36,14,58,0.0
1651831275,-36,14,58,0.0
1651831277,-36,14,58,0.0
1651831279,-36,14,58,0.0
1651831281,-36,14,58,0.0
1651831283,-36,14,58,0.0
1651831285,-36,14,58,0.0
1651831287,-36,14,58,0.0
1651831289,-36,14,58,0.0
1651831291,-36,14,58,0.0
1651831293,-36,14,58,0.0
1651831295,-36,14,58,0.0
1651831297,-36,14,58,0.0
1651831299,-36,14,58,0.0
1651831301,-36,14,58,0.0
1651831303,-36,14,58,0.0
1651831305,-36,14,58,0.0
1651831307,-36,14,58,0.0
1651831309,-36,14,58,0.0
1651831311,-36,14,58,0.0
1651831313,-36,14,58,0.0
1651831315,-36,14,58,0.0
1651831317,-36,14,58,0.0
1651831319,-36,14,58,0.0
1651831321,-36,14,58,0.0
1651831323,-36,14,58,0.0
1651831325,-36,14,58,0.0
1651831327,-36,14,58,0.0
1651831329,-36,14,58,0.0
1651831331,-36,14,58,0.0
1651831333,-36,14,58,0.0
1651831335,-36,14,58,0.0
1651831337,-36,14,58,0.0
1651831339,-36,14,58,0.0
1651831341,-36,14,58,0.0
1651831343,-36,14,58,0.0
1651831345,-36,14,58,0.0
1651831347,-36,14,58,0.0
1651831349,-36,14,58,0.0
1651831351,-36,14,58,0.0
1651831353,-36,14,58,0.0
1651831355,-36,14,58,0.0
1651831357,-36,14,58,0.0
1651831359,-36,14,58,0.0
1651831361,-36,14,58,0.0
1651831363,-36,14,58,0.0
1651831365,-36,14,58,0.0
1651831367,-36,14,58,0.0
1651831369,-36,14,58,0.0
1651831371,-36,14,58,0.0
1651831373,-36,14,58,0.0
1651831375,-36,14,58,0.0
1651831377,-36,14,58,0.0
1651831379,-36,14,58,0.0
1651831381,-36,14,58,0.0
1651831383,-36,14,58,0.0
1651831385,-36,14,58,0.0
1651831387,-36,14,58,0.0
1651831389,-36,14,58,0.0
1651831391,-36,14,58,0.0
1651831393,-36,14,58,0.0
1651831395,-36,14,58,0.0
1651831397,-36,14,58,0.0
1651831399,-36,14,58,0.0
1651831401,-36,14,58,0.0
1651831403,-36,14,58,0.0
1651831405,-36,14,58,0.0
1651831407,-36,14,58,0.0
1651831409,-36,14,58,0.0
1651831411,-36,14,58,0.0
1651831413,-36,14,58,0.0
1651831415,-36,14,58,0.0
1651831417,-36,14,58,0.0
1651831419,-36,14,58,0.0
1651831421,-36,14,58,0.0
1651831423,-36,14,58,0.0
1651831425,-36,14,58,0.0
1651831427,-36,14,58,0.0
1651831429,-36,14,58,0.0
1651831431,-36,14,58,0.0
1651831433,-36,14,58,0.0
1651831435,-36,14,58,0.0
1651831437,-36,14,58,0.0
1651831439,-36,14,58,0.0
1651831441,-36,14,58,0.0
1651831443,-36,14,58,0.0
1651831445,-36,14,58,0.0
1651831447,-36,14,58,0.0
1651831449,-36,14,58,0.0
1651831451,-36,14,58,0.0
1651831453,-36,14,58,0.0
1651831455,-36,14,58,0.0
1651831457,-36,14,58,0.0
1651831459,-36,14,58,0.0
1651831461,-36,14,58,0.0
1651831463,-36,14,58,0.0
1651831465,-36,14,58,0.0
1651831467,-36,14,58,0.0
1651831469,-36,14,58,0.0
1651831471,-36,14,58,0.0
1651831473,-36,14,58,0.0
1651831475,-36,14,58,0.0
1651831477,-36,14,58,0.0
1651831479,-36,14,58,0.0
1651831481,-36,14,58,0.0
1651831483,-36,14,58,0.0
1651831485,-36,14,58,0.0
1651831487,-36,14,58,0.0
1651831489,-36,14,58,0.0
1651831491,-36,14,58,0.0
1651831493,-36,14,58,0.0
1651831495,-36,14,58,0.0
1651831497,-36,14,58,0.0
1651831499,-36,14,58,0.0
1651831501,-36,14,58,0.0
1651831503,-36,14,58,0.0
1651831505,-36,14,58,0.0
1651831507,-36,14,58,0.0
1651831509,-36,14,58,0.0
1651831511,-36,14,58,0.0
1651831513,-36,14,58,0.0
1651831515,-36,14,58,0.0
1651831517,-36,14,58,0.0
1651831519,-36,14,58,0.0
1651831521,-36,14,58,0.0
1651831523,-36,14,58,0.0
1651831525,-36,14,58,0.0
1651831527,-36,14,58,0.0
1651831529,-36,14,58,0.0
1651831531,-36,14,58,0.0
1651831533,-36,14,58,0.0
1651831535,-36,14,58,0.0
1651831537,-36,14,58,0.0
1651831539,-36,14,58,0.0
1651831541,-36,14,58,0.0
1651831543,-36,14,58,0.0
1651831545,-36,14,58,0.0
1651831547,-36,14,58,0.0
1651831549,-36,14,58,0.0
1651831551,-36,14,58,0.0
1651831553,-36,14,58,0.0
1651831555,-36,14,58,0.0
1651831557,-36,14,58,0.0
1651831559,-36,14,58,0.0
1651831561,-36,14,58,0.0
1651831563,-36,14,58,0.0
1651831565,-36,14,58,0.0
1651831567,-36,14,58,0.0
1651831569,-36,14,58,0.0
1651831571,-36,14,58,0.0
1651831573,-36,14,58,0.0
1651831575,-36,14,58,0.0
1651831577,-36,14,58,0.0
1651831579,-36,14,58,0.0
1651831581,-36,14,58,0.0
1651831583,-36,14,58,0.0
1651831585,-36,14,58,0.0
1651831587,-36,14,58,0.0
1651831589,-36,14,58,0.0
1651831591,-36,14,58,0.0
1651831593,-36,14,58,0.0
1651831595,-36,14,58,0.0
1651831597,-36,14,58,0.0
1651831599,-36,14,58,0.0
1651831601,-36,14,58,0.0
1651831603,-36,14,58,0.0
1651831605,-36,14,58,0.0
1651831607,-36,14,58,0.0
1651831609,-36,14,58,0.0
1651831611,-36,14,58,0.0
1651831613,-36,14,58,0.0
1651831615,-36,14,58,0.0
1651831617,-36,14,58,0.0
1651831619,-36,14,58,0.0
1651831621,-36,14,58,0.0
1651831623,-36,14,58,0.0
1651831625,-36,14,58,0.0
1651831627,-36,14,58,0.0
1651831629,-36,14,58,0.0
1651831631,-36,14,58,0.0
1651831633,-36,14,58,0.0
1651831635,-36,14,58,0.0
1651831637,-36,14,58,0.0
1651831639,-36,14,58,0.0
1651831641,-36,14,58,0.0
1651831643,-36,14,58,0.0
1651831645,-36,14,58,0.0
1651831647,-36,14,58,0.0
1651831649,-36,14,58,0.0
1651831651,-36,14,58,0.0
1651831653,-36,14,58,0.0
1651831655,-36,14,58,0.0
1651831657,-36,14,58,0.0
1651831659,-36,14,58,0.0
1651831661,-36,14,58,0.0
1651831663,-36,14,58,0.0
1651831665,-36,14,58,0.0
1651831667,-36,14,58,0.0
1651831669,-36,14,58,0.0
1651831671,-36,14,58,0.0
1651831673,-36,14,58,0.0
1651831675,-36,14,58,0.0
1651831677,-36,14,58,0.0
1651831679,-36,14,58,0.0
1651831681,-36,14,58,0.0
1651831683,-36,14,58,0.0
1651831685,-36,14,58,0.0
1651831687,-36,14,58,0.0
1651831689,-36,14,58,0.0
1651831691,-36,14,58,0.0
1651831693,-36,14,58,0.0
1651831695,-36,14,58,0.0
1651831697,-36,14,58,0.0
1651831699,-36,14,58,0.0
1651831701,-36,14,58,0.0
1651831703,-36,14,58,0.0
1651831705,-36,14,58,0.0
1651831707,-36,14,58,0.0
1651831709,-36,14,58,0.0
1651831711,-36,14,58,0.0
1651831713,-36,14,58,0.0
1651831715,-36,14,58,0.0
1651831717,-36,14,58,0.0
1651831719,-36,14,58,0.0
1651831721,-36,14,58,0.0
1651831723,-36,14,58,0.0
1651831725,-36,14,58,0.0
1651831727,-36,14,58,0.0
1651831729,-36,14,58,0.0
1651831731,-36,14,58,0.0
1651831733,-36,14,58,0.0
1651831735,-36,14,58,0.0
1651831737,-36,14,58,0.0
1651831739,-36,14,58,0.0
1651831741,-36,14,58,0.0
1651831743,-36,14,58,0.0
1651831745,-36,14,58,0.0
1651831747,-36,14,58,0.0
1651831749,-36,14,58,0.0
1651831751,-36,14,58,0.0
1651831753,-36,14,58,0.0
1651831755,-36,14,58,0.0
1651831757,-36,14,58,0.0
1651831759,-36,14,58,0.0
1651831761,-36,14,58,0.0
1651831763,-36,14,58,0.0
1651831765,-36,14,58,0.0
1651831767,-36,14,58,0.0
1651831769,-36,14,58,0.0
1651831771,-36,14,58,0.0
1651831773,-36,14,58,0.0
1651831775,-36,14,58,0.0
1651831777,-36,14,58,0.0
1651831779,-36,14,58,0.0
1651831781,-36,14,58,0.0
1651831783,-36,14,58,0.0
1651831785,-36,14,58,0.0
1651831787,-36,14,58,0.0
1651831789,-36,14,58,0.0
1651831791,-36,14,58,0.0
1651831793,-36,14,58,0.0
1651831795,-36,14,58,0.0
1651831797,-36,14,58,0.0
1651831799,-36,14,58,0.0
1651831801,-36,14,58,0.0
1651831803,-36,14,58,0.0
1651831805,-36,14,58,0.0
1651831807,-36,14,58,0.0
1651831809,-36,14,58,0.0
1651831811,-36,14,58,0.0
1651831813,-36,14,58,0.0
1651831858,-62,0,1158,24.4
1651831860,-61,0,1032,-63.0
1651831862,-64,0,1458,213.0
1651831864,-65,0,1636,89.0
1651831866,-64,0,1458,-89.0
1651831868,-65,0,1636,89.0
1651831870,-65,0,1636,0.0
1651831872,-64,3,1458,-89.0
1651831874,-63,3,1299,-79.5
1651831876,-65,3,1636,168.5
1651831878,-64,3,1458,-89.0
1651831880,-64,3,1458,0.0
1651831882,-63,3,1299,-79.5
1651831884,-64,9,1458,79.5
1651831886,-64,9,1458,0.0
1651831888,-66,10,1835,188.5
1651831890,-64,1,1458,-188.5
1651831892,-65,9,1636,89.0
1651831894,-63,9,1299,-168.5
1651831896,-65,9,1636,168.5
1651831898,-60,9,920,-358.0
1651831900,-63,2,1299,189.5
1651831902,-63,9,1299,0.0
1651831904,-78,1,7307,3004.0
1651831906,-64,9,1458,-2924.5
1651831908,-64,9,1458,0.0
1651831910,-62,9,1158,-150.0
1651831912,-63,6,1299,70.5
1651831914,-52,3,366,-466.5
1651831916,-54,3,461,47.5
1651831918,-65,8,1636,587.5
1651831920,-63,0,1299,-168.5
1651831922,-60,1,920,-189.5
1651831924,-62,1,1158,119.0
1651831926,-61,4,1032,-63.0
1651831928,-64,4,1458,213.0
1651831930,-63,4,1299,-79.5
1651831932,-64,1,1458,79.5
1651831934,-65,1,1636,89.0
1651831936,-63,1,1299,-168.5
1651831938,-61,1,1032,-133.5
1651831940,-61,8,1032,0.0
1651831942,-65,0,1636,302.0
1651831944,-67,2,2059,211.5
1651831946,-64,2,1458,-300.5
1651831948,-66,2,1835,188.5
1651831950,-65,0,1636,-99.5
1651831952,-65,2,1636,0.0
1651831954,-60,0,920,-358.0
1651831956,-61,0,1032,56.0
1651831958,-57,0,651,-190.5
1651831960,-64,0,1458,403.5
1651831962,-64,0,1458,0.0
1651831964,-64,0,1458,0.0
1651831966,-61,0,1032,-213.0
1651831968,-63,0,1299,133.5
1651831971,-62,0,1158,-47.0
1651831973,-63,0,1299,70.5
1651831975,-61,0,1032,-133.5
1651831977,-65,0,1636,302.0
1651831979,-63,0,1299,-168.5
1651831981,-62,10,1158,-70.5
1651831983,-65,0,1636,239.0
1651831985,-63,0,1299,-168.5
1651831987,-63,0,1299,0.0
1651831989,-63,0,1299,0.0
1651831991,-60,2,920,-189.5
1651831993,-62,2,1158,119.0
1651831995,-62,0,1158,0.0
1651831997,-61,0,1032,-63.0
1651831999,-63,0,1299,133.5
1651832001,-62,0,1158,-70.5
1651832003,-61,0,1032,-63.0
1651832005,-62,0,1158,63.0
1651832007,-64,0,1458,150.0
1651832009,-66,0,1835,188.5
1651832011,-62,0,1158,-338.5
1651832013,-66,0,1835,338.5
1651832015,-66,0,1835,0.0
1651832017,-66,0,1835,0.0
1651832019,-65,0,1636,-99.5
1651832021,-65,0,1636,0.0
1651832023,-63,8,1299,-168.5
1651832025,-63,3,1299,0.0
1651832027,-63,3,1299,0.0
1651832029,-69,3,2592,646.5
1651832031,-67,3,2059,-266.5
1651832033,-66,3,1835,-112.0
1651832035,-63,3,1299,-268.0
1651832037,-63,0,1299,0.0
1651832039,-65,3,1636,168.5
1651832041,-66,0,1835,99.5
1651832043,-64,0,1458,-188.5
1651832045,-69,0,2592,567.0
1651832047,-70,0,2909,158.5
1651832049,-66,0,1835,-537.0
1651832051,-64,0,1458,-188.5
1651832053,-62,3,1158,-150.0
1651832055,-63,3,1299,70.5
1651832057,-62,3,1158,-70.5
1651832059,-63,9,1299,70.5
1651832061,-63,9,1299,0.0
1651832063,-59,3,820,-239.5
1651832065,-63,1,1299,239.5
1651832067,-64,9,1458,79.5
1651832069,-64,9,1458,0.0
1651832071,-60,9,920,-269.0
1651832073,-62,9,1158,119.0
1651832075,-66,0,1835,338.5
1651832077,-61,0,1032,-401.5
1651832079,-65,0,1636,302.0
1651832081,-65,0,1636,0.0
1651832083,-66,1,1835,99.5
1651832085,-67,1,2059,112.0
1651832087,-63,0,1299,-380.0
1651832089,-61,0,1032,-133.5
1651832091,-62,0,1158,63.0
1651832093,-62,8,1158,0.0
1651832095,-65,0,1636,239.0
1651832097,-64,0,1458,-89.0
1651832099,-63,0,1299,-79.5
1651832101,-63,8,1299,0.0
1651832103,-61,8,1032,-133.5
1651832105,-63,0,1299,133.5
1651832107,-66,3,1835,268.0
1651832109,-61,3,1032,-401.5
1651832111,-63,3,1299,133.5
1651832113,-60,3,920,-189.5
1651832115,-65,3,1636,358.0
1651832117,-66,5,1835,99.5
1651832119,-61,2,1032,-401.5
1651832121,-64,8,1458,213.0
1651832123,-65,8,1636,89.0
1651832125,-67,8,2059,211.5
1651832127,-67,0,2059,0.0
1651832129,-68,0,2311,126.0
1651832131,-67,0,2059,-126.0
1651832133,-67,0,2059,0.0
1651832135,-63,0,1299,-380.0
1651832137,-67,0,2059,380.0
1651832139,-68,0,2311,126.0
1651832141,-65,0,1636,-337.5
1651832143,-66,0,1835,99.5
1651832145,-65,0,1636,-99.5
1651832147,-65,0,1636,0.0
1651832149,-68,0,2311,337.5
1651832151,-67,0,2059,-126.0
1651832153,-68,0,2311,126.0
1651832155,-65,0,1636,-337.5
1651832157,-65,0,1636,0.0
1651832159,-65,2,1636,0.0
1651832161,-62,2,1158,-239.0
1651832163,-63,0,1299,70.5
1651832165,-68,0,2311,506.0
1651832167,-75,0,5173,1431.0
1651832169,-67,0,2059,-1557.0
1651832171,-62,0,1158,-450.5
1651832173,-64,0,1458,150.0
1651832175,-63,0,1299,-79.5
1651832177,-68,4,2311,506.0
1651832179,-62,0,1158,-576.5
1651832181,-64,0,1458,150.0
1651832183,-63,1,1299,-79.5
1651832185,-62,1,1158,-70.5
1651832187,-62,8,1158,0.0
1651832189,-70,8,2909,875.5
1651832191,-66,0,1835,-537.0
1651832193,-69,8,2592,378.5
1651832195,-69,8,2592,0.0
1651832197,-67,0,2059,-266.5
1651832199,-65,8,1636,-211.5
1651832201,-67,0,2059,211.5
1651832203,-67,8,2059,0.0
1651832205,-70,8,2909,425.0
1651832207,-67,0,2059,-425.0
1651832209,-69,0,2592,266.5
1651832211,-64,0,1458,-567.0
1651832213,-67,0,2059,300.5
1651832215,-65,0,1636,-211.5
1651832217,-62,0,1158,-239.0
1651832219,-65,0,1636,239.0
1651832221,-63,2,1299,-168.5
1651832223,-63,0,1299,0.0
1651832225,-65,0,1636,168.5
1651832227,-67,2,2059,211.5
1651832229,-62,2,1158,-450.5
1651832231,-62,7,1158,0.0
1651832233,-61,0,1032,-63.0
1651832235,-62,9,1158,63.0
1651832237,-63,1,1299,70.5
1651832239,-63,9,1299,0.0
1651832241,-66,9,1835,268.0
1651832243,-61,9,1032,-401.5
1651832245,-65,9,1636,302.0
1651832247,-65,9,1636,0.0
1651832249,-59,9,820,-408.0
1651832251,-66,9,1835,507.5
1651832253,-63,9,1299,-268.0
1651832255,-61,9,1032,-133.5
1651832257,-65,9,1636,302.0
1651832259,-63,9,1299,-168.5
1651832261,-65,9,1636,168.5
1651832263,-69,3,2592,478.0
1651832265,-69,9,2592,0.0
1651832267,-66,3,1835,-378.5
1651832269,-63,9,1299,-268.0
1651832271,-62,2,1158,-70.5
1651832273,-66,2,1835,338.5
1651832275,-65,9,1636,-99.5
1651832277,-67,9,2059,211.5
1651832279,-64,9,1458,-300.5
1651832281,-62,2,1158,-150.0
1651832283,-63,2,1299,70.5
1651832285,-63,0,1299,0.0
1651832287,-62,0,1158,-70.5
1651832289,-63,0,1299,70.5
1651832291,-69,0,2592,646.5
1651832293,-59,0,820,-886.0
1651832295,-62,0,1158,169.0
1651832297,-67,0,2059,450.5
1651832299,-67,0,2059,0.0
1651832301,-60,0,920,-569.5
1651832303,-67,0,2059,569.5
1651835934,-23,0,13,-0.6
1651835936,-23,0,13,0.0
1651835938,-25,12,16,1.5
1651835940,-26,12,18,1.0
1651835942,-29,7,26,4.0
1651835944,-28,15,23,-1.5
1651835946,-27,14,21,-1.0
1651835948,-28,14,23,1.0
1651835950,-24,14,15,-4.0
1651835952,-32,14,37,11.0
1651835954,-30,15,29,-4.0
1651835956,-29,13,26,-1.5
1651835958,-30,13,29,1.5
1651835960,-25,15,16,-6.5
1651835962,-39,15,82,33.0
1651835964,-30,12,29,-26.5
1651835966,-29,14,26,-1.5
1651835968,-30,13,29,1.5
1651835970,-36,15,58,14.5
1651835972,-27,15,21,-18.5
1651835974,-30,15,29,4.0
1651835976,-30,15,29,0.0
1651835978,-35,15,52,11.5
1651835980,-30,6,29,-11.5
1651835982,-30,12,29,0.0
1651835984,-29,12,26,-1.5
1651835986,-31,14,33,3.5
1651835988,-29,13,26,-3.5
1651835990,-29,5,26,0.0
1651835992,-36,14,58,16.0
1651835994,-27,15,21,-18.5
1651835996,-28,15,23,1.0
1651835998,-27,15,21,-1.0
1651836000,-31,15,33,6.0
1651836002,-31,14,33,0.0
1651836004,-19,15,8,-12.5
1651836006,-39,14,82,37.0
1651836008,-27,15,21,-30.5
1651836010,-26,14,18,-1.5
1651836012,-29,7,26,4.0
1651836014,-33,14,41,7.5
1651836016,-30,13,29,-6.0
1651836018,-31,14,33,2.0
1651836020,-27,14,21,-6.0
1651836022,-28,14,23,1.0
1651836024,-30,14,29,3.0
1651836026,-29,14,26,-1.5
1651836028,-31,15,33,3.5
1651836030,-33,12,41,4.0
1651836032,-29,13,26,-7.5
1651836034,-28,12,23,-1.5
1651836036,-29,14,26,1.5
1651836038,-29,15,26,0.0
1651836040,-29,15,26,0.0
1651836042,-29,12,26,0.0
1651836044,-31,13,33,3.5
1651836046,-77,14,6512,3239.5
1651836048,-34,14,46,-3233.0
1651836050,-35,14,52,3.0
1651836052,-28,14,23,-14.5
1651836054,-31,15,33,5.0
1651836056,-28,13,23,-5.0
1651836058,-33,15,41,9.0
1651836060,-29,15,26,-7.5
1651836062,-29,15,26,0.0
1651836064,-29,15,26,0.0
1651836066,-30,14,29,1.5
1651836068,-29,14,26,-1.5
1651836070,-27,14,21,-2.5
1651836072,-29,14,26,2.5
1651836074,-24,15,15,-5.5
1651836076,-33,15,41,13.0
1651836078,-28,15,23,-9.0
1651836080,-32,12,37,7.0
1651836082,-28,12,23,-7.0
1651836084,-31,15,33,5.0
1651836086,-34,15,46,6.5
1651836088,-28,6,23,-11.5
1651836090,-27,14,21,-1.0
1651836092,-31,14,33,6.0
1651836094,-36,15,58,12.5
1651836096,-30,7,29,-14.5
1651836098,-31,15,33,2.0
1651836100,-27,14,21,-6.0
1651836102,-30,14,29,4.0
1651836104,-29,14,26,-1.5
1651836106,-29,15,26,0.0
1651836108,-36,6,58,16.0
1651836110,-28,14,23,-17.5
1651836112,-32,14,37,7.0
1651836114,-34,15,46,4.5
1651836116,-32,15,37,-4.5
1651836118,-36,12,58,10.5
1651836120,-29,14,26,-16.0
1651836122,-31,12,33,3.5
1651836124,-31,15,33,0.0
1651836126,-30,15,29,-2.0
1651836128,-35,14,52,11.5
1651836130,-29,14,26,-13.0
1651836132,-28,13,23,-1.5
1651836134,-34,15,46,11.5
1651836136,-28,15,23,-11.5
1651836138,-31,15,33,5.0
1651836140,-30,15,29,-2.0
1651836142,-29,14,26,-1.5
1651836144,-29,14,26,0.0
1651836146,-28,15,23,-1.5
1651836148,-30,13,29,3.0
1651836150,-28,12,23,-3.0
1651836152,-34,15,46,11.5
1651836154,-29,5,26,-10.0
1651836156,-29,15,26,0.0
1651836158,-29,15,26,0.0
1651836160,-31,15,33,3.5
1651836162,-35,15,52,9.5
1651836164,-32,15,37,-7.5
1651836166,-27,15,21,-8.0
1651836168,-29,14,26,2.5
1651836170,-30,15,29,1.5
1651836172,-29,15,26,-1.5
1651836174,-30,15,29,1.5
1651836176,-29,15,26,-1.5
1651836178,-35,15,52,13.0
1651836180,-33,15,41,-5.5
1651836182,-31,15,33,-4.0
1651836184,-32,15,37,2.0
1651836186,-29,14,26,-5.5
1651836188,-33,7,41,7.5
1651836190,-32,12,37,-2.0
1651836192,-37,13,65,14.0
1651836194,-27,15,21,-22.0
1651836196,-31,13,33,6.0
1651836198,-30,13,29,-2.0
1651836200,-29,15,26,-1.5
1651836202,-28,6,23,-1.5
1651836204,-30,15,29,3.0
1651836206,-29,11,26,-1.5
1651836208,-31,7,33,3.5
1651836210,-33,12,41,4.0
1651836212,-30,14,29,-6.0
1651836214,-31,15,33,2.0
1651836216,-28,13,23,-5.0
1651836218,-29,14,26,1.5
1651836220,-31,14,33,3.5
1651836222,-30,13,29,-2.0
1651836224,-30,13,29,0.0
1651836226,-31,15,33,2.0
1651836228,-32,15,37,2.0
1651836230,-29,12,26,-5.5
1651836232,-33,13,41,7.5
1651836234,-32,15,37,-2.0
1651836236,-30,15,29,-4.0
1651836238,-29,15,26,-1.5
1651836240,-27,15,21,-2.5
1651836242,-20,12,9,-6.0
1651836244,-37,6,65,28.0
1651836246,-29,15,26,-19.5
1651836248,-29,15,26,0.0
1651836250,-29,14,26,0.0
1651836252,-31,15,33,3.5
1651836254,-30,15,29,-2.0
1651836256,-32,15,37,4.0
1651836258,-30,14,29,-4.0
1651836260,-29,14,26,-1.5
1651836262,-30,15,29,1.5
1651836264,-29,13,26,-1.5
1651836266,-34,11,46,10.0
1651836268,-33,15,41,-2.5
1651836270,-33,13,41,0.0
1651836272,-33,6,41,0.0
1651836274,-31,12,33,-4.0
1651836276,-38,13,73,20.0
1651836278,-24,6,15,-29.0
1651836280,-36,14,58,21.5
1651836282,-31,14,33,-12.5
1651836284,-31,14,33,0.0
1651836286,-27,14,21,-6.0
1651836288,-28,14,23,1.0
1651836290,-31,14,33,5.0
1651836292,-34,14,46,6.5
1651836294,-32,14,37,-4.5
1651836296,-32,14,37,0.0
1651836298,-35,13,52,7.5
1651836300,-31,13,33,-9.5
1651836302,-30,13,29,-2.0
1651836304,-31,13,33,2.0
1651836306,-32,13,37,2.0
1651836308,-31,13,33,-2.0
1651836310,-37,13,65,16.0
1651836312,-34,13,46,-9.5
1651836314,-35,12,52,3.0
1651836316,-30,12,29,-11.5
1651836318,-32,12,37,4.0
1651836320,-37,12,65,14.0
1651836322,-34,12,46,-9.5
1651836324,-31,12,33,-6.5
1651836326,-35,12,52,9.5
1651836328,-34,13,46,-3.0
1651836330,-27,13,21,-12.5
1651836332,-32,13,37,8.0
1651836334,-38,13,73,18.0
1651836336,-33,13,41,-16.0
1651836338,-45,14,164,61.5
1651836340,-39,14,82,-41.0
1651836342,-41,14,103,10.5
1651836344,-38,5,73,-15.0
1651836346,-40,12,92,9.5
1651836348,-30,12,29,-31.5
1651836350,-29,12,26,-1.5
1651836352,-30,12,29,1.5
1651836354,-28,12,23,-3.0
1651836356,-29,12,26,1.5
1651836358,-29,12,26,0.0
1651836360,-28,12,23,-1.5
1651836362,-25,12,16,-3.5
1651836364,-31,12,33,8.5
1651836366,-27,15,21,-6.0
1651836368,-31,7,33,6.0
1651836370,-29,7,26,-3.5
1651836372,-32,14,37,5.5
1651836374,-34,13,46,4.5
1651836376,-26,15,18,-14.0
1651836378,-25,15,16,-1.0
1651836380,-29,15,26,5.0
1651836382,-32,14,37,5.5
1651836384,-30,14,29,-4.0
1651836386,-34,14,46,8.5
1651836388,-28,14,23,-11.5
1651836390,-28,15,23,0.0
1651836392,-29,7,26,1.5
1651836394,-30,15,29,1.5
1651836396,-30,12,29,0.0
1651836398,-28,14,23,-3.0
1651836400,-30,14,29,3.0
1651836402,-30,12,29,0.0
1651836404,-29,15,26,-1.5
1651836406,-30,13,29,1.5
1651836408,-31,14,33,2.0
1651836410,-36,15,58,12.5
1651836412,-31,14,33,-12.5
1651836414,-31,12,33,0.0
1651836416,-29,14,26,-3.5
1651836418,-30,12,29,1.5
1651836420,-35,15,52,11.5
1651836422,-30,15,29,-11.5
1651836424,-29,15,26,-1.5
1651836426,-29,15,26,0.0
1651836428,-31,15,33,3.5
1651836430,-35,15,52,9.5
1651836432,-30,14,29,-11.5
1651836434,-29,14,26,-1.5
1651836436,-31,13,33,3.5
1651836438,-30,14,29,-2.0
1651836440,-30,13,29,0.0
1651836442,-30,13,29,0.0
1651836444,-30,13,29,0.0
1651836446,-29,13,26,-1.5
1651836448,-35,15,52,13.0
1651836450,-28,15,23,-14.5
1651836452,-32,12,37,7.0
1651836454,-32,13,37,0.0
1651836457,-29,14,26,-3.7
1651836459,-30,14,29,1.5
1651836461,-34,14,46,8.5
1651836463,-32,14,37,-4.5
1651836465,-30,5,29,-4.0
1651836467,-31,13,33,2.0
1651836469,-32,13,37,2.0
1651836471,-31,14,33,-2.0
1651836473,-35,13,52,9.5
1651836475,-31,13,33,-9.5
1651836477,-30,14,29,-2.0
1651836479,-32,14,37,4.0
1651836481,-31,5,33,-2.0
1651836483,-33,14,41,4.0
1651836485,-32,13,37,-2.0
1651836487,-35,13,52,7.5
1651836489,-31,13,33,-9.5
1651836491,-34,14,46,6.5
1651836493,-30,5,29,-8.5
1651836495,-35,7,52,11.5
1651836497,-34,6,46,-3.0
1651836499,-35,6,52,3.0
1651836501,-33,6,41,-5.5
1651836503,-34,6,46,2.5
1651836505,-33,6,41,-2.5
1651836507,-35,6,52,5.5
1651836509,-35,6,52,0.0
1651836511,-36,6,58,3.0
1651836513,-38,6,73,7.5
1651836515,-38,6,73,0.0
1651836517,-40,6,92,9.5
1651836519,-42,6,116,12.0
1651836521,-39,6,82,-17.0
1651836523,-40,12,92,5.0
1651836525,-44,5,146,27.0
1651836527,-43,6,130,-8.0
1651836529,-40,6,92,-19.0
1651836531,-42,6,116,12.0
1651836533,-42,12,116,0.0
1651836535,-42,12,116,0.0
1651836537,-42,12,116,0.0
1651836539,-39,7,82,-17.0
1651836541,-41,7,103,10.5
1651836543,-42,14,116,6.5
1651836545,-42,14,116,0.0
1651836547,-47,7,206,45.0
1651836549,-44,11,146,-30.0
1651836551,-46,11,184,19.0
1651836553,-46,7,184,0.0
1651836555,-48,7,231,23.5
1651836557,-50,6,291,30.0
1651836559,-48,11,231,-30.0
1651836561,-47,15,206,-12.5
1651836563,-45,12,164,-21.0
1651836565,-49,13,259,47.5
1651836567,-49,6,259,0.0
1651836569,-48,7,231,-14.0
1651836571,-54,12,461,115.0
1651836573,-52,7,366,-47.5
1651836575,-53,7,411,22.5
1651836577,-50,11,291,-60.0
1651836579,-49,11,259,-16.0
1651836581,-50,5,291,16.0
1651836583,-49,6,259,-16.0
1651836585,-48,6,231,-14.0
1651836587,-54,6,461,115.0
1651836589,-54,11,461,0.0
1651836591,-53,11,411,-25.0
1651836593,-54,7,461,25.0
1651836595,-53,7,411,-25.0
1651836597,-53,5,411,0.0
1651836599,-50,11,291,-60.0
1651836601,-51,6,326,17.5
1651836603,-51,6,326,0.0
1651836605,-52,6,366,20.0
1651836607,-51,6,326,-20.0
1651836609,-51,6,326,0.0
1651836611,-49,5,259,-33.5
1651836613,-52,6,366,53.5
1651836615,-53,7,411,22.5
1651836617,-53,7,411,0.0
1651836619,-51,5,326,-42.5
1651836621,-51,4,326,0.0
1651836623,-50,4,291,-17.5
1651836625,-51,6,326,17.5
1651836627,-49,7,259,-33.5
1651836629,-62,5,1158,449.5
1651836631,-61,3,1032,-63.0
1651836633,-59,9,820,-106.0
1651836635,-63,4,1299,239.5
1651836637,-57,4,651,-324.0
1651836639,-54,4,461,-95.0
1651836641,-54,4,461,0.0
1651836643,-53,5,411,-25.0
1651836645,-53,5,411,0.0
1651836647,-52,4,366,-22.5
1651836649,-53,5,411,22.5
1651836651,-52,5,366,-22.5
1651836653,-52,5,366,0.0
1651836655,-50,5,291,-37.5
1651836657,-54,5,461,85.0
1651836659,-53,10,411,-25.0
1651836661,-53,5,411,0.0
1651836663,-53,5,411,0.0
1651836665,-53,7,411,0.0
1651836667,-52,10,366,-22.5
1651836669,-56,5,580,107.0
1651836671,-54,5,461,-59.5
1651836673,-57,5,651,95.0
1651836675,-55,5,517,-67.0
1651836677,-56,5,580,31.5
1651836679,-54,13,461,-59.5
1651836681,-55,6,517,28.0
1651836683,-52,5,366,-75.5
1651836685,-56,10,580,107.0
1651836687,-56,5,580,0.0
1651836689,-59,6,820,120.0
1651836691,-58,5,731,-44.5
1651836693,-56,5,580,-75.5
1651836695,-60,5,920,170.0
1651836697,-59,5,820,-50.0
1651836699,-56,3,580,-120.0
1651836701,-53,6,411,-84.5
1651836703,-56,4,580,84.5
1651836705,-57,4,651,35.5
1651836707,-55,4,517,-67.0
1651836709,-50,4,291,-113.0
1651836711,-56,5,580,144.5
1651836713,-55,7,517,-31.5
1651836715,-55,6,517,0.0
1651836717,-55,7,517,0.0
1651836719,-55,5,517,0.0
1651836721,-55,5,517,0.0
1651836723,-55,6,517,0.0
1651836725,-56,6,580,31.5
1651836727,-55,5,517,-31.5
1651836729,-56,5,580,31.5
1651836731,-48,5,231,-174.5
1651836733,-55,5,517,143.0
1651836735,-52,6,366,-75.5
1651836737,-55,5,517,75.5
1651836739,-50,4,291,-113.0
1651836741,-52,5,366,37.5
1651836743,-52,5,366,0.0
1651836745,-53,5,411,22.5
1651836747,-56,5,580,84.5
1651836749,-52,11,366,-107.0
1651836751,-54,7,461,47.5
1651836753,-55,9,517,28.0
1651836755,-56,9,580,31.5
1651836757,-55,7,517,-31.5
1651836759,-58,5,731,107.0
1651836761,-56,4,580,-75.5
1651836763,-55,15,517,-31.5
1651836765,-56,4,580,31.5
1651836767,-60,5,920,170.0
1651836769,-59,5,820,-50.0
1651836771,-59,6,820,0.0
1651836773,-58,4,731,-44.5
1651836775,-58,5,731,0.0
1651836777,-60,5,920,94.5
1651836779,-56,7,580,-170.0
1651836781,-58,7,731,75.5
1651836783,-59,4,820,44.5
1651836785,-58,6,731,-44.5
1651836787,-57,5,651,-40.0
1651836789,-59,5,820,84.5
1651836791,-57,5,651,-84.5
1651836793,-58,10,731,40.0
1651836795,-60,10,920,94.5
1651836797,-59,10,820,-50.0
1651836799,-59,10,820,0.0
1651836801,-59,10,820,0.0
1651836803,-59,10,820,0.0
1651836805,-59,9,820,0.0
1651836807,-54,9,461,-179.5
1651836809,-54,3,461,0.0
1651836811,-58,4,731,135.0
1651836813,-59,4,820,44.5
1651836815,-57,4,651,-84.5
1651836817,-59,4,820,84.5
1651836819,-59,4,820,0.0
1651836821,-62,4,1158,169.0
1651836823,-62,4,1158,0.0
1651836825,-62,4,1158,0.0
1651836827,-62,5,1158,0.0
1651836829,-61,4,1032,-63.0
1651836831,-62,3,1158,63.0
1651836833,-62,10,1158,0.0
1651836835,-62,6,1158,0.0
1651836837,-59,3,820,-169.0
1651836839,-63,5,1299,239.5
1651836841,-60,3,920,-189.5
1651836843,-60,3,920,0.0
1651836845,-61,4,1032,56.0
1651836847,-58,4,731,-150.5
1651836849,-61,5,1032,150.5
1651836851,-62,5,1158,63.0
1651836853,-62,9,1158,0.0
1651836855,-63,2,1299,70.5
1651836857,-59,11,820,-239.5
1651836859,-60,3,920,50.0
1651836861,-58,1,731,-94.5
1651836863,-57,3,651,-40.0
1651836865,-62,6,1158,253.5
1651836867,-61,4,1032,-63.0
1651836869,-58,5,731,-150.5
1651836871,-62,9,1158,213.5
1651836873,-58,9,731,-213.5
1651836875,-61,4,1032,150.5
1651836877,-62,8,1158,63.0
1651836879,-59,2,820,-169.0
1651836881,-60,4,920,50.0
1651836883,-65,8,1636,358.0
1651836885,-64,3,1458,-89.0
1651836887,-62,4,1158,-150.0
1651836889,-63,3,1299,70.5
1651836891,-64,10,1458,79.5
1651836893,-60,10,920,-269.0
1651836895,-61,8,1032,56.0
1651836897,-63,2,1299,133.5
1651836899,-62,8,1158,-70.5
1651836901,-62,8,1158,0.0
1651836903,-64,8,1458,150.0
1651836905,-65,8,1636,89.0
1651836907,-65,2,1636,0.0
1651836909,-59,4,820,-408.0
1651836911,-62,0,1158,169.0
1651836913,-62,0,1158,0.0
1651836915,-62,0,1158,0.0
1651836917,-64,0,1458,150.0
1651836919,-63,0,1299,-79.5
1651836921,-65,0,1636,168.5
1651836923,-63,0,1299,-168.5
1651836925,-64,0,1458,79.5
1651836927,-63,4,1299,-79.5
1651836929,-64,4,1458,79.5
1651836931,-64,15,1458,0.0
1651836933,-65,4,1636,89.0
1651836935,-64,4,1458,-89.0
1651836937,-64,4,1458,0.0
1651836939,-64,4,1458,0.0
1651836941,-65,4,1636,89.0
1651836943,-66,4,1835,99.5
1651836945,-62,1,1158,-338.5
1651836947,-66,3,1835,338.5
1651836949,-64,3,1458,-188.5
1651836951,-66,4,1835,188.5
1651836953,-65,3,1636,-99.5
1651836955,-60,4,920,-358.0
1651836957,-63,3,1299,189.5
1651836959,-60,2,920,-189.5
1651836961,-63,3,1299,189.5
1651836963,-64,3,1458,79.5
1651836965,-62,3,1158,-150.0
1651836967,-64,8,1458,150.0
1651836969,-60,1,920,-269.0
1651836971,-58,1,731,-94.5
1651836973,-62,1,1158,213.5
1651836975,-64,8,1458,150.0
1651836977,-58,8,731,-363.5
1651836979,-62,5,1158,213.5
1651836981,-59,5,820,-169.0
1651836983,-66,5,1835,507.5
1651836985,-65,4,1636,-99.5
1651836987,-62,3,1158,-239.0
1651836989,-60,3,920,-119.0
1651836991,-65,1,1636,358.0
1651836993,-62,4,1158,-239.0
1651836995,-61,4,1032,-63.0
1651836997,-62,2,1158,63.0
1651836999,-60,9,920,-119.0
1651837001,-63,3,1299,189.5
1651837003,-64,9,1458,79.5
1651837005,-58,8,731,-363.5
1651837007,-63,9,1299,284.0
1651837009,-66,8,1835,268.0
1651837011,-65,11,1636,-99.5
1651837013,-62,8,1158,-239.0
1651837015,-64,2,1458,150.0
1651837017,-63,0,1299,-79.5
1651837019,-61,4,1032,-133.5
1651837021,-60,4,920,-56.0
1651837023,-60,0,920,0.0
1651837025,-60,3,920,0.0
1651837027,-60,3,920,0.0
1651837029,-60,5,920,0.0
1651837031,-60,3,920,0.0
1651837033,-64,1,1458,269.0
1651837035,-64,4,1458,0.0
1651837037,-60,4,920,-269.0
1651837039,-57,4,651,-134.5
1651837041,-60,4,920,134.5
1651837043,-59,4,820,-50.0
1651837045,-61,4,1032,106.0
1651837047,-61,4,1032,0.0
1651837049,-64,4,1458,213.0
1651837051,-65,4,1636,89.0
1651837053,-64,15,1458,-89.0
1651837055,-63,9,1299,-79.5
1651837057,-61,4,1032,-133.5
1651837059,-65,4,1636,302.0
1651837061,-63,4,1299,-168.5
1651837063,-65,2,1636,168.5
1651837065,-65,4,1636,0.0
1651837067,-63,4,1299,-168.5
1651837069,-62,9,1158,-70.5
1651837071,-62,9,1158,0.0
1651837073,-63,3,1299,70.5
1651837075,-61,5,1032,-133.5
1651837077,-61,5,1032,0.0
1651837079,-63,3,1299,133.5
1651837081,-64,3,1458,79.5
1651837083,-61,3,1032,-213.0
1651837085,-62,4,1158,63.0
1651837087,-64,4,1458,150.0
1651837089,-64,3,1458,0.0
1651837091,-65,9,1636,89.0
1651837093,-60,9,920,-358.0
1651837095,-63,3,1299,189.5
1651837097,-60,8,920,-189.5
1651837099,-65,8,1636,358.0
1651837101,-63,6,1299,-168.5
1651837103,-64,8,1458,79.5
1651837105,-62,8,1158,-150.0
1651837107,-65,8,1636,239.0
1651837109,-65,8,1636,0.0
1651837111,-61,12,1032,-302.0
1651837113,-64,3,1458,213.0
1651837115,-63,3,1299,-79.5
1651837117,-63,3,1299,0.0
1651837119,-60,3,920,-189.5
1651837121,-64,3,1458,269.0
1651837123,-62,3,1158,-150.0
1651837125,-63,3,1299,70.5
1651837127,-63,9,1299,0.0
1651837129,-61,9,1032,-133.5
1651837131,-63,3,1299,133.5
1651837133,-63,4,1299,0.0
1651837135,-64,3,1458,79.5
1651837137,-66,1,1835,188.5
1651837139,-62,3,1158,-338.5
1651837141,-63,3,1299,70.5
1651837143,-64,7,1458,79.5
1651837145,-64,2,1458,0.0
1651837147,-61,3,1032,-213.0
1651837149,-64,1,1458,213.0
1651837151,-67,1,2059,300.5
1651837153,-68,4,2311,126.0
1651837155,-64,4,1458,-426.5
1651837157,-65,2,1636,89.0
1651837159,-65,4,1636,0.0
1651837161,-63,4,1299,-168.5
1651837163,-65,2,1636,168.5
1651837165,-61,4,1032,-302.0
1651837167,-63,2,1299,133.5
1651837169,-60,4,920,-189.5
1651837171,-65,4,1636,358.0
1651837173,-65,4,1636,0.0
1651837175,-67,2,2059,211.5
1651837177,-64,2,1458,-300.5
1651837179,-65,8,1636,89.0
1651837181,-64,8,1458,-89.0
1651837183,-64,2,1458,0.0
1651837185,-66,8,1835,188.5
1651837187,-62,2,1158,-338.5
1651837189,-64,4,1458,150.0
1651837191,-67,8,2059,300.5
1651837193,-64,1,1458,-300.5
1651837195,-66,8,1835,188.5
1651837197,-66,8,1835,0.0
1651837199,-66,1,1835,0.0
1651837201,-66,8,1835,0.0
1651837203,-64,8,1458,-188.5
1651837205,-65,2,1636,89.0
1651837207,-67,2,2059,211.5
1651837209,-64,3,1458,-300.5
1651837211,-65,1,1636,89.0
1651837213,-66,9,1835,99.5
1651837215,-66,9,1835,0.0
1651837217,-65,2,1636,-99.5
1651837219,-67,3,2059,211.5
1651837221,-67,2,2059,0.0
1651837223,-67,9,2059,0.0
1651837225,-68,4,2311,126.0
1651837227,-68,2,2311,0.0
1651837229,-66,3,1835,-238.0
1651837231,-69,3,2592,378.5
1651837233,-66,3,1835,-378.5
1651837235,-64,2,1458,-188.5
1651837237,-68,4,2311,426.5
1651837239,-68,4,2311,0.0
1651837241,-66,4,1835,-238.0
1651837243,-64,4,1458,-188.5
1651837245,-64,4,1458,0.0
1651837247,-64,1,1458,0.0
1651837249,-63,2,1299,-79.5
1651837251,-66,1,1835,268.0
1651837253,-65,1,1636,-99.5
1651837255,-67,1,2059,211.5
1651837257,-67,1,2059,0.0
1651837259,-65,12,1636,-211.5
1651837261,-67,0,2059,211.5
1651837263,-66,2,1835,-112.0
1651837265,-66,8,1835,0.0
1651837267,-71,2,3264,714.5
1651837269,-69,2,2592,-336.0
1651837271,-70,9,2909,158.5
1651837273,-67,11,2059,-425.0
1651837275,-66,0,1835,-112.0
1651837277,-66,0,1835,0.0
1651837279,-69,0,2592,378.5
1651837281,-68,4,2311,-140.5
1651837283,-66,2,1835,-238.0
1651837285,-64,2,1458,-188.5
1651837287,-63,2,1299,-79.5
1651837289,-66,2,1835,268.0
1651837291,-70,3,2909,537.0
1651837293,-63,2,1299,-805.0
1651837295,-66,2,1835,268.0
1651837297,-66,2,1835,0.0
1651837299,-66,1,1835,0.0
1651837301,-59,1,820,-507.5
1651837303,-64,2,1458,319.0
1651837305,-59,0,820,-319.0
1651837307,-65,13,1636,408.0
1651837309,-63,1,1299,-168.5
1651837311,-66,11,1835,268.0
1651837313,-66,3,1835,0.0
1651837315,-65,0,1636,-99.5
1651837317,-66,8,1835,99.5
1651837319,-67,0,2059,112.0
1651837321,-64,1,1458,-300.5
1651837323,-68,4,2311,426.5
1651837325,-66,1,1835,-238.0
1651837327,-66,0,1835,0.0
1651837329,-68,0,2311,238.0
1651837331,-68,1,2311,0.0
1651837333,-68,0,2311,0.0
1651837335,-67,1,2059,-126.0
1651837337,-68,0,2311,126.0
1651837339,-66,0,1835,-238.0
1651837341,-66,0,1835,0.0
1651837343,-66,0,1835,0.0
1651837345,-68,1,2311,238.0
1651837347,-66,8,1835,-238.0
1651837349,-66,1,1835,0.0
1651837351,-66,2,1835,0.0
1651837353,-65,2,1636,-99.5
1651837355,-66,2,1835,99.5
1651837357,-62,2,1158,-338.5
1651837359,-66,2,1835,338.5
1651837361,-66,8,1835,0.0
1651837363,-66,8,1835,0.0
1651837365,-66,4,1835,0.0
1651837367,-68,2,2311,238.0
1651837369,-67,8,2059,-126.0
1651837371,-70,8,2909,425.0
1651837373,-65,2,1636,-636.5
1651837375,-66,0,1835,99.5
1651837377,-67,12,2059,112.0
1651837379,-67,0,2059,0.0
1651837381,-67,0,2059,0.0
1651837383,-65,1,1636,-211.5
1651837385,-65,3,1636,0.0
1651837387,-67,3,2059,211.5
1651837389,-67,8,2059,0.0
1651837391,-64,8,1458,-300.5
1651837393,-67,3,2059,300.5
1651837395,-66,2,1835,-112.0
1651837397,-65,3,1636,-99.5
1651837399,-63,3,1299,-168.5
1651837401,-66,8,1835,268.0
1651837403,-66,8,1835,0.0
1651837405,-66,8,1835,0.0
1651837407,-65,3,1636,-99.5
1651837409,-65,3,1636,0.0
1651837411,-67,8,2059,211.5
1651837413,-66,1,1835,-112.0
1651837415,-65,1,1636,-99.5
1651837417,-66,1,1835,99.5
1651837419,-65,8,1636,-99.5
1651837421,-64,2,1458,-89.0
1651837423,-65,2,1636,89.0
1651837425,-65,4,1636,0.0
1651837427,-64,1,1458,-89.0
1651837429,-63,3,1299,-79.5
1651837431,-61,8,1032,-133.5
1651837433,-61,2,1032,0.0
1651837435,-64,8,1458,213.0
1651837437,-61,8,1032,-213.0
1651837439,-64,9,1458,213.0
1651837441,-62,8,1158,-150.0
1651837443,-62,4,1158,0.0
1651837445,-60,4,920,-119.0
1651837447,-61,0,1032,56.0
1651837449,-63,3,1299,133.5
1651837451,-65,2,1636,168.5
1651837453,-64,0,1458,-89.0
1651837455,-59,0,820,-319.0
1651837457,-64,0,1458,319.0
1651837459,-61,4,1032,-213.0
1651837461,-65,8,1636,302.0
1651837463,-65,8,1636,0.0
1651837465,-65,8,1636,0.0
1651837467,-61,3,1032,-302.0
1651837469,-60,8,920,-56.0
1651837471,-63,8,1299,189.5
1651837473,-64,3,1458,79.5
1651837475,-65,12,1636,89.0
1651837477,-63,5,1299,-168.5
1651837479,-63,8,1299,0.0
1651837481,-61,9,1032,-133.5
1651837483,-62,9,1158,63.0
1651837485,-62,8,1158,0.0
1651837487,-57,2,651,-253.5
1651837489,-62,8,1158,253.5
1651837491,-62,2,1158,0.0
1651837493,-60,5,920,-119.0
1651837495,-61,2,1032,56.0
1651837497,-61,3,1032,0.0
1651837499,-61,5,1032,0.0
1651837501,-60,2,920,-56.0
1651837503,-59,4,820,-50.0
1651837505,-56,4,580,-120.0
1651837507,-61,4,1032,226.0
1651837509,-55,4,517,-257.5
1651837511,-61,4,1032,257.5
1651837513,-60,4,920,-56.0
1651837515,-61,4,1032,56.0
1651837517,-59,4,820,-106.0
1651837519,-58,4,731,-44.5
1651837521,-62,4,1158,213.5
1651837523,-60,9,920,-119.0
1651837525,-61,4,1032,56.0
1651837527,-61,6,1032,0.0
1651837529,-63,6,1299,133.5
1651837531,-61,9,1032,-133.5
1651837533,-63,4,1299,133.5
1651837535,-64,2,1458,79.5
1651837537,-60,2,920,-269.0
1651837539,-61,3,1032,56.0
1651837541,-62,6,1158,63.0
1651837543,-61,5,1032,-63.0
1651837545,-57,4,651,-190.5
1651837547,-61,3,1032,190.5
1651837549,-56,6,580,-226.0
1651837551,-59,6,820,120.0
1651837553,-60,10,920,50.0
1651837555,-59,4,820,-50.0
1651837557,-53,4,411,-204.5
1651837559,-56,6,580,84.5
1651837561,-57,4,651,35.5
1651837563,-54,10,461,-95.0
1651837565,-59,10,820,179.5
1651837567,-59,4,820,0.0
1651837569,-59,5,820,0.0
1651837571,-60,5,920,50.0
1651837573,-60,5,920,0.0
1651837575,-58,6,731,-94.5
1651837577,-59,5,820,44.5
1651837579,-60,10,920,50.0
1651837581,-58,4,731,-94.5
1651837583,-58,10,731,0.0
1651837585,-54,10,461,-135.0
1651837587,-58,10,731,135.0
1651837589,-56,10,580,-75.5
1651837591,-57,5,651,35.5
1651837593,-55,5,517,-67.0
1651837595,-50,7,291,-113.0
1651837597,-54,10,461,85.0
1651837599,-56,7,580,59.5
1651837601,-58,5,731,75.5
1651837603,-58,5,731,0.0
1651837605,-61,6,1032,150.5
1651837607,-60,6,920,-56.0
1651837609,-60,4,920,0.0
1651837611,-58,4,731,-94.5
1651837613,-56,5,580,-75.5
1651837615,-62,5,1158,289.0
1651837617,-57,11,651,-253.5
1651837619,-58,6,731,40.0
1651837621,-59,6,820,44.5
1651837623,-55,10,517,-151.5
1651837625,-57,5,651,67.0
1651837627,-57,6,651,0.0
1651837629,-58,7,731,40.0
1651837631,-55,7,517,-107.0
1651837633,-56,6,580,31.5
1651837635,-55,6,517,-31.5
1651837637,-56,6,580,31.5
1651837639,-54,7,461,-59.5
1651837641,-55,7,517,28.0
1651837643,-55,7,517,0.0
1651837645,-55,5,517,0.0
1651837647,-52,6,366,-75.5
1651837649,-52,13,366,0.0
1651837651,-51,7,326,-20.0
1651837653,-51,7,326,0.0
1651837655,-52,11,366,20.0
1651837657,-50,6,291,-37.5
1651837659,-48,11,231,-30.0
1651837661,-47,4,206,-12.5
1651837663,-47,11,206,0.0
1651837665,-50,7,291,42.5
1651837667,-47,11,206,-42.5
1651837669,-44,7,146,-30.0
1651837671,-39,7,82,-32.0
1651837673,-43,5,130,24.0
1651837675,-43,7,130,0.0
1651837677,-43,5,130,0.0
1651837679,-40,7,92,-19.0
1651837681,-41,7,103,5.5
1651837683,-38,7,73,-15.0
1651837685,-37,7,65,-4.0
1651837687,-36,10,58,-3.5
1651837689,-30,7,29,-14.5
1651837691,-35,6,52,11.5
1651837693,-34,12,46,-3.0
1651837695,-36,12,58,6.0
1651837697,-35,12,52,-3.0
1651837699,-33,7,41,-5.5
1651837701,-33,15,41,0.0
1651837704,-30,15,29,-4.0
1651837706,-34,11,46,8.5
1651837708,-29,7,26,-10.0
1651837710,-31,12,33,3.5
1651837712,-29,15,26,-3.5
1651837714,-29,6,26,0.0
1651837716,-28,13,23,-1.5
1651837718,-30,15,29,3.0
1651837720,-36,15,58,14.5
1651837722,-32,15,37,-10.5
1651837724,-30,15,29,-4.0
1651837726,-31,11,33,2.0
1651837728,-29,11,26,-3.5
1651837730,-31,11,33,3.5
1651837732,-28,11,23,-5.0
1651837734,-29,6,26,1.5
1651837736,-30,6,29,1.5
1651837790,-40,0,92,1.2
1651837792,-77,0,6512,3210.0
1651837794,-42,0,116,-3198.0
1651837796,-38,0,73,-21.5
1651837798,-35,0,52,-10.5
1651837800,-41,6,103,25.5
1651837802,-40,6,92,-5.5
1651837804,-42,6,116,12.0
1651837806,-41,6,103,-6.5
1651837808,-40,6,92,-5.5
1651837810,-37,12,65,-13.5
1651837812,-37,12,65,0.0
1651837814,-33,12,41,-12.0
1651837816,-33,12,41,0.0
1651837818,-28,15,23,-9.0
1651837820,-38,12,73,25.0
1651837822,-32,13,37,-18.0
1651837824,-31,15,33,-2.0
1651837826,-32,15,37,2.0
1651837828,-31,13,33,-2.0
1651837830,-30,15,29,-2.0
1651837832,-38,15,73,22.0
1651837834,-32,15,37,-18.0
1651837836,-32,14,37,0.0
1651837838,-41,14,103,33.0
1651837840,-33,14,41,-31.0
1651837842,-33,15,41,0.0
1651837844,-38,13,73,16.0
1651837846,-31,14,33,-20.0
1651837848,-38,15,73,20.0
1651837850,-32,13,37,-18.0
1651837852,-32,15,37,0.0
1651837854,-32,14,37,0.0
1651837856,-31,14,33,-2.0
1651837858,-31,14,33,0.0
1651837860,-31,15,33,0.0
1651837862,-38,7,73,20.0
1651837864,-33,14,41,-16.0
1651837866,-37,7,65,12.0
1651837868,-29,14,26,-19.5
1651837870,-38,14,73,23.5
1651837872,-31,14,33,-20.0
1651837874,-18,7,7,-13.0
1651837876,-33,7,41,17.0
1651837878,-32,13,37,-2.0
1651837880,-28,13,23,-7.0
1651837882,-33,14,41,9.0
1651837884,-32,15,37,-2.0
1651837886,-36,13,58,10.5
1651837888,-34,13,46,-6.0
1651837890,-32,15,37,-4.5
1651837892,-40,15,92,27.5
1651837894,-30,14,29,-31.5
1651837896,-36,15,58,14.5
1651837898,-35,14,52,-3.0
1651837900,-35,6,52,0.0
1651837902,-27,15,21,-15.5
1651837904,-44,12,146,62.5
1651837906,-34,14,46,-50.0
1651837908,-43,14,130,42.0
1651837910,-34,14,46,-42.0
1651837912,-33,15,41,-2.5
1651837914,-37,13,65,12.0
1651837916,-42,14,116,25.5
1651837918,-36,14,58,-29.0
1651837920,-36,12,58,0.0
1651837922,-35,12,52,-3.0
1651837924,-36,14,58,3.0
1651837926,-37,14,65,3.5
1651837928,-42,12,116,25.5
1651837930,-37,7,65,-25.5
1651837932,-35,13,52,-6.5
1651837934,-35,15,52,0.0
1651837936,-34,15,46,-3.0
1651837938,-42,15,116,35.0
1651837940,-36,15,58,-29.0
1651837942,-36,15,58,0.0
1651837944,-36,15,58,0.0
1651837946,-36,14,58,0.0
1651837948,-37,13,65,3.5
1651837950,-36,15,58,-3.5
1651837952,-35,15,52,-3.0
1651837954,-41,14,103,25.5
1651837956,-41,15,103,0.0
1651837958,-34,13,46,-28.5
1651837960,-35,12,52,3.0
1651837962,-33,15,41,-5.5
1651837964,-33,15,41,0.0
1651837966,-33,14,41,0.0
1651837968,-33,15,41,0.0
1651837970,-34,13,46,2.5
1651837972,-43,12,130,42.0
1651837974,-34,13,46,-42.0
1651837976,-40,14,92,23.0
1651837978,-42,7,116,12.0
1651837980,-34,12,46,-35.0
1651837982,-33,12,41,-2.5
1651837984,-33,13,41,0.0
1651837986,-33,15,41,0.0
1651837988,-33,15,41,0.0
1651837990,-33,12,41,0.0
1651837992,-33,15,41,0.0
1651837994,-32,14,37,-2.0
1651837996,-35,6,52,7.5
1651837998,-35,14,52,0.0
1651838000,-37,13,65,6.5
1651838002,-30,13,29,-18.0
1651838004,-36,13,58,14.5
1651838006,-33,15,41,-8.5
1651838008,-34,15,46,2.5
1651838010,-34,15,46,0.0
1651838012,-34,15,46,0.0
1651838014,-38,15,73,13.5
1651838016,-34,14,46,-13.5
1651838018,-34,13,46,0.0
1651838020,-35,12,52,3.0
1651838022,-41,15,103,25.5
1651838024,-34,14,46,-28.5
1651838026,-35,14,52,3.0
1651838028,-35,15,52,0.0
1651838030,-34,13,46,-3.0
1651838032,-35,13,52,3.0
1651838034,-36,14,58,3.0
1651838036,-43,13,130,36.0
1651838038,-36,7,58,-36.0
1651838040,-35,13,52,-3.0
1651838042,-36,15,58,3.0
1651838044,-34,13,46,-6.0
1651838046,-40,15,92,23.0
1651838048,-42,15,116,12.0
1651838050,-34,15,46,-35.0
1651838052,-35,14,52,3.0
1651838054,-29,14,26,-13.0
1651838056,-31,14,33,3.5
1651838058,-36,13,58,12.5
1651838060,-29,15,26,-16.0
1651838062,-33,15,41,7.5
1651838064,-36,15,58,8.5
1651838066,-34,15,46,-6.0
1651838068,-35,15,52,3.0
1651838070,-35,7,52,0.0
1651838072,-36,4,58,3.0
1651838074,-35,15,52,-3.0
1651838076,-41,15,103,25.5
1651838078,-35,15,52,-25.5
1651838080,-35,15,52,0.0
1651838082,-36,15,58,3.0
1651838084,-36,15,58,0.0
1651838086,-32,15,37,-10.5
1651838088,-33,13,41,2.0
1651838090,-33,4,41,0.0
1651838092,-33,14,41,0.0
1651838094,-32,14,37,-2.0
1651838096,-32,14,37,0.0
1651838098,-32,14,37,0.0
1651838100,-32,14,37,0.0
1651838102,-36,6,58,10.5
1651838104,-34,6,46,-6.0
1651838106,-40,13,92,23.0
1651838108,-33,13,41,-25.5
1651838110,-32,13,37,-2.0
1651838112,-33,15,41,2.0
1651838114,-33,13,41,0.0
1651838116,-33,13,41,0.0
1651838118,-32,14,37,-2.0
1651838120,-33,13,41,2.0
1651838122,-33,14,41,0.0
1651838124,-34,15,46,2.5
1651838126,-35,15,52,3.0
1651838128,-36,15,58,3.0
1651838130,-35,14,52,-3.0
1651838132,-36,13,58,3.0
1651838134,-36,13,58,0.0
1651838136,-37,15,65,3.5
1651838138,-45,15,164,49.5
1651838140,-44,15,146,-9.0
1651838142,-35,15,52,-47.0
1651838144,-36,15,58,3.0
1651838146,-34,15,46,-6.0
1651838148,-35,11,52,3.0
1651838150,-40,13,92,20.0
1651838152,-32,13,37,-27.5
1651838154,-32,13,37,0.0
1651838156,-33,7,41,2.0
1651838158,-32,13,37,-2.0
1651838160,-33,13,41,2.0
1651838162,-34,13,46,2.5
1651838164,-33,13,41,-2.5
1651838166,-33,14,41,0.0
1651838168,-32,14,37,-2.0
1651838170,-31,14,33,-2.0
1651838172,-31,15,33,0.0
1651838174,-30,13,29,-2.0
1651838176,-31,14,33,2.0
1651838178,-32,14,37,2.0
1651838180,-32,13,37,0.0
1651838182,-32,13,37,0.0
1651838184,-33,12,41,2.0
1651838186,-31,13,33,-4.0
1651838188,-42,13,116,41.5
1651838190,-33,14,41,-37.5
1651838192,-41,13,103,31.0
1651838194,-34,15,46,-28.5
1651838196,-34,13,46,0.0
1651838198,-33,15,41,-2.5
1651838200,-34,15,46,2.5
1651838202,-33,15,41,-2.5
1651838204,-39,15,82,20.5
1651838206,-31,15,33,-24.5
1651838208,-30,15,29,-2.0
1651838210,-31,15,33,2.0
1651838212,-33,15,41,4.0
1651838214,-33,15,41,0.0
1651838216,-33,14,41,0.0
1651838218,-35,7,52,5.5
1651838220,-27,12,21,-15.5
1651838222,-38,15,73,26.0
1651838224,-42,15,116,21.5
1651838226,-36,13,58,-29.0
1651838228,-35,12,52,-3.0
1651838230,-35,15,52,0.0
1651838232,-35,13,52,0.0
1651838234,-35,14,52,0.0
1651838236,-37,15,65,6.5
1651838238,-42,15,116,25.5
1651838240,-46,14,184,34.0
1651838242,-37,14,65,-59.5
1651838244,-35,6,52,-6.5
1651838246,-46,5,184,66.0
1651838248,-36,12,58,-63.0
1651838250,-37,13,65,3.5
1651838252,-34,13,46,-9.5
1651838254,-35,13,52,3.0
1651838256,-36,12,58,3.0
1651838258,-38,14,73,7.5
1651838260,-35,12,52,-10.5
1651838262,-36,13,58,3.0
1651838264,-35,14,52,-3.0
1651838266,-36,14,58,3.0
1651838268,-37,14,65,3.5
1651838270,-35,14,52,-6.5
1651838272,-33,14,41,-5.5
1651838274,-30,14,29,-6.0
1651838276,-26,11,18,-5.5
1651838278,-37,4,65,23.5
1651838280,-34,5,46,-9.5
1651838283,-32,5,37,-3.0
1651838285,-32,5,37,0.0
1651838331,-39,15,82,1.0
1651838333,-29,7,26,-28.0
1651838335,-25,11,16,-5.0
1651838337,-40,7,92,38.0
1651838339,-29,12,26,-33.0
1651838341,-38,15,73,23.5
1651838343,-40,11,92,9.5
1651838345,-31,13,33,-29.5
1651838347,-32,6,37,2.0
1651838349,-29,12,26,-5.5
1651838351,-33,12,41,7.5
1651838353,-30,12,29,-6.0
1651838355,-37,12,65,18.0
1651838357,-38,12,73,4.0
1651838359,-36,15,58,-7.5
1651838361,-36,15,58,0.0
1651838363,-43,13,130,36.0
1651838365,-52,14,366,118.0
1651838367,-38,13,73,-146.5
1651838369,-39,13,82,4.5
1651838371,-39,14,82,0.0
1651838373,-47,13,206,62.0
1651838375,-47,14,206,0.0
1651838377,-48,13,231,12.5
1651838379,-42,13,116,-57.5
1651838381,-44,15,146,15.0
1651838383,-39,15,82,-32.0
1651838385,-37,13,65,-8.5
1651838387,-44,13,146,40.5
1651838389,-40,6,92,-27.0
1651838391,-48,15,231,69.5
1651838393,-44,15,146,-42.5
1651838395,-43,15,130,-8.0
1651838397,-43,5,130,0.0
1651838399,-45,7,164,17.0
1651838401,-42,14,116,-24.0
1651838403,-42,7,116,0.0
1651838405,-40,7,92,-12.0
1651838407,-42,7,116,12.0
1651838409,-44,11,146,15.0
1651838411,-41,15,103,-21.5
1651838413,-42,14,116,6.5
1651838415,-44,15,146,15.0
1651838417,-38,12,73,-36.5
1651838419,-37,13,65,-4.0
1651838421,-38,15,73,4.0
1651838423,-39,13,82,4.5
1651838425,-35,14,52,-15.0
1651838427,-44,13,146,47.0
1651838429,-28,15,23,-61.5
1651838431,-37,14,65,21.0
1651838433,-30,14,29,-18.0
1651838435,-35,13,52,11.5
1651838437,-31,13,33,-9.5
1651838439,-35,13,52,9.5
1651838441,-26,15,18,-17.0
1651838443,-30,13,29,5.5
1651838445,-27,15,21,-4.0
1651838447,-30,15,29,4.0
1651838449,-32,15,37,4.0
1651838451,-34,14,46,4.5
1651838453,-33,13,41,-2.5
1651838455,-27,14,21,-10.0
1651838457,-29,14,26,2.5
1651838459,-28,5,23,-1.5
1651838461,-29,15,26,1.5
1651838463,-28,7,23,-1.5
1651838465,-28,7,23,0.0
1651838467,-33,10,41,9.0
1651838469,-29,12,26,-7.5
1651838471,-29,12,26,0.0
1651838473,-35,12,52,13.0
1651838475,-29,14,26,-13.0
1651838477,-35,14,52,13.0
1651838479,-34,5,46,-3.0
1651838481,-28,12,23,-11.5
1651838483,-35,13,52,14.5
1651838485,-29,13,26,-13.0
1651838487,-30,6,29,1.5
1651838489,-29,7,26,-1.5
1651838491,-28,14,23,-1.5
1651838493,-29,12,26,1.5
1651838495,-29,11,26,0.0
1651838497,-30,13,29,1.5
1651838499,-28,13,23,-3.0
1651838501,-28,15,23,0.0
1651838503,-34,6,46,11.5
1651838505,-32,15,37,-4.5
1651838507,-29,15,26,-5.5
1651838509,-29,13,26,0.0
1651838511,-34,12,46,10.0
1651838513,-28,12,23,-11.5
1651838515,-34,13,46,11.5
1651838517,-38,15,73,13.5
1651838519,-33,11,41,-16.0
1651838521,-31,12,33,-4.0
1651838523,-28,12,23,-5.0
1651838525,-35,12,52,14.5
1651838527,-28,13,23,-14.5
1651838529,-28,14,23,0.0
1651838531,-30,13,29,3.0
1651838533,-34,15,46,8.5
1651838535,-28,15,23,-11.5
1651838537,-34,15,46,11.5
1651838539,-31,14,33,-6.5
1651838541,-29,15,26,-3.5
1651838543,-28,14,23,-1.5
1651838545,-30,14,29,3.0
1651838547,-29,15,26,-1.5
1651838549,-30,13,29,1.5
1651838551,-28,13,23,-3.0
1651838553,-35,14,52,14.5
1651838555,-29,14,26,-13.0
1651838557,-34,14,46,10.0
1651838559,-37,12,65,9.5
1651838561,-29,15,26,-19.5
1651838563,-30,12,29,1.5
1651838565,-31,15,33,2.0
1651838567,-29,15,26,-3.5
1651838569,-29,15,26,0.0
1651838571,-30,15,29,1.5
1651838573,-29,15,26,-1.5
1651838575,-35,13,52,13.0
1651838577,-29,13,26,-13.0
1651838579,-33,14,41,7.5
1651838581,-32,15,37,-2.0
1651838583,-32,15,37,0.0
1651838585,-32,12,37,0.0
1651838587,-35,14,52,7.5
1651838589,-34,14,46,-3.0
1651838591,-29,15,26,-10.0
1651838593,-32,15,37,5.5
1651838595,-33,6,41,2.0
1651838597,-30,7,29,-6.0
1651838599,-30,14,29,0.0
1651838601,-30,14,29,0.0
1651838603,-29,14,26,-1.5
1651838605,-31,14,33,3.5
1651838607,-30,11,29,-2.0
1651838609,-29,14,26,-1.5
1651838612,-29,14,26,0.0
1651838613,-30,14,29,3.0
1651838616,-31,15,33,1.3
1651838618,-30,13,29,-2.0
1651838620,-30,13,29,0.0
1651838622,-30,14,29,0.0
1651838624,-29,14,26,-1.5
1651838626,-36,13,58,16.0
1651838628,-30,13,29,-14.5
1651838630,-24,15,15,-7.0
1651838632,-34,15,46,15.5
1651838634,-31,15,33,-6.5
1651838636,-31,15,33,0.0
1651838638,-37,14,65,16.0
1651838640,-29,12,26,-19.5
1651838642,-31,12,33,3.5
1651838644,-37,12,65,16.0
1651838646,-32,12,37,-14.0
1651838648,-31,15,33,-2.0
1651838650,-32,15,37,2.0
1651838652,-29,13,26,-5.5
1651838654,-30,12,29,1.5
1651838656,-37,13,65,18.0
1651838658,-29,13,26,-19.5
1651838660,-31,13,33,3.5
1651838662,-32,13,37,2.0
1651838664,-42,15,116,39.5
1651838666,-30,6,29,-43.5
1651838668,-30,12,29,0.0
1651838670,-30,14,29,0.0
1651838672,-33,13,41,6.0
1651838674,-30,13,29,-6.0
1651838676,-29,7,26,-1.5
1651838678,-29,7,26,0.0
1651838680,-31,7,33,3.5
1651838682,-30,13,29,-2.0
1651838684,-32,14,37,4.0
1651838686,-30,11,29,-4.0
1651838688,-37,12,65,18.0
1651838690,-31,7,33,-16.0
1651838692,-31,5,33,0.0
1651838694,-30,14,29,-2.0
1651838696,-31,14,33,2.0
1651838698,-32,7,37,2.0
1651838700,-31,15,33,-2.0
1651838702,-27,15,21,-6.0
1651838704,-36,15,58,18.5
1651838706,-31,15,33,-12.5
1651838708,-30,12,29,-2.0
1651838710,-36,13,58,14.5
1651838712,-31,12,33,-12.5
1651838714,-32,15,37,2.0
1651838716,-31,7,33,-2.0
1651838718,-31,15,33,0.0
1651838720,-40,13,92,29.5
1651838722,-38,13,73,-9.5
1651838724,-36,13,58,-7.5
1651838726,-34,13,46,-6.0
1651838728,-31,15,33,-6.5
1651838730,-29,15,26,-3.5
1651838732,-35,14,52,13.0
1651838734,-34,14,46,-3.0
1651838736,-30,15,29,-8.5
1651838738,-30,15,29,0.0
1651838740,-35,13,52,11.5
1651838742,-37,13,65,6.5
1651838744,-30,15,29,-18.0
1651838746,-30,7,29,0.0
1651838748,-30,6,29,0.0
1651838750,-30,6,29,0.0
1651838752,-30,13,29,0.0
1651838754,-30,12,29,0.0
1651838756,-29,12,26,-1.5
1651838758,-36,13,58,16.0
1651838760,-30,14,29,-14.5
1651838762,-28,13,23,-3.0
1651838764,-32,14,37,7.0
1651838766,-32,13,37,0.0
1651838768,-31,13,33,-2.0
1651838770,-31,13,33,0.0
1651838772,-30,15,29,-2.0
1651838774,-29,13,26,-1.5
1651838776,-37,13,65,19.5
1651838778,-30,15,29,-18.0
1651838780,-30,15,29,0.0
1651838782,-28,15,23,-3.0
1651838784,-29,15,26,1.5
1651838786,-33,15,41,7.5
1651838788,-31,12,33,-4.0
1651838790,-31,12,33,0.0
1651838792,-32,12,37,2.0
1651838794,-29,15,26,-5.5
1651838796,-31,14,33,3.5
1651838798,-30,15,29,-2.0
1651838800,-37,7,65,18.0
1651838802,-36,13,58,-3.5
1651838804,-38,15,73,7.5
1651838806,-32,15,37,-18.0
1651838808,-33,14,41,2.0
1651838810,-32,14,37,-2.0
1651838812,-31,12,33,-2.0
1651838814,-30,12,29,-2.0
1651838816,-31,13,33,2.0
1651838818,-32,15,37,2.0
1651838820,-33,15,41,2.0
1651838822,-36,15,58,8.5
1651838824,-36,14,58,0.0
1651838826,-31,15,33,-12.5
1651838828,-34,13,46,6.5
1651838830,-31,14,33,-6.5
1651838832,-31,13,33,0.0
1651838834,-33,13,41,4.0
1651838836,-36,15,58,8.5
1651838838,-45,4,164,53.0
1651838840,-43,12,130,-17.0
1651838842,-47,12,206,38.0
1651838844,-49,12,259,26.5
1651838846,-50,13,291,16.0
1651838848,-50,12,291,0.0
1651838850,-51,12,326,17.5
1651838852,-53,15,411,42.5
1651838854,-46,13,184,-113.5
1651838856,-50,13,291,53.5
1651838858,-49,6,259,-16.0
1651838860,-50,7,291,16.0
1651838862,-48,4,231,-30.0
1651838864,-46,6,184,-23.5
1651838866,-46,7,184,0.0
1651838868,-47,7,206,11.0
1651838870,-48,7,231,12.5
1651838872,-46,6,184,-23.5
1651838874,-47,7,206,11.0
1651838876,-48,7,231,12.5
1651838878,-49,7,259,14.0
1651838880,-51,7,326,33.5
1651838882,-50,7,291,-17.5
1651838884,-50,7,291,0.0
1651838886,-51,7,326,17.5
1651838888,-53,7,411,42.5
1651838890,-52,7,366,-22.5
1651838892,-51,7,326,-20.0
1651838894,-51,7,326,0.0
1651838896,-52,7,366,20.0
1651838898,-54,5,461,47.5
1651838900,-54,11,461,0.0
1651838902,-52,14,366,-47.5
1651838904,-51,7,326,-20.0
1651838906,-50,7,291,-17.5
1651838908,-54,7,461,85.0
1651838910,-56,4,580,59.5
1651838912,-58,5,731,75.5
1651838914,-62,5,1158,213.5
1651838916,-62,7,1158,0.0
1651838918,-62,5,1158,0.0
1651838920,-60,6,920,-119.0
1651838922,-60,7,920,0.0
1651838924,-53,7,411,-254.5
1651838926,-53,5,411,0.0
1651838928,-57,5,651,120.0
1651838930,-59,13,820,84.5
1651838932,-53,5,411,-204.5
1651838934,-53,5,411,0.0
1651838936,-55,4,517,53.0
1651838938,-59,4,820,151.5
1651838940,-57,6,651,-84.5
1651838942,-59,5,820,84.5
1651838944,-59,5,820,0.0
1651838946,-60,4,920,50.0
1651838948,-60,5,920,0.0
1651838950,-60,6,920,0.0
1651838952,-62,5,1158,119.0
1651838954,-59,5,820,-169.0
1651838956,-63,5,1299,239.5
1651838958,-60,5,920,-189.5
1651838960,-62,5,1158,119.0
1651838962,-66,4,1835,338.5
1651838964,-64,4,1458,-188.5
1651838966,-60,4,920,-269.0
1651838968,-54,5,461,-229.5
1651838970,-59,4,820,179.5
1651838972,-60,5,920,50.0
1651838974,-62,5,1158,119.0
1651838976,-60,14,920,-119.0
1651838978,-64,5,1458,269.0
1651838980,-62,4,1158,-150.0
1651838982,-58,6,731,-213.5
1651838984,-58,4,731,0.0
1651838986,-57,4,651,-40.0
1651838988,-57,4,651,0.0
1651838990,-62,4,1158,253.5
1651838992,-59,4,820,-169.0
1651838994,-62,6,1158,169.0
1651838996,-62,4,1158,0.0
1651838998,-60,4,920,-119.0
1651839000,-57,4,651,-134.5
1651839002,-56,4,580,-35.5
1651839004,-61,6,1032,226.0
1651839006,-61,6,1032,0.0
1651839008,-64,6,1458,213.0
1651839010,-62,1,1158,-150.0
1651839012,-59,4,820,-169.0
1651839014,-63,4,1299,239.5
1651839016,-62,4,1158,-70.5
1651839018,-61,4,1032,-63.0
1651839020,-56,4,580,-226.0
1651839022,-57,4,651,35.5
1651839024,-59,6,820,84.5
1651839026,-61,6,1032,106.0
1651839028,-61,4,1032,0.0
1651839030,-59,5,820,-106.0
1651839032,-61,4,1032,106.0
1651839034,-63,5,1299,133.5
1651839036,-57,2,651,-324.0
1651839038,-56,5,580,-35.5
1651839040,-61,5,1032,226.0
1651839042,-62,5,1158,63.0
1651839044,-61,3,1032,-63.0
1651839046,-62,5,1158,63.0
1651839048,-61,5,1032,-63.0
1651839050,-61,9,1032,0.0
1651839052,-60,6,920,-56.0
1651839054,-62,9,1158,119.0
1651839056,-58,11,731,-213.5
1651839058,-62,6,1158,213.5
1651839060,-58,6,731,-213.5
1651839062,-57,6,651,-40.0
1651839064,-62,13,1158,253.5
1651839066,-62,5,1158,0.0
1651839068,-63,4,1299,70.5
1651839070,-62,5,1158,-70.5
1651839072,-63,5,1299,70.5
1651839074,-58,5,731,-284.0
1651839076,-62,5,1158,213.5
1651839078,-63,5,1299,70.5
1651839080,-63,6,1299,0.0
1651839082,-64,6,1458,79.5
1651839084,-64,6,1458,0.0
1651839086,-62,4,1158,-150.0
1651839088,-59,5,820,-169.0
1651839090,-63,4,1299,239.5
1651839092,-60,4,920,-189.5
1651839094,-63,9,1299,189.5
1651839096,-61,6,1032,-133.5
1651839098,-59,6,820,-106.0
1651839100,-64,9,1458,319.0
1651839102,-65,2,1636,89.0
1651839104,-59,2,820,-408.0
1651839106,-65,9,1636,408.0
1651839108,-66,5,1835,99.5
1651839110,-64,5,1458,-188.5
1651839112,-64,9,1458,0.0
1651839114,-62,2,1158,-150.0
1651839116,-66,9,1835,338.5
1651839118,-66,9,1835,0.0
1651839120,-65,4,1636,-99.5
1651839122,-65,9,1636,0.0
1651839124,-66,4,1835,99.5
1651839126,-67,4,2059,112.0
1651839128,-63,4,1299,-380.0
1651839130,-64,4,1458,79.5
1651839132,-66,4,1835,188.5
1651839134,-65,4,1636,-99.5
1651839136,-67,4,2059,211.5
1651839138,-64,3,1458,-300.5
1651839140,-66,4,1835,188.5
1651839142,-67,4,2059,112.0
1651839144,-64,3,1458,-300.5
1651839146,-65,9,1636,89.0
1651839148,-65,9,1636,0.0
1651839150,-67,4,2059,211.5
1651839152,-69,4,2592,266.5
1651839154,-64,3,1458,-567.0
1651839156,-64,5,1458,0.0
1651839158,-63,4,1299,-79.5
1651839160,-67,4,2059,380.0
1651839162,-68,4,2311,126.0
1651839164,-67,3,2059,-126.0
1651839166,-66,4,1835,-112.0
1651839168,-67,4,2059,112.0
1651839170,-65,3,1636,-211.5
1651839172,-69,2,2592,478.0
1651839174,-67,2,2059,-266.5
1651839176,-63,3,1299,-380.0
1651839178,-67,3,2059,380.0
1651839180,-67,10,2059,0.0
1651839182,-67,2,2059,0.0
1651839184,-68,3,2311,126.0
1651839186,-65,3,1636,-337.5
1651839188,-67,1,2059,211.5
1651839190,-67,4,2059,0.0
1651839192,-67,4,2059,0.0
1651839194,-69,4,2592,266.5
1651839196,-67,4,2059,-266.5
1651839198,-67,5,2059,0.0
1651839200,-68,4,2311,126.0
1651839202,-67,4,2059,-126.0
1651839204,-68,4,2311,126.0
1651839206,-69,9,2592,140.5
1651839208,-66,0,1835,-378.5
1651839210,-67,5,2059,112.0
1651839212,-69,3,2592,266.5
1651839214,-66,3,1835,-378.5
1651839216,-68,3,2311,238.0
1651839218,-69,0,2592,140.5
1651839220,-70,3,2909,158.5
1651839222,-69,1,2592,-158.5
1651839224,-68,2,2311,-140.5
1651839226,-69,4,2592,140.5
1651839228,-68,1,2311,-140.5
1651839230,-68,1,2311,0.0
1651839232,-68,2,2311,0.0
1651839234,-66,2,1835,-238.0
1651839236,-68,2,2311,238.0
1651839238,-68,3,2311,0.0
1651839240,-66,5,1835,-238.0
1651839242,-68,4,2311,238.0
1651839244,-65,0,1636,-337.5
1651839246,-68,0,2311,337.5
1651839248,-72,0,3662,675.5
1651839250,-68,0,2311,-675.5
1651839252,-70,0,2909,299.0
1651839254,-66,0,1835,-537.0
1651839256,-67,5,2059,112.0
1651839258,-69,0,2592,266.5
1651839260,-67,0,2059,-266.5
1651839262,-68,0,2311,126.0
1651839264,-68,4,2311,0.0
1651839266,-67,4,2059,-126.0
1651839268,-68,4,2311,126.0
1651839270,-64,4,1458,-426.5
1651839272,-68,5,2311,426.5
1651839274,-67,9,2059,-126.0
1651839276,-65,4,1636,-211.5
1651839278,-67,9,2059,211.5
1651839280,-65,9,1636,-211.5
1651839282,-67,4,2059,211.5
1651839284,-65,3,1636,-211.5
1651839286,-66,4,1835,99.5
1651839288,-66,4,1835,0.0
1651839290,-67,4,2059,112.0
1651839292,-68,9,2311,126.0
1651839294,-69,9,2592,140.5
1651839296,-68,3,2311,-140.5
1651839298,-66,5,1835,-238.0
1651839300,-69,7,2592,378.5
1651839302,-67,3,2059,-266.5
1651839304,-68,8,2311,126.0
1651839306,-66,4,1835,-238.0
1651839308,-66,4,1835,0.0
1651839310,-69,1,2592,378.5
1651839312,-69,3,2592,0.0
1651839314,-71,3,3264,336.0
1651839316,-71,3,3264,0.0
1651839318,-66,0,1835,-714.5
1651839320,-69,0,2592,378.5
1651839322,-71,0,3264,336.0
1651839324,-68,0,2311,-476.5
1651839326,-71,0,3264,476.5
1651839328,-68,3,2311,-476.5
1651839330,-70,3,2909,299.0
1651839332,-70,3,2909,0.0
1651839334,-68,3,2311,-299.0
1651839336,-70,3,2909,299.0
1651839338,-71,0,3264,177.5
1651839340,-67,0,2059,-602.5
1651839342,-69,2,2592,266.5
1651839344,-71,2,3264,336.0
1651839346,-70,2,2909,-177.5
1651839348,-66,0,1835,-537.0
1651839350,-70,1,2909,537.0
1651839352,-70,2,2909,0.0
1651839354,-70,1,2909,0.0
1651839356,-70,2,2909,0.0
1651839358,-71,0,3264,177.5
1651839360,-68,0,2311,-476.5
1651839362,-69,0,2592,140.5
1651839364,-71,3,3264,336.0
1651839366,-65,2,1636,-814.0
1651839368,-67,3,2059,211.5
1651839370,-66,2,1835,-112.0
1651839372,-66,2,1835,0.0
1651839374,-69,2,2592,378.5
1651839376,-65,0,1636,-478.0
1651839378,-68,0,2311,337.5
1651839380,-69,0,2592,140.5
1651839382,-66,0,1835,-378.5
1651839384,-67,0,2059,112.0
1651839386,-68,0,2311,126.0
1651839388,-69,2,2592,140.5
1651839390,-66,2,1835,-378.5
1651839392,-67,8,2059,112.0
1651839394,-68,2,2311,126.0
1651839396,-67,2,2059,-126.0
1651839398,-67,2,2059,0.0
1651839400,-67,0,2059,0.0
1651839402,-67,7,2059,0.0
1651839404,-67,0,2059,0.0
1651839406,-65,0,1636,-211.5
1651839408,-69,0,2592,478.0
1651839410,-69,0,2592,0.0
1651839412,-69,0,2592,0.0
1651839414,-67,0,2059,-266.5
1651839416,-69,8,2592,266.5
1651839418,-73,8,4109,758.5
1651839420,-66,0,1835,-1137.0
1651839422,-64,0,1458,-188.5
1651839424,-69,0,2592,567.0
1651839426,-67,8,2059,-266.5
1651839428,-64,0,1458,-300.5
1651839430,-68,8,2311,426.5
1651839432,-67,2,2059,-126.0
1651839434,-69,2,2592,266.5
1651839436,-68,2,2311,-140.5
1651839438,-67,4,2059,-126.0
1651839440,-69,2,2592,266.5
1651839442,-69,8,2592,0.0
1651839444,-68,8,2311,-140.5
1651839446,-69,2,2592,140.5
1651839448,-69,2,2592,0.0
1651839450,-69,2,2592,0.0
1651839452,-68,2,2311,-140.5
1651839454,-71,8,3264,476.5
1651839456,-68,8,2311,-476.5
1651839458,-67,0,2059,-126.0
1651839460,-68,0,2311,126.0
1651839462,-67,0,2059,-126.0
1651839464,-68,0,2311,126.0
1651839466,-67,0,2059,-126.0
1651839468,-68,0,2311,126.0
1651839470,-70,0,2909,299.0
1651839472,-70,0,2909,0.0
1651839474,-67,0,2059,-425.0
1651839476,-71,0,3264,602.5
1651839478,-70,0,2909,-177.5
1651839480,-68,8,2311,-299.0
1651839482,-69,2,2592,140.5
1651839484,-68,0,2311,-140.5
1651839486,-67,0,2059,-126.0
1651839488,-68,0,2311,126.0
1651839490,-67,0,2059,-126.0
1651839492,-66,0,1835,-112.0
1651839494,-70,0,2909,537.0
1651839496,-71,0,3264,177.5
1651839498,-72,0,3662,199.0
1651839500,-68,0,2311,-675.5
1651839502,-70,0,2909,299.0
1651839504,-67,4,2059,-425.0
1651839506,-71,8,3264,602.5
1651839508,-70,0,2909,-177.5
1651839510,-73,0,4109,600.0
1651839512,-72,0,3662,-223.5
1651839514,-71,0,3264,-199.0
1651839516,-70,0,2909,-177.5
1651839518,-70,0,2909,0.0
1651839520,-69,0,2592,-158.5
1651839522,-73,2,4109,758.5
1651839524,-70,0,2909,-600.0
1651839526,-72,0,3662,376.5
1651839528,-73,0,4109,223.5
1651839530,-72,0,3662,-223.5
1651839532,-68,0,2311,-675.5
1651839534,-73,0,4109,899.0
1651839536,-71,0,3264,-422.5
1651839538,-70,0,2909,-177.5
1651839540,-70,1,2909,0.0
1651839542,-72,1,3662,376.5
1651839544,-72,3,3662,0.0
1651839546,-68,0,2311,-675.5
1651839548,-72,0,3662,675.5
1651839550,-71,0,3264,-199.0
1651839552,-72,0,3662,199.0
1651839554,-68,0,2311,-675.5
1651839556,-70,13,2909,299.0
1651839558,-71,0,3264,177.5
1651839560,-73,8,4109,422.5
1651839562,-74,0,4610,250.5
1651839564,-73,8,4109,-250.5
1651839566,-73,0,4109,0.0
1651839568,-71,0,3264,-422.5
1651839570,-72,0,3662,199.0
1651839572,-74,0,4610,474.0
1651839574,-71,1,3264,-673.0
1651839576,-72,1,3662,199.0
1651839578,-73,1,4109,223.5
1651839580,-70,1,2909,-600.0
1651839582,-70,0,2909,0.0
1651839584,-72,3,3662,376.5
1651839586,-68,0,2311,-675.5
1651839588,-73,0,4109,899.0
1651839590,-70,0,2909,-600.0
1651839592,-68,0,2311,-299.0
1651839594,-66,0,1835,-238.0
1651839596,-66,0,1835,0.0
1651839598,-68,0,2311,238.0
1651839600,-68,0,2311,0.0
1651839602,-69,0,2592,140.5
1651839604,-71,0,3264,336.0
1651839606,-68,0,2311,-476.5
1651839608,-68,0,2311,0.0
1651839610,-67,0,2059,-126.0
1651839612,-66,3,1835,-112.0
1651839614,-70,0,2909,537.0
1651839616,-70,0,2909,0.0
1651839618,-70,0,2909,0.0
1651839620,-71,0,3264,177.5
1651839622,-69,0,2592,-336.0
1651839624,-70,0,2909,158.5
1651839626,-71,2,3264,177.5
1651839628,-72,0,3662,199.0
1651839630,-69,0,2592,-535.0
1651839632,-69,0,2592,0.0
1651839634,-71,0,3264,336.0
1651839636,-68,1,2311,-476.5
1651839638,-71,0,3264,476.5
1651839640,-70,0,2909,-177.5
1651839642,-73,0,4109,600.0
1651839644,-73,0,4109,0.0
1651839646,-79,0,8198,2044.5
1651839648,-73,0,4109,-2044.5
1651839650,-72,0,3662,-223.5
1651839652,-73,0,4109,223.5
1651839654,-74,0,4610,250.5
1651839656,-73,0,4109,-250.5
1651839658,-73,0,4109,0.0
1651839660,-73,0,4109,0.0
1651839662,-73,0,4109,0.0
1651839664,-73,0,4109,0.0
1651839666,-72,0,3662,-223.5
1651839668,-74,0,4610,474.0
1651839671,-72,0,3662,-316.0
1651839673,-72,0,3662,0.0
1651839675,-72,0,3662,0.0
1651839677,-71,0,3264,-199.0
1651839679,-71,0,3264,0.0
1651839681,-70,0,2909,-177.5
1651839683,-73,0,4109,600.0
1651839685,-72,0,3662,-223.5
1651839687,-73,0,4109,223.5
1651839689,-72,0,3662,-223.5
1651839691,-72,0,3662,0.0
1651839693,-74,0,4610,474.0
1651839695,-70,0,2909,-850.5
1651839697,-71,0,3264,177.5
1651839699,-71,0,3264,0.0
1651839701,-71,0,3264,0.0
1651839703,-73,0,4109,422.5
1651839705,-74,0,4610,250.5
1651839707,-71,0,3264,-673.0
1651839709,-72,0,3662,199.0
1651839711,-69,0,2592,-535.0
1651839713,-69,0,2592,0.0
1651839715,-71,0,3264,336.0
1651839717,-72,0,3662,199.0
1651839719,-72,0,3662,0.0
1651839721,-69,0,2592,-535.0
1651839723,-71,0,3264,336.0
1651839725,-69,0,2592,-336.0
1651839727,-69,0,2592,0.0
1651839729,-71,0,3264,336.0
1651839731,-70,0,2909,-177.5
1651839733,-71,0,3264,177.5
1651839735,-72,0,3662,199.0
1651839737,-71,0,3264,-199.0
1651839739,-72,0,3662,199.0
1651839741,-71,0,3264,-199.0
1651839743,-72,0,3662,199.0
1651839745,-71,0,3264,-199.0
1651839747,-70,0,2909,-177.5
1651839749,-70,0,2909,0.0
1651839751,-71,0,3264,177.5
1651839753,-72,0,3662,199.0
1651839755,-72,0,3662,0.0
1651839757,-72,0,3662,0.0
1651839759,-71,0,3264,-199.0
1651839761,-71,0,3264,0.0
1651839763,-71,0,3264,0.0
1651839765,-73,0,4109,422.5
1651839767,-72,0,3662,-223.5
1651839769,-71,0,3264,-199.0
1651839771,-71,14,3264,0.0
1651839773,-71,0,3264,0.0
1651839775,-72,0,3662,199.0
1651839777,-74,0,4610,474.0
1651839779,-73,0,4109,-250.5
1651839781,-74,0,4610,250.5
1651839783,-76,0,5804,597.0
1651839785,-75,0,5173,-315.5
1651839787,-76,15,5804,315.5
1651839789,-75,0,5173,-315.5
1651839791,-75,0,5173,0.0
1651839793,-73,1,4109,-532.0
1651839795,-74,0,4610,250.5
1651839797,-74,0,4610,0.0
1651839799,-74,0,4610,0.0
1651839801,-78,0,7307,1348.5
1651839803,-75,0,5173,-1067.0
1651839805,-73,0,4109,-532.0
1651839807,-72,0,3662,-223.5
1651839809,-73,0,4109,223.5
1651839811,-71,10,3264,-422.5
1651839813,-72,0,3662,199.0
1651839815,-72,0,3662,0.0
1651839817,-72,0,3662,0.0
1651839819,-73,0,4109,223.5
1651839821,-72,0,3662,-223.5
1651839823,-75,0,5173,755.5
1651839825,-75,0,5173,0.0
1651839827,-72,0,3662,-755.5
1651839829,-73,0,4109,223.5
1651839831,-74,0,4610,250.5
1651839833,-73,0,4109,-250.5
1651839835,-73,0,4109,0.0
1651839837,-75,0,5173,532.0
1651839839,-74,0,4610,-281.5
1651839841,-72,0,3662,-474.0
1651839843,-75,0,5173,755.5
1651839845,-73,0,4109,-532.0
1651839847,-72,0,3662,-223.5
1651839849,-73,0,4109,223.5
1651839851,-73,0,4109,0.0
1651839853,-73,0,4109,0.0
1651839855,-73,0,4109,0.0
1651839857,-73,0,4109,0.0
1651839859,-74,0,4610,250.5
1651839861,-73,0,4109,-250.5
1651839863,-73,0,4109,0.0
1651839865,-72,0,3662,-223.5
1651839867,-73,0,4109,223.5
1651839869,-73,0,4109,0.0
1651839871,-74,0,4610,250.5
1651839873,-74,0,4610,0.0
1651839875,-74,0,4610,0.0
1651839877,-74,0,4610,0.0
1651839879,-74,0,4610,0.0
1651839881,-74,3,4610,0.0
1651839883,-74,0,4610,0.0
1651839885,-75,0,5173,281.5
1651839887,-76,0,5804,315.5
1651839889,-74,0,4610,-597.0
1651839891,-74,0,4610,0.0
1651839893,-74,0,4610,0.0
1651839895,-74,0,4610,0.0
1651839897,-75,15,5173,281.5
1651839899,-74,0,4610,-281.5
1651839901,-75,0,5173,281.5
1651839903,-75,0,5173,0.0
1651839905,-74,0,4610,-281.5
1651839907,-75,0,5173,281.5
1651839909,-76,0,5804,315.5
1651839911,-75,0,5173,-315.5
1651839913,-74,0,4610,-281.5
1651839915,-76,0,5804,597.0
1651839917,-76,0,5804,0.0
1651839919,-77,0,6512,354.0
1651839921,-76,0,5804,-354.0
1651839923,-76,0,5804,0.0
1651839925,-76,0,5804,0.0
1651839927,-75,0,5173,-315.5
1651839929,-77,6,6512,669.5
1651839931,-75,0,5173,-669.5
1651839933,-76,0,5804,315.5
1651839935,-73,0,4109,-847.5
1651839937,-73,0,4109,0.0
1651839939,-74,0,4610,250.5
1651839941,-75,0,5173,281.5
1651839943,-73,0,4109,-532.0
1651839945,-74,0,4610,250.5
1651839947,-74,0,4610,0.0
1651839949,-75,0,5173,281.5
1651839951,-73,0,4109,-532.0
1651839953,-72,0,3662,-223.5
1651839955,-74,0,4610,474.0
1651839957,-74,0,4610,0.0
1651839959,-74,0,4610,0.0
1651839961,-74,0,4610,0.0
1651839963,-74,0,4610,0.0
1651839965,-75,0,5173,281.5
1651839967,-76,0,5804,315.5
1651839969,-76,0,5804,0.0
1651839971,-74,0,4610,-597.0
1651839973,-75,0,5173,281.5
1651839975,-77,0,6512,669.5
1651839977,-77,0,6512,0.0
1651839979,-77,0,6512,0.0
1651839981,-75,0,5173,-669.5
1651839983,-76,0,5804,315.5
1651839985,-76,0,5804,0.0
1651839987,-78,0,7307,751.5
1651839989,-75,0,5173,-1067.0
1651839991,-76,0,5804,315.5
1651839993,-76,0,5804,0.0
1651839995,-76,0,5804,0.0
1651839997,-77,0,6512,354.0
1651839999,-78,0,7307,397.5
1651840001,-76,0,5804,-751.5
1651840003,-77,0,6512,354.0
1651840005,-77,0,6512,0.0
1651840007,-75,0,5173,-669.5
1651840009,-76,0,5804,315.5
1651840011,-75,0,5173,-315.5
1651840013,-75,0,5173,0.0
1651840015,-77,0,6512,669.5
1651840017,-76,0,5804,-354.0
1651840019,-77,0,6512,354.0
1651840021,-76,0,5804,-354.0
1651840023,-77,0,6512,354.0
1651840025,-76,0,5804,-354.0
1651840027,-73,0,4109,-847.5
1651840029,-72,0,3662,-223.5
1651840031,-72,0,3662,0.0
1651840033,-73,0,4109,223.5
1651840035,-73,0,4109,0.0
1651840037,-73,0,4109,0.0
1651840039,-73,0,4109,0.0
1651840041,-73,0,4109,0.0
1651840043,-72,8,3662,-223.5
1651840045,-74,0,4610,474.0
1651840047,-72,0,3662,-474.0
1651840049,-72,0,3662,0.0
1651840051,-72,0,3662,0.0
1651840053,-75,0,5173,755.5
1651840055,-74,0,4610,-281.5
1651840057,-77,0,6512,951.0
1651840059,-76,0,5804,-354.0
1651840061,-74,0,4610,-597.0
1651840063,-76,0,5804,597.0
1651840065,-75,0,5173,-315.5
1651840067,-75,0,5173,0.0
1651840069,-75,0,5173,0.0
1651840071,-74,0,4610,-281.5
1651840073,-74,0,4610,0.0
1651840075,-75,0,5173,281.5
1651840077,-74,0,4610,-281.5
1651840079,-75,0,5173,281.5
1651840081,-76,0,5804,315.5
1651840083,-76,0,5804,0.0
1651840085,-76,0,5804,0.0
1651840087,-74,0,4610,-597.0
1651840089,-77,0,6512,951.0
1651840091,-81,0,10321,1904.5
1651840093,-80,0,9198,-561.5
1651840095,-79,0,8198,-500.0
1651840097,-81,0,10321,1061.5
1651840099,-81,0,10321,0.0
1651840101,-80,0,9198,-561.5
1651840103,-79,0,8198,-500.0
1651840105,-80,0,9198,500.0
1651840107,-79,0,8198,-500.0
1651840109,-80,0,9198,500.0
1651840111,-79,0,8198,-500.0
1651840113,-80,0,9198,500.0
1651840115,-80,0,9198,0.0
1651840117,-81,0,10321,561.5
1651840119,-79,0,8198,-1061.5
1651840121,-78,0,7307,-445.5
1651840123,-78,0,7307,0.0
1651840125,-77,0,6512,-397.5
1651840127,-78,0,7307,397.5
1651840129,-79,0,8198,445.5
1651840131,-77,0,6512,-843.0
1651840133,-77,0,6512,0.0
1651840135,-77,0,6512,0.0
1651840137,-78,0,7307,397.5
1651840139,-75,0,5173,-1067.0
1651840141,-78,0,7307,1067.0
1651840143,-78,0,7307,0.0
1651840145,-77,0,6512,-397.5
1651840147,-77,15,6512,0.0
1651840149,-77,0,6512,0.0
1651840151,-78,0,7307,397.5
1651840153,-78,0,7307,0.0
1651840155,-78,0,7307,0.0
1651840157,-78,0,7307,0.0
1651840159,-78,0,7307,0.0
1651840161,-79,0,8198,445.5
1651840163,-79,0,8198,0.0
1651840165,-78,0,7307,-445.5
1651840167,-78,0,7307,0.0
1651840169,-78,0,7307,0.0
1651840171,-78,0,7307,0.0
1651840173,-79,0,8198,445.5
1651840175,-78,0,7307,-445.5
1651840177,-78,0,7307,0.0
1651840179,-78,0,7307,0.0
1651840181,-79,9,8198,445.5
1651840183,-78,0,7307,-445.5
1651840185,-78,0,7307,0.0
1651840187,-78,0,7307,0.0
1651840189,-78,0,7307,0.0
1651840191,-78,0,7307,0.0
1651840193,-78,0,7307,0.0
1651840195,-78,0,7307,0.0
1651840197,-78,0,7307,0.0
1651840199,-76,0,5804,-751.5
1651840201,-78,0,7307,751.5
1651840203,-77,0,6512,-397.5
1651840205,-78,0,7307,397.5
1651840207,-76,0,5804,-751.5
1651840209,-78,0,7307,751.5
1651840211,-77,0,6512,-397.5
1651840213,-78,0,7307,397.5
1651840215,-78,0,7307,0.0
1651840217,-77,0,6512,-397.5
1651840219,-78,0,7307,397.5
1651840221,-79,0,8198,445.5
1651840223,-76,0,5804,-1197.0
1651840225,-78,0,7307,751.5
1651840227,-77,0,6512,-397.5
1651840229,-77,0,6512,0.0
1651840231,-79,0,8198,843.0
1651840233,-77,0,6512,-843.0
1651840235,-76,0,5804,-354.0
1651840237,-79,0,8198,1197.0
1651840239,-78,0,7307,-445.5
1651840241,-76,0,5804,-751.5
1651840243,-77,7,6512,354.0
1651840245,-76,0,5804,-354.0
1651840247,-77,0,6512,354.0
1651840249,-77,10,6512,0.0
1651840251,-76,0,5804,-354.0
1651840253,-76,0,5804,0.0
1651840255,-77,0,6512,354.0
1651840257,-78,0,7307,397.5
1651840259,-78,0,7307,0.0
1651840261,-79,0,8198,445.5
1651840263,-78,0,7307,-445.5
1651840265,-78,0,7307,0.0
1651840267,-77,0,6512,-397.5
1651840269,-76,0,5804,-354.0
1651840271,-78,0,7307,751.5
1651840273,-77,0,6512,-397.5
1651840275,-78,0,7307,397.5
1651840277,-76,0,5804,-751.5
1651840279,-76,0,5804,0.0
1651840281,-77,0,6512,354.0
1651840283,-77,0,6512,0.0
1651840285,-78,0,7307,397.5
1651840287,-76,0,5804,-751.5
1651840289,-76,0,5804,0.0
1651840291,-76,0,5804,0.0
1651840293,-77,0,6512,354.0
1651840295,-77,0,6512,0.0
1651840297,-77,0,6512,0.0
1651840299,-76,14,5804,-354.0
1651840301,-76,0,5804,0.0
1651840303,-78,0,7307,751.5
1651840305,-76,0,5804,-751.5
1651840307,-77,0,6512,354.0
1651840309,-77,0,6512,0.0
1651840311,-78,0,7307,397.5
1651840313,-77,0,6512,-397.5
1651840315,-77,0,6512,0.0
1651840317,-76,0,5804,-354.0
1651840319,-75,0,5173,-315.5
1651840321,-76,0,5804,315.5
1651840323,-75,0,5173,-315.5
1651840325,-78,0,7307,1067.0
1651840327,-77,0,6512,-397.5
1651840329,-77,0,6512,0.0
1651840331,-76,0,5804,-354.0
1651840333,-75,0,5173,-315.5
1651840335,-76,0,5804,315.5
1651840337,-77,0,6512,354.0
1651840339,-76,0,5804,-354.0
1651840341,-77,0,6512,354.0
1651840343,-76,0,5804,-354.0
1651840345,-76,0,5804,0.0
1651840347,-76,0,5804,0.0
1651840349,-76,0,5804,0.0
1651840351,-76,0,5804,0.0
1651840353,-77,0,6512,354.0
1651840355,-75,0,5173,-669.5
1651840357,-76,0,5804,315.5
1651840359,-76,0,5804,0.0
1651840361,-75,8,5173,-315.5
1651840363,-76,0,5804,315.5
1651840365,-76,0,5804,0.0
1651840367,-76,0,5804,0.0
1651840369,-77,0,6512,354.0
1651840371,-75,0,5173,-669.5
1651840373,-75,0,5173,0.0
1651840375,-74,0,4610,-281.5
1651840377,-75,0,5173,281.5
1651840379,-75,0,5173,0.0
1651840381,-75,0,5173,0.0
1651840383,-76,0,5804,315.5
1651840385,-75,6,5173,-315.5
1651840387,-75,0,5173,0.0
1651840389,-75,0,5173,0.0
1651840391,-75,1,5173,0.0
1651840393,-75,0,5173,0.0
1651840395,-75,0,5173,0.0
1651840397,-75,0,5173,0.0
1651840399,-75,0,5173,0.0
1651840401,-75,0,5173,0.0
1651840403,-75,0,5173,0.0
1651840405,-75,0,5173,0.0
1651840407,-76,0,5804,315.5
1651840409,-74,0,4610,-597.0
1651840411,-78,0,7307,1348.5
1651840413,-77,0,6512,-397.5
1651840415,-78,0,7307,397.5
1651840417,-76,0,5804,-751.5
1651840419,-76,0,5804,0.0
1651840421,-76,1,5804,0.0
1651840423,-81,0,10321,2258.5
1651840425,-74,0,4610,-2855.5
1651840427,-75,0,5173,281.5
1651840429,-75,0,5173,0.0
1651840431,-72,0,3662,-755.5
1651840433,-74,0,4610,474.0
1651840435,-74,0,4610,0.0
1651840437,-74,0,4610,0.0
1651840439,-74,0,4610,0.0
1651840441,-71,0,3264,-673.0
1651840443,-74,0,4610,673.0
1651840445,-70,0,2909,-850.5
1651840447,-71,0,3264,177.5
1651840449,-71,0,3264,0.0
1651840451,-69,0,2592,-336.0
1651840453,-71,0,3264,336.0
1651840455,-71,0,3264,0.0
1651840457,-70,0,2909,-177.5
1651840459,-70,0,2909,0.0
1651840461,-74,0,4610,850.5
1651840463,-71,0,3264,-673.0
1651840465,-71,0,3264,0.0
1651840467,-71,0,3264,0.0
1651840469,-69,0,2592,-336.0
1651840471,-69,0,2592,0.0
1651840473,-69,0,2592,0.0
1651840475,-69,0,2592,0.0
1651840477,-69,0,2592,0.0
1651840479,-71,0,3264,336.0
1651840481,-72,0,3662,199.0
1651840483,-71,2,3264,-199.0
1651840485,-74,2,4610,673.0
1651840487,-71,0,3264,-673.0
1651840489,-71,0,3264,0.0
1651840491,-72,0,3662,199.0
1651840493,-72,0,3662,0.0
1651840495,-72,0,3662,0.0
1651840497,-74,0,4610,474.0
1651840499,-71,0,3264,-673.0
1651840501,-73,0,4109,422.5
1651840503,-71,0,3264,-422.5
1651840505,-75,0,5173,954.5
1651840507,-71,0,3264,-954.5
1651840509,-71,0,3264,0.0
1651840511,-70,0,2909,-177.5
1651840513,-71,0,3264,177.5
1651840515,-70,0,2909,-177.5
1651840517,-72,8,3662,376.5
1651840519,-71,0,3264,-199.0
1651840521,-71,0,3264,0.0
1651840523,-71,0,3264,0.0
1651840525,-73,0,4109,422.5
1651840527,-72,0,3662,-223.5
1651840529,-71,0,3264,-199.0
1651840531,-67,0,2059,-602.5
1651840533,-70,0,2909,425.0
1651840535,-67,0,2059,-425.0
1651840537,-71,0,3264,602.5
1651840539,-70,2,2909,-177.5
1651840541,-72,0,3662,376.5
1651840543,-72,2,3662,0.0
1651840545,-68,0,2311,-675.5
1651840547,-70,0,2909,299.0
1651840549,-68,0,2311,-299.0
1651840551,-72,8,3662,675.5
1651840553,-72,5,3662,0.0
1651840555,-71,8,3264,-199.0
1651840557,-74,8,4610,673.0
1651840559,-72,0,3662,-474.0
1651840561,-70,0,2909,-376.5
1651840563,-73,0,4109,600.0
1651840565,-71,0,3264,-422.5
1651840567,-72,0,3662,199.0
1651840569,-71,0,3264,-199.0
1651840571,-71,14,3264,0.0
1651840573,-70,0,2909,-177.5
1651840575,-70,0,2909,0.0
1651840577,-69,8,2592,-158.5
1651840579,-69,0,2592,0.0
1651840581,-69,8,2592,0.0
1651840583,-68,8,2311,-140.5
1651840585,-70,0,2909,299.0
1651840587,-69,3,2592,-158.5
1651840589,-71,14,3264,336.0
1651840591,-69,0,2592,-336.0
1651840593,-67,0,2059,-266.5
1651840595,-69,0,2592,266.5
1651840597,-69,0,2592,0.0
1651840599,-67,8,2059,-266.5
1651840601,-70,0,2909,425.0
1651840603,-69,3,2592,-158.5
1651840605,-70,8,2909,158.5
1651840607,-69,0,2592,-158.5
1651840609,-69,8,2592,0.0
1651840611,-69,0,2592,0.0
1651840613,-69,3,2592,0.0
1651840615,-69,3,2592,0.0
1651840617,-70,0,2909,158.5
1651840619,-68,0,2311,-299.0
1651840621,-68,0,2311,0.0
1651840623,-68,0,2311,0.0
1651840625,-67,0,2059,-126.0
1651840627,-69,8,2592,266.5
1651840629,-70,8,2909,158.5
1651840631,-68,8,2311,-299.0
1651840633,-69,8,2592,140.5
1651840635,-69,8,2592,0.0
1651840637,-69,0,2592,0.0
1651840639,-69,0,2592,0.0
1651840641,-67,0,2059,-266.5
1651840643,-68,0,2311,126.0
1651840645,-69,0,2592,140.5
1651840647,-67,1,2059,-266.5
1651840649,-68,0,2311,126.0
1651840651,-69,8,2592,140.5
1651840653,-71,8,3264,336.0
1651840655,-69,3,2592,-336.0
1651840657,-68,0,2311,-140.5
1651840659,-69,0,2592,140.5
1651840661,-69,0,2592,0.0
1651840663,-68,2,2311,-140.5
1651840665,-70,2,2909,299.0
1651840667,-70,0,2909,0.0
1651840669,-70,12,2909,0.0
1651840671,-70,0,2909,0.0
1651840673,-73,2,4109,600.0
1651840675,-70,0,2909,-600.0
1651840677,-70,13,2909,0.0
1651840679,-70,0,2909,0.0
1651840681,-71,0,3264,177.5
1651840683,-71,0,3264,0.0
1651840685,-70,0,2909,-177.5
1651840687,-70,2,2909,0.0
1651840689,-70,0,2909,0.0
1651840691,-71,2,3264,177.5
1651840693,-71,2,3264,0.0
1651840695,-70,2,2909,-177.5
1651840697,-70,2,2909,0.0
1651840699,-70,4,2909,0.0
1651840701,-69,0,2592,-158.5
1651840703,-70,4,2909,158.5
1651840705,-69,4,2592,-158.5
1651840707,-68,8,2311,-140.5
1651840709,-68,4,2311,0.0
1651840711,-70,4,2909,299.0
1651840713,-70,4,2909,0.0
1651840715,-67,8,2059,-425.0
1651840717,-71,4,3264,602.5
1651840719,-70,8,2909,-177.5
1651840721,-70,2,2909,0.0
1651840723,-70,4,2909,0.0
1651840725,-70,4,2909,0.0
1651840727,-67,8,2059,-425.0
1651840729,-71,8,3264,602.5
1651840731,-70,8,2909,-177.5
1651840733,-69,0,2592,-158.5
1651840735,-69,0,2592,0.0
1651840737,-70,0,2909,158.5
1651840739,-69,0,2592,-158.5
1651840741,-69,3,2592,0.0
1651840743,-67,3,2059,-266.5
1651840745,-68,8,2311,126.0
1651840747,-68,3,2311,0.0
1651840749,-64,8,1458,-426.5
1651840751,-64,0,1458,0.0
1651840753,-67,0,2059,300.5
1651840755,-65,0,1636,-211.5
1651840757,-66,0,1835,99.5
1651840759,-66,0,1835,0.0
1651840761,-66,0,1835,0.0
1651840763,-65,0,1636,-99.5
1651840765,-66,0,1835,99.5
1651840767,-63,0,1299,-268.0
1651840769,-64,2,1458,79.5
1651840771,-64,2,1458,0.0
1651840773,-67,4,2059,300.5
1651840775,-63,4,1299,-380.0
1651840777,-66,4,1835,268.0
1651840779,-67,2,2059,112.0
1651840781,-64,5,1458,-300.5
1651840783,-62,9,1158,-150.0
1651840785,-66,11,1835,338.5
1651840787,-65,5,1636,-99.5
1651840789,-61,0,1032,-302.0
1651840791,-66,8,1835,401.5
1651840793,-64,1,1458,-188.5
1651840795,-66,8,1835,188.5
1651840797,-64,8,1458,-188.5
1651840799,-64,3,1458,0.0
1651840801,-65,2,1636,89.0
1651840803,-64,5,1458,-89.0
1651840805,-64,5,1458,0.0
1651840807,-64,5,1458,0.0
1651840809,-63,2,1299,-79.5
1651840811,-64,15,1458,79.5
1651840813,-64,2,1458,0.0
1651840815,-64,2,1458,0.0
1651840817,-63,2,1299,-79.5
1651840819,-64,5,1458,79.5
1651840821,-63,5,1299,-79.5
1651840823,-62,5,1158,-70.5
1651840825,-63,5,1299,70.5
1651840827,-64,5,1458,79.5
1651840829,-61,5,1032,-213.0
1651840831,-65,6,1636,302.0
1651840833,-63,6,1299,-168.5
1651840835,-62,6,1158,-70.5
1651840838,-62,6,1158,0.0
1651840840,-63,5,1299,70.5
1651840842,-62,5,1158,-70.5
1651840844,-62,7,1158,0.0
1651840846,-58,4,731,-213.5
1651840848,-61,7,1032,150.5
1651840850,-62,7,1158,63.0
1651840852,-62,5,1158,0.0
1651840854,-61,5,1032,-63.0
1651840856,-62,5,1158,63.0
1651840858,-61,5,1032,-63.0
1651840860,-61,5,1032,0.0
1651840862,-58,4,731,-150.5
1651840864,-58,5,731,0.0
1651840866,-58,4,731,0.0
1651840868,-56,5,580,-75.5
1651840870,-59,7,820,120.0
1651840872,-59,7,820,0.0
1651840874,-56,7,580,-120.0
1651840876,-54,7,461,-59.5
1651840878,-53,7,411,-25.0
1651840880,-51,6,326,-42.5
1651840882,-57,5,651,162.5
1651840884,-53,5,411,-120.0
1651840886,-50,10,291,-60.0
1651840888,-56,6,580,144.5
1651840890,-51,6,326,-127.0
1651840892,-50,6,291,-17.5
1651840894,-52,7,366,37.5
1651840896,-49,7,259,-53.5
1651840898,-43,5,130,-64.5
1651840900,-50,7,291,80.5
1651840902,-49,13,259,-16.0
1651840904,-50,5,291,16.0
1651840906,-46,11,184,-53.5
1651840908,-46,11,184,0.0
1651840910,-47,6,206,11.0
1651840912,-45,7,164,-21.0
1651840914,-45,7,164,0.0
1651840916,-42,7,116,-24.0
1651840918,-42,7,116,0.0
1651840920,-43,7,130,7.0
1651840922,-42,7,116,-7.0
1651840924,-41,7,103,-6.5
1651840926,-39,7,82,-10.5
1651840928,-38,7,73,-4.5
1651840930,-39,6,82,4.5
1651840932,-38,11,73,-4.5
1651840934,-38,12,73,0.0
1651840936,-36,7,58,-7.5
1651840938,-33,13,41,-8.5
1651840940,-33,5,41,0.0
1651840942,-32,6,37,-2.0
1651840944,-28,13,23,-7.0
1651840946,-32,13,37,7.0
1651840948,-33,13,41,2.0
1651840950,-28,14,23,-9.0
1651840952,-28,14,23,0.0
1651840997,-34,6,46,0.5
1651840999,-41,6,103,28.5
1651841001,-25,6,16,-43.5
1651841003,-47,6,206,95.0
1651841005,-23,5,13,-96.5
1651841007,-34,7,46,16.5
1651841009,-27,7,21,-12.5
1651841011,-34,7,46,12.5
1651841013,-25,5,16,-15.0
1651841015,-24,6,15,-0.5
1651841017,-25,6,16,0.5
1651841019,-33,10,41,12.5
1651841021,-28,10,23,-9.0
1651841023,-34,10,46,11.5
1651841025,-33,10,41,-2.5
1651841027,-38,10,73,16.0
1651841029,-31,10,33,-20.0
1651841031,-32,10,37,2.0
1651841033,-26,10,18,-9.5
1651841035,-51,10,326,154.0
1651841037,-30,10,29,-148.5
1651841039,-32,10,37,4.0
1651841041,-39,12,82,22.5
1651841043,-35,6,52,-15.0
1651841045,-42,6,116,32.0
1651841047,-48,6,231,57.5
1651841049,-41,6,103,-64.0
1651841051,-37,6,65,-19.0
1651841053,-46,6,184,59.5
1651841055,-46,6,184,0.0
1651841057,-44,7,146,-19.0
1651841059,-48,6,231,42.5
1651841061,-39,6,82,-74.5
1651841063,-43,6,130,24.0
1651841065,-45,6,164,17.0
1651841067,-39,6,82,-41.0
1651841069,-34,10,46,-18.0
1651841071,-40,6,92,23.0
1651841073,-41,6,103,5.5
1651841075,-37,13,65,-19.0
1651841077,-31,6,33,-16.0
1651841079,-35,6,52,9.5
1651841081,-30,6,29,-11.5
1651841083,-25,6,16,-6.5
1651841085,-20,3,9,-3.5
1651841087,-23,11,13,2.0
1651841089,-37,11,65,26.0
1651841091,-31,11,33,-16.0
1651841093,-19,11,8,-12.5
1651841095,-29,11,26,9.0
1651841097,-27,11,21,-2.5
1651841099,-29,11,26,2.5
1651841101,-27,14,21,-2.5
1651841103,-26,14,18,-1.5
1651841105,-25,6,16,-1.0
1651841107,-29,14,26,5.0
1651841109,-28,14,23,-1.5
1651841111,-29,14,26,1.5
1651841113,-27,14,21,-2.5
1651841115,-27,14,21,0.0
1651841117,-27,14,21,0.0
1651841119,-24,14,15,-3.0
1651841121,-26,14,18,1.5
1651841123,-28,14,23,2.5
1651841125,-26,14,18,-2.5
1651841127,-26,14,18,0.0
1651841129,-27,14,21,1.5
1651841131,-28,14,23,1.0
1651841133,-27,14,21,-1.0
1651841135,-28,14,23,1.0
1651841137,-26,14,18,-2.5
1651841139,-30,14,29,5.5
1651841141,-27,14,21,-4.0
1651841143,-28,14,23,1.0
1651841145,-26,14,18,-2.5
1651841147,-27,14,21,1.5
1651841149,-28,14,23,1.0
1651841151,-27,13,21,-1.0
1651841153,-28,14,23,1.0
1651841155,-28,14,23,0.0
1651841157,-28,14,23,0.0
1651841159,-29,14,26,1.5
1651841161,-27,14,21,-2.5
1651841163,-21,14,10,-5.5
1651841165,-27,14,21,5.5
1651841167,-28,14,23,1.0
1651841169,-28,14,23,0.0
1651841171,-28,14,23,0.0
1651841173,-26,14,18,-2.5
1651841175,-26,14,18,0.0
1651841177,-26,14,18,0.0
1651841179,-37,13,65,23.5
1651841181,-26,13,18,-23.5
1651841183,-26,14,18,0.0
1651841185,-26,14,18,0.0
1651841187,-28,14,23,2.5
1651841189,-27,14,21,-1.0
1651841191,-24,14,15,-3.0
1651841193,-29,14,26,5.5
1651841195,-27,14,21,-2.5
1651841197,-26,14,18,-1.5
1651841199,-26,14,18,0.0
1651841201,-25,14,16,-1.0
1651841203,-27,14,21,2.5
1651841205,-30,14,29,4.0
1651841207,-28,14,23,-3.0
1651841209,-32,14,37,7.0
1651841211,-26,14,18,-9.5
1651841213,-28,14,23,2.5
1651841215,-26,14,18,-2.5
1651841217,-32,14,37,9.5
1651841219,-29,5,26,-5.5
1651841221,-32,14,37,5.5
1651841223,-28,14,23,-7.0
1651841225,-32,14,37,7.0
1651841227,-30,12,29,-4.0
1651841229,-33,12,41,6.0
1651841231,-27,12,21,-10.0
1651841233,-26,12,18,-1.5
1651841235,-27,12,21,1.5
1651841237,-29,12,26,2.5
1651841239,-29,12,26,0.0
1651841241,-29,15,26,0.0
1651841243,-27,15,21,-2.5
1651841245,-30,15,29,4.0
1651841247,-29,15,26,-1.5
1651841249,-27,15,21,-2.5
1651841251,-29,15,26,2.5
1651841253,-33,15,41,7.5
1651841255,-31,15,33,-4.0
1651841257,-31,15,33,0.0
1651841259,-29,15,26,-3.5
1651841261,-30,15,29,1.5
1651841263,-30,15,29,0.0
1651841265,-30,15,29,0.0
1651841267,-27,15,21,-4.0
1651841269,-31,15,33,6.0
1651841271,-31,15,33,0.0
1651841273,-27,5,21,-6.0
1651841275,-34,12,46,12.5
1651841277,-27,5,21,-12.5
1651841279,-27,6,21,0.0
1651841281,-32,12,37,8.0
1651841283,-31,12,33,-2.0
1651841285,-30,12,29,-2.0
1651841287,-27,12,21,-4.0
1651841289,-29,12,26,2.5
1651841291,-26,7,18,-4.0
1651841293,-30,7,29,5.5
1651841295,-29,7,26,-1.5
1651841297,-27,7,21,-2.5
1651841299,-27,7,21,0.0
1651841301,-30,10,29,4.0
1651841303,-32,4,37,4.0
1651841305,-33,5,41,2.0
1651841307,-30,5,29,-6.0
1651841309,-28,10,23,-3.0
1651841311,-31,5,33,5.0
1651841313,-27,7,21,-6.0
1651841315,-28,14,23,1.0
1651841317,-34,14,46,11.5
1651841319,-27,5,21,-12.5
1651841321,-26,10,18,-1.5
1651841323,-33,6,41,11.5
1651841325,-30,6,29,-6.0
1651841327,-28,6,23,-3.0
1651841329,-26,6,18,-2.5
1651841331,-28,6,23,2.5
1651841333,-29,6,26,1.5
1651841335,-28,6,23,-1.5
1651841337,-29,13,26,1.5
1651841339,-28,13,23,-1.5
1651841341,-28,13,23,0.0
1651841343,-28,13,23,0.0
1651841345,-29,13,26,1.5
1651841347,-26,13,18,-4.0
1651841349,-28,13,23,2.5
1651841351,-27,15,21,-1.0
1651841353,-31,15,33,6.0
1651841355,-24,15,15,-9.0
1651841357,-26,15,18,1.5
1651841359,-28,15,23,2.5
1651841361,-26,15,18,-2.5
1651841363,-29,13,26,4.0
1651841365,-29,13,26,0.0
1651841367,-30,13,29,1.5
1651841369,-27,7,21,-4.0
1651841371,-28,7,23,1.0
1651841373,-28,11,23,0.0
1651841375,-27,11,21,-1.0
1651841377,-33,11,41,10.0
1651841379,-25,14,16,-12.5
1651841381,-24,5,15,-0.5
1651841383,-27,6,21,3.0
1651841385,-30,6,29,4.0
1651841387,-31,6,33,2.0
1651841389,-28,6,23,-5.0
1651841391,-33,13,41,9.0
1651841393,-28,6,23,-9.0
1651841395,-28,6,23,0.0
1651841397,-29,6,26,1.5
1651841399,-31,6,33,3.5
1651841401,-29,6,26,-3.5
1651841403,-29,6,26,0.0
1651841405,-39,6,82,28.0
1651841407,-30,6,29,-26.5
1651841409,-27,6,21,-4.0
1651841411,-27,12,21,0.0
1651841413,-30,12,29,4.0
1651841415,-28,12,23,-3.0
1651841417,-29,12,26,1.5
1651841419,-26,6,18,-4.0
1651841421,-28,6,23,2.5
1651841423,-28,6,23,0.0
1651841425,-35,13,52,14.5
1651841427,-36,13,58,3.0
1651841429,-31,13,33,-12.5
1651841431,-26,10,18,-7.5
1651841433,-26,6,18,0.0
1651841435,-26,6,18,0.0
1651841437,-26,6,18,0.0
1651841439,-26,6,18,0.0
1651841441,-26,6,18,0.0
1651841443,-26,6,18,0.0
1651841445,-26,6,18,0.0
1651841447,-26,6,18,0.0
