utc,rssi_dbm,mcs,implied_range_m,rate_m_per_s
1651803251,-19,0,8,
1651803253,-19,0,8,0.0
1651803255,-19,0,8,0.0
1651803257,-18,0,7,-0.5
1651803259,-19,0,8,0.5
1651803261,-19,0,8,0.0
1651803263,-20,6,9,0.5
1651803265,-21,6,10,0.5
1651803267,-23,6,13,1.5
1651803269,-21,7,10,-1.5
1651803271,-19,0,8,-1.0
1651803273,-24,0,15,3.5
1651803275,-23,0,13,-1.0
1651803277,-20,0,9,-2.0
1651803279,-23,0,13,2.0
1651803281,-25,0,16,1.5
1651803283,-21,0,10,-3.0
1651803285,-23,4,13,1.5
1651803287,-23,0,13,0.0
1651803289,-20,0,9,-2.0
1651803291,-25,0,16,3.5
1651803293,-23,0,13,-1.5
1651803295,-22,0,12,-0.5
1651803297,-22,0,12,0.0
1651803299,-22,0,12,0.0
1651803301,-19,0,8,-2.0
1651803303,-20,0,9,0.5
1651803305,-24,0,15,3.0
1651803307,-23,0,13,-1.0
1651803309,-20,0,9,-2.0
1651803311,-20,0,9,0.0
1651803313,-23,0,13,2.0
1651803315,-22,0,12,-0.5
1651803317,-23,0,13,0.5
1651803320,-23,0,13,0.0
1651803322,-24,0,15,1.0
1651803324,-26,0,18,1.5
1651803326,-23,1,13,-2.5
1651803328,-22,0,12,-0.5
1651803330,-24,0,15,1.5
1651803332,-22,0,12,-1.5
1651803334,-22,2,12,0.0
1651803336,-20,2,9,-1.5
1651803338,-22,2,12,1.5
1651803340,-23,2,13,0.5
1651803342,-18,0,7,-3.0
1651803344,-20,1,9,1.0
1651803346,-18,1,7,-1.0
1651803348,-21,0,10,1.5
1651803350,-21,0,10,0.0
1651803352,-21,0,10,0.0
1651803354,-19,0,8,-1.0
1651803356,-21,0,10,1.0
1651803358,-24,0,15,2.5
1651803360,-21,0,10,-2.5
1651803362,-24,0,15,2.5
1651803364,-19,0,8,-3.5
1651803366,-19,0,8,0.0
1651803368,-19,0,8,0.0
1651803370,-19,0,8,0.0
1651803372,-20,0,9,0.5
1651803374,-21,0,10,0.5
1651803376,-22,8,12,1.0
1651803378,-20,8,9,-1.5
1651803380,-21,0,10,0.5
1651803382,-20,0,9,-0.5
1651803384,-24,0,15,3.0
1651803386,-20,0,9,-3.0
1651803388,-19,0,8,-0.5
1651803390,-17,0,7,-0.5
1651803392,-19,0,8,0.5
1651803394,-19,0,8,0.0
1651803396,-20,0,9,0.5
1651803398,-21,0,10,0.5
1651803400,-21,7,10,0.0
1651803402,-21,0,10,0.0
1651803404,-23,0,13,1.5
1651803406,-21,0,10,-1.5
1651803408,-21,0,10,0.0
1651803410,-21,0,10,0.0
1651803412,-20,0,9,-0.5
1651803414,-21,0,10,0.5
1651803416,-26,9,18,4.0
1651803418,-26,0,18,0.0
1651803420,-23,0,13,-2.5
1651803422,-24,0,15,1.0
1651803424,-23,0,13,-1.0
1651803426,-24,0,15,1.0
1651803428,-24,13,15,0.0
1651803430,-23,3,13,-1.0
1651803432,-21,3,10,-1.5
1651803434,-21,3,10,0.0
1651803436,-24,3,15,2.5
1651803438,-23,3,13,-1.0
1651803440,-17,3,7,-3.0
1651803442,-25,3,16,4.5
1651803444,-24,3,15,-0.5
1651803446,-25,3,16,0.5
1651803448,-27,3,21,2.5
1651803450,-25,3,16,-2.5
1651803452,-25,3,16,0.0
1651803454,-23,3,13,-1.5
1651803456,-20,3,9,-2.0
1651803458,-24,3,15,3.0
1651803460,-23,3,13,-1.0
1651803462,-24,3,15,1.0
1651803464,-23,3,13,-1.0
1651803466,-22,3,12,-0.5
1651803468,-20,3,9,-1.5
1651803470,-22,3,12,1.5
1651803472,-23,3,13,0.5
1651803474,-24,3,15,1.0
1651803476,-22,3,12,-1.5
1651803478,-20,3,9,-1.5
1651803480,-25,3,16,3.5
1651803482,-24,3,15,-0.5
1651803484,-22,3,12,-1.5
1651803486,-21,3,10,-1.0
1651803488,-23,3,13,1.5
1651803490,-24,3,15,1.0
1651803492,-22,3,12,-1.5
1651803494,-25,3,16,2.0
1651803496,-24,3,15,-0.5
1651803498,-25,3,16,0.5
1651803500,-22,3,12,-2.0
1651803502,-24,3,15,1.5
1651803504,-25,3,16,0.5
1651803506,-24,3,15,-0.5
1651803508,-25,3,16,0.5
1651803510,-22,3,12,-2.0
1651803512,-23,3,13,0.5
1651803514,-14,3,5,-4.0
1651803516,-24,3,15,5.0
1651803518,-20,3,9,-3.0
1651803520,-26,3,18,4.5
1651803522,-25,3,16,-1.0
1651803524,-25,3,16,0.0
1651803526,-25,3,16,0.0
1651803528,-22,3,12,-2.0
1651803530,-23,3,13,0.5
1651803532,-25,3,16,1.5
1651803534,-24,3,15,-0.5
1651803536,-23,3,13,-1.0
1651803538,-22,3,12,-0.5
1651803540,-25,3,16,2.0
1651803542,-25,3,16,0.0
1651803544,-24,3,15,-0.5
1651803546,-23,3,13,-1.0
1651803548,-25,3,16,1.5
1651803550,-24,3,15,-0.5
1651803552,-24,3,15,0.0
1651803554,-25,3,16,0.5
1651803556,-24,3,15,-0.5
1651803558,-18,3,7,-4.0
1651803560,-27,3,21,7.0
1651803562,-24,3,15,-3.0
1651803564,-20,3,9,-3.0
1651803566,-20,3,9,0.0
1651803568,-19,3,8,-0.5
1651803570,-25,3,16,4.0
1651803572,-25,3,16,0.0
1651803574,-25,3,16,0.0
1651803576,-23,3,13,-1.5
1651803578,-24,3,15,1.0
1651803580,-24,3,15,0.0
1651803582,-24,3,15,0.0
1651803584,-24,3,15,0.0
1651803586,-25,3,16,0.5
1651803588,-24,3,15,-0.5
1651803590,-19,3,8,-3.5
1651803592,-26,3,18,5.0
1651803594,-23,3,13,-2.5
1651803596,-20,3,9,-2.0
1651803598,-23,3,13,2.0
1651803600,-23,3,13,0.0
1651803602,-23,3,13,0.0
1651803604,-23,3,13,0.0
1651803606,-24,3,15,1.0
1651803608,-23,3,13,-1.0
1651803610,-27,3,21,4.0
1651803612,-21,3,10,-5.5
1651803614,-25,3,16,3.0
1651803616,-21,3,10,-3.0
1651803618,-23,3,13,1.5
1651803620,-25,3,16,1.5
1651803622,-24,3,15,-0.5
1651803624,-24,3,15,0.0
1651803626,-25,3,16,0.5
1651803628,-25,3,16,0.0
1651803630,-24,3,15,-0.5
1651803632,-23,3,13,-1.0
1651803634,-24,3,15,1.0
1651803636,-22,3,12,-1.5
1651803638,-22,3,12,0.0
1651803640,-24,3,15,1.5
1651803642,-24,3,15,0.0
1651803644,-23,3,13,-1.0
1651803646,-27,3,21,4.0
1651803648,-26,3,18,-1.5
1651803650,-22,3,12,-3.0
1651803652,-22,3,12,0.0
1651803654,-24,3,15,1.5
1651803656,-20,3,9,-3.0
1651803658,-24,3,15,3.0
1651803660,-23,3,13,-1.0
1651803662,-25,3,16,1.5
1651803664,-24,3,15,-0.5
1651803666,-24,3,15,0.0
1651803668,-23,3,13,-1.0
1651803670,-26,3,18,2.5
1651803672,-25,3,16,-1.0
1651803674,-23,3,13,-1.5
1651803676,-24,3,15,1.0
1651803678,-23,3,13,-1.0
1651803680,-22,3,12,-0.5
1651803682,-23,3,13,0.5
1651803684,-23,3,13,0.0
1651803686,-24,3,15,1.0
1651803688,-25,3,16,0.5
1651803690,-20,3,9,-3.5
1651803692,-25,3,16,3.5
1651803694,-24,3,15,-0.5
1651803696,-23,3,13,-1.0
1651803741,-22,0,12,-0.0
1651803743,-23,0,13,0.5
1651803745,-22,0,12,-0.5
1651803747,-22,0,12,0.0
1651803749,-21,0,10,-1.0
1651803751,-22,0,12,1.0
1651803753,-22,0,12,0.0
1651803755,-23,0,13,0.5
1651803757,-22,7,12,-0.5
1651803759,-22,7,12,0.0
1651803761,-25,7,16,2.0
1651803763,-26,0,18,1.0
1651803765,-23,3,13,-2.5
1651803767,-22,3,12,-0.5
1651803769,-23,3,13,0.5
1651803771,-25,3,16,1.5
1651803773,-22,3,12,-2.0
1651803775,-23,3,13,0.5
1651803777,-24,2,15,1.0
1651803779,-16,8,6,-4.5
1651803781,-17,8,7,0.5
1651803783,-16,8,6,-0.5
1651803785,-25,8,16,5.0
1651803787,-22,8,12,-2.0
1651803789,-23,8,13,0.5
1651803791,-26,8,18,2.5
1651803793,-24,8,15,-1.5
1651803795,-24,8,15,0.0
1651803797,-26,8,18,1.5
1651803799,-24,8,15,-1.5
1651803801,-24,8,15,0.0
1651803803,-24,8,15,0.0
1651803805,-23,8,13,-1.0
1651803807,-21,8,10,-1.5
1651803809,-23,8,13,1.5
1651803811,-21,8,10,-1.5
1651803813,-24,8,15,2.5
1651803815,-23,8,13,-1.0
1651803817,-20,8,9,-2.0
1651803819,-22,8,12,1.5
1651803821,-23,8,13,0.5
1651803823,-23,8,13,0.0
1651803825,-18,8,7,-3.0
1651803827,-23,14,13,3.0
1651803829,-23,14,13,0.0
1651803831,-23,14,13,0.0
1651803833,-22,14,12,-0.5
1651803835,-23,14,13,0.5
1651803837,-22,14,12,-0.5
1651803839,-23,14,13,0.5
1651803841,-23,14,13,0.0
1651803843,-21,14,10,-1.5
1651803845,-23,14,13,1.5
1651803847,-24,14,15,1.0
1651803849,-25,2,16,0.5
1651803851,-22,2,12,-2.0
1651803853,-23,2,13,0.5
1651803855,-21,13,10,-1.5
1651803857,-24,3,15,2.5
1651803859,-24,3,15,0.0
1651803861,-22,3,12,-1.5
1651803863,-23,3,13,0.5
1651803865,-22,3,12,-0.5
1651803867,-23,3,13,0.5
1651803869,-23,3,13,0.0
1651803871,-22,3,12,-0.5
1651803873,-23,3,13,0.5
1651803875,-22,3,12,-0.5
1651803877,-21,3,10,-1.0
1651803879,-24,3,15,2.5
1651803881,-24,3,15,0.0
1651803883,-23,3,13,-1.0
1651803885,-25,3,16,1.5
1651803887,-24,3,15,-0.5
1651803889,-25,3,16,0.5
1651803891,-24,3,15,-0.5
1651803893,-22,3,12,-1.5
1651803895,-24,3,15,1.5
1651803897,-25,3,16,0.5
1651803899,-25,3,16,0.0
1651803901,-24,3,15,-0.5
1651803903,-14,3,5,-5.0
1651803905,-13,3,4,-0.5
1651803907,-25,3,16,6.0
1651803909,-17,3,7,-4.5
1651803911,-24,3,15,4.0
1651803913,-28,3,23,4.0
1651803915,-26,3,18,-2.5
1651803917,-22,3,12,-3.0
1651803919,-14,3,5,-3.5
1651803921,-15,3,5,0.0
1651803923,-16,3,6,0.5
1651803925,-16,3,6,0.0
1651803927,-25,3,16,5.0
1651803929,-24,3,15,-0.5
1651803931,-25,3,16,0.5
1651803933,-23,3,13,-1.5
1651803935,-24,3,15,1.0
1651803937,-24,3,15,0.0
1651803939,-25,3,16,0.5
1651803941,-23,3,13,-1.5
1651803943,-22,3,12,-0.5
1651803945,-14,3,5,-3.5
1651803947,-25,3,16,5.5
1651803949,-25,3,16,0.0
1651803951,-25,3,16,0.0
1651803953,-24,3,15,-0.5
1651803955,-25,3,16,0.5
1651803957,-23,3,13,-1.5
1651803959,-23,3,13,0.0
1651803961,-23,3,13,0.0
1651803963,-24,3,15,1.0
1651803965,-25,3,16,0.5
1651803967,-24,3,15,-0.5
1651803969,-21,3,10,-2.5
1651803971,-17,3,7,-1.5
1651803973,-19,3,8,0.5
1651803975,-26,3,18,5.0
1651803977,-25,3,16,-1.0
1651803979,-25,3,16,0.0
1651803981,-24,3,15,-0.5
1651803983,-22,3,12,-1.5
1651803985,-24,3,15,1.5
1651803987,-23,3,13,-1.0
1651803989,-23,3,13,0.0
1651803991,-23,3,13,0.0
1651803993,-21,3,10,-1.5
1651803995,-22,3,12,1.0
1651803997,-19,3,8,-2.0
1651803999,-23,3,13,2.5
1651804001,-22,3,12,-0.5
1651804003,-24,3,15,1.5
1651804005,-24,3,15,0.0
1651804007,-24,3,15,0.0
1651804009,-24,3,15,0.0
1651804011,-23,3,13,-1.0
1651804013,-17,3,7,-3.0
1651804015,-24,3,15,4.0
1651804017,-22,3,12,-1.5
1651804019,-24,3,15,1.5
1651804021,-21,3,10,-2.5
1651804023,-24,3,15,2.5
1651804025,-25,3,16,0.5
1651804027,-24,3,15,-0.5
1651804029,-24,3,15,0.0
1651804031,-16,3,6,-4.5
1651804033,-16,3,6,0.0
1651804035,-23,3,13,3.5
1651804037,-24,3,15,1.0
1651804039,-24,3,15,0.0
1651804041,-25,3,16,0.5
1651804043,-21,3,10,-3.0
1651804045,-24,3,15,2.5
1651804047,-24,3,15,0.0
1651804049,-23,3,13,-1.0
1651804051,-22,3,12,-0.5
1651804053,-23,3,13,0.5
1651804055,-24,13,15,1.0
1651804058,-22,3,12,-1.0
1651804060,-23,2,13,0.5
1651804062,-25,2,16,1.5
1651804064,-23,2,13,-1.5
1651804066,-22,2,12,-0.5
1651804068,-25,2,16,2.0
1651804070,-24,2,15,-0.5
1651804072,-23,2,13,-1.0
1651804074,-23,2,13,0.0
1651804076,-24,2,15,1.0
1651804078,-25,2,16,0.5
1651804080,-24,2,15,-0.5
1651804082,-25,2,16,0.5
1651804084,-24,2,15,-0.5
1651804086,-24,2,15,0.0
1651804088,-23,2,13,-1.0
1651804090,-24,2,15,1.0
1651804092,-24,2,15,0.0
1651804094,-24,2,15,0.0
1651804096,-24,2,15,0.0
1651804098,-23,2,13,-1.0
1651804100,-24,2,15,1.0
1651804102,-25,2,16,0.5
1651804104,-24,2,15,-0.5
1651804106,-24,2,15,0.0
1651804108,-24,2,15,0.0
1651804110,-25,2,16,0.5
1651804112,-24,2,15,-0.5
1651804114,-22,2,12,-1.5
1651804116,-22,2,12,0.0
1651804118,-22,2,12,0.0
1651804120,-22,2,12,0.0
1651804122,-21,2,10,-1.0
1651804124,-22,2,12,1.0
1651804126,-22,2,12,0.0
1651804128,-25,2,16,2.0
1651804130,-26,2,18,1.0
1651804132,-25,2,16,-1.0
1651804134,-25,2,16,0.0
1651804136,-24,2,15,-0.5
1651804138,-25,2,16,0.5
1651804140,-26,2,18,1.0
1651804142,-22,2,12,-3.0
1651804144,-23,2,13,0.5
1651804146,-25,2,16,1.5
1651804148,-23,2,13,-1.5
1651804150,-18,2,7,-3.0
1651804152,-17,2,7,0.0
1651804154,-18,2,7,0.0
1651804156,-18,2,7,0.0
1651804158,-24,2,15,4.0
1651804160,-25,2,16,0.5
1651804162,-24,2,15,-0.5
1651804164,-23,2,13,-1.0
1651804166,-24,2,15,1.0
1651804168,-24,2,15,0.0
1651804170,-24,2,15,0.0
1651804172,-24,2,15,0.0
1651804174,-21,2,10,-2.5
1651804176,-24,2,15,2.5
1651804178,-24,2,15,0.0
1651804180,-24,2,15,0.0
1651804182,-24,2,15,0.0
1651804184,-25,2,16,0.5
1651804186,-24,2,15,-0.5
1651804188,-24,2,15,0.0
1651804190,-25,2,16,0.5
1651804192,-14,2,5,-5.5
1651804194,-14,2,5,0.0
1651804196,-24,2,15,5.0
1651804198,-21,2,10,-2.5
1651804200,-25,2,16,3.0
1651804202,-25,2,16,0.0
1651804204,-24,2,15,-0.5
1651804206,-25,2,16,0.5
1651804208,-25,2,16,0.0
1651804210,-24,2,15,-0.5
1651804212,-24,2,15,0.0
1651804214,-24,2,15,0.0
1651804216,-23,2,13,-1.0
1651804218,-23,2,13,0.0
1651804220,-23,2,13,0.0
1651804222,-12,2,4,-4.5
1651804224,-23,2,13,4.5
1651804226,-23,2,13,0.0
1651804228,-22,2,12,-0.5
1651804230,-19,2,8,-2.0
1651804232,-25,2,16,4.0
1651804234,-23,2,13,-1.5
1651804236,-22,2,12,-0.5
1651804238,-19,2,8,-2.0
1651804240,-20,2,9,0.5
1651804242,-24,2,15,3.0
1651804244,-27,2,21,3.0
1651804246,-24,2,15,-3.0
1651804248,-25,2,16,0.5
1651804250,-23,2,13,-1.5
1651804252,-24,2,15,1.0
1651804254,-23,2,13,-1.0
1651804256,-24,2,15,1.0
1651804258,-24,2,15,0.0
1651804260,-24,2,15,0.0
1651804262,-25,2,16,0.5
1651804264,-25,2,16,0.0
1651804266,-23,2,13,-1.5
1651804268,-23,2,13,0.0
1651804270,-25,2,16,1.5
1651804272,-24,2,15,-0.5
1651804274,-22,2,12,-1.5
1651804276,-26,2,18,3.0
1651804278,-25,2,16,-1.0
1651804280,-26,2,18,1.0
1651804282,-25,2,16,-1.0
1651804284,-25,2,16,0.0
1651804286,-26,2,18,1.0
1651804288,-24,2,15,-1.5
1651804290,-20,2,9,-3.0
1651804292,-27,2,21,6.0
1651804294,-29,2,26,2.5
1651804296,-30,2,29,1.5
1651804298,-30,2,29,0.0
1651804300,-22,2,12,-8.5
1651804302,-24,2,15,1.5
1651804304,-24,2,15,0.0
1651804306,-24,2,15,0.0
1651804308,-25,2,16,0.5
1651804310,-24,2,15,-0.5
1651804312,-25,2,16,0.5
1651804314,-23,2,13,-1.5
1651804316,-24,2,15,1.0
1651804318,-23,2,13,-1.0
1651804320,-23,2,13,0.0
1651804322,-23,2,13,0.0
1651804324,-23,2,13,0.0
1651804326,-23,2,13,0.0
1651804328,-24,2,15,1.0
1651804330,-24,2,15,0.0
1651804332,-24,2,15,0.0
1651804334,-25,2,16,0.5
1651804336,-25,2,16,0.0
1651804338,-17,2,7,-4.5
1651804340,-18,2,7,0.0
1651804342,-24,2,15,4.0
1651804344,-27,2,21,3.0
1651804346,-24,2,15,-3.0
1651804348,-25,2,16,0.5
1651804350,-24,2,15,-0.5
1651804352,-24,2,15,0.0
1651804354,-20,2,9,-3.0
1651804356,-21,2,10,0.5
1651804358,-23,2,13,1.5
1651804360,-27,2,21,4.0
1651804362,-26,2,18,-1.5
1651804364,-26,2,18,0.0
1651804366,-25,2,16,-1.0
1651804368,-25,2,16,0.0
1651804370,-24,2,15,-0.5
1651804372,-20,2,9,-3.0
1651804374,-25,2,16,3.5
1651804376,-25,2,16,0.0
1651804378,-25,2,16,0.0
1651804380,-26,2,18,1.0
1651804382,-25,2,16,-1.0
1651804384,-24,2,15,-0.5
1651804386,-24,2,15,0.0
1651804388,-24,2,15,0.0
1651804390,-24,2,15,0.0
1651804392,-23,2,13,-1.0
1651804394,-23,2,13,0.0
1651804396,-24,2,15,1.0
1651804398,-24,2,15,0.0
1651804400,-24,2,15,0.0
1651804402,-24,2,15,0.0
1651804404,-18,2,7,-4.0
1651804406,-25,2,16,4.5
1651804408,-25,2,16,0.0
1651804410,-24,2,15,-0.5
1651804412,-24,2,15,0.0
1651804414,-22,2,12,-1.5
1651804416,-24,2,15,1.5
1651804418,-25,2,16,0.5
1651804420,-23,2,13,-1.5
1651804422,-22,2,12,-0.5
1651804424,-23,2,13,0.5
1651804426,-25,2,16,1.5
1651804428,-25,2,16,0.0
1651804430,-23,2,13,-1.5
1651804432,-25,2,16,1.5
1651804434,-25,2,16,0.0
1651804436,-26,2,18,1.0
1651804438,-24,2,15,-1.5
1651804440,-25,2,16,0.5
1651804442,-25,2,16,0.0
1651804444,-24,2,15,-0.5
1651804446,-25,2,16,0.5
1651804448,-24,2,15,-0.5
1651804450,-26,2,18,1.5
1651804452,-24,2,15,-1.5
1651804454,-21,2,10,-2.5
1651804456,-21,2,10,0.0
1651804458,-21,2,10,0.0
1651804460,-22,2,12,1.0
1651804462,-34,2,46,17.0
1651804464,-32,2,37,-4.5
1651804466,-26,2,18,-9.5
1651804468,-26,2,18,0.0
1651804470,-26,2,18,0.0
1651804472,-26,2,18,0.0
1651804474,-27,2,21,1.5
1651804476,-25,2,16,-2.5
1651804478,-24,2,15,-0.5
1651804480,-27,2,21,3.0
1651804482,-25,2,16,-2.5
1651804484,-22,2,12,-2.0
1651804486,-25,2,16,2.0
1651804488,-24,2,15,-0.5
1651804490,-15,2,5,-5.0
1651804492,-24,2,15,5.0
1651804494,-23,2,13,-1.0
1651804496,-25,2,16,1.5
1651804498,-24,2,15,-0.5
1651804500,-23,2,13,-1.0
1651804502,-26,2,18,2.5
1651804504,-23,2,13,-2.5
1651804506,-25,2,16,1.5
1651804508,-25,2,16,0.0
1651804510,-25,2,16,0.0
1651804512,-17,2,7,-4.5
1651804514,-22,2,12,2.5
1651804516,-26,2,18,3.0
1651804518,-25,2,16,-1.0
1651804520,-23,2,13,-1.5
1651804522,-24,2,15,1.0
1651804524,-24,2,15,0.0
1651804526,-25,2,16,0.5
1651804528,-25,2,16,0.0
1651804530,-24,2,15,-0.5
1651804532,-23,2,13,-1.0
1651804534,-24,2,15,1.0
1651804536,-23,7,13,-1.0
1651804538,-23,7,13,0.0
1651804540,-24,7,15,1.0
1651804542,-25,2,16,0.5
1651804544,-24,6,15,-0.5
1651804546,-22,2,12,-1.5
1651804548,-25,5,16,2.0
1651804550,-25,12,16,0.0
1651804552,-24,11,15,-0.5
1651804554,-25,2,16,0.5
1651804556,-25,2,16,0.0
1651804558,-24,2,15,-0.5
1651804560,-25,2,16,0.5
1651804562,-24,2,15,-0.5
1651804564,-23,3,13,-1.0
1651804566,-24,10,15,1.0
1651804568,-24,10,15,0.0
1651804570,-21,10,10,-2.5
1651804572,-19,15,8,-1.0
1651804574,-24,10,15,3.5
1651804576,-20,10,9,-3.0
1651804578,-19,10,8,-0.5
1651804580,-20,10,9,0.5
1651804582,-25,10,16,3.5
1651804584,-26,10,18,1.0
1651804586,-24,11,15,-1.5
1651804588,-25,9,16,0.5
1651804590,-24,9,15,-0.5
1651804592,-23,9,13,-1.0
1651804594,-25,9,16,1.5
1651804596,-22,9,12,-2.0
1651804598,-24,9,15,1.5
1651804600,-24,4,15,0.0
1651804602,-24,4,15,0.0
1651804604,-24,4,15,0.0
1651804606,-24,9,15,0.0
1651804608,-24,9,15,0.0
1651804610,-24,9,15,0.0
1651804612,-24,9,15,0.0
1651804614,-24,9,15,0.0
1651804616,-24,9,15,0.0
1651804618,-23,9,13,-1.0
1651804620,-23,9,13,0.0
1651804622,-22,9,12,-0.5
1651804624,-24,9,15,1.5
1651804626,-24,9,15,0.0
1651804628,-24,9,15,0.0
1651804630,-24,9,15,0.0
1651804632,-25,9,16,0.5
1651804634,-23,9,13,-1.5
1651804636,-22,9,12,-0.5
1651804638,-23,0,13,0.5
1651804640,-23,7,13,0.0
1651804642,-25,7,16,1.5
1651804644,-24,7,15,-0.5
1651804646,-24,0,15,0.0
1651804648,-23,2,13,-1.0
1651804650,-25,2,16,1.5
1651804652,-16,2,6,-5.0
1651804654,-16,2,6,0.0
1651804656,-25,2,16,5.0
1651804658,-25,2,16,0.0
1651804660,-24,2,15,-0.5
1651804662,-22,2,12,-1.5
1651804664,-22,2,12,0.0
1651804666,-23,1,13,0.5
1651804668,-24,0,15,1.0
1651804670,-23,2,13,-1.0
1651804672,-24,2,15,1.0
1651804674,-25,2,16,0.5
1651804676,-25,2,16,0.0
1651804678,-25,2,16,0.0
1651804680,-20,1,9,-3.5
1651804682,-25,10,16,3.5
1651804684,-23,9,13,-1.5
1651804686,-23,9,13,0.0
1651804688,-24,9,15,1.0
1651804690,-23,12,13,-1.0
1651804692,-23,12,13,0.0
1651804694,-22,12,12,-0.5
1651804696,-24,12,15,1.5
1651804698,-24,12,15,0.0
1651804700,-23,12,13,-1.0
1651804702,-23,12,13,0.0
1651804704,-22,14,12,-0.5
1651804706,-25,14,16,2.0
1651804708,-25,14,16,0.0
1651804710,-24,14,15,-0.5
1651804712,-23,14,13,-1.0
1651804714,-22,14,12,-0.5
1651804716,-22,9,12,0.0
1651804718,-22,9,12,0.0
1651804720,-23,9,13,0.5
1651804722,-24,9,15,1.0
1651804724,-23,9,13,-1.0
1651804726,-24,9,15,1.0
1651804728,-22,9,12,-1.5
1651804730,-18,9,7,-2.5
1651804732,-17,9,7,0.0
1651804734,-17,9,7,0.0
1651804736,-23,3,13,3.0
1651804738,-24,3,15,1.0
1651804740,-24,3,15,0.0
1651804742,-23,3,13,-1.0
1651804744,-22,3,12,-0.5
1651804746,-26,3,18,3.0
1651804748,-25,3,16,-1.0
1651804750,-25,9,16,0.0
1651804752,-20,9,9,-3.5
1651804754,-24,9,15,3.0
1651804756,-23,9,13,-1.0
1651804758,-23,9,13,0.0
1651804760,-24,9,15,1.0
1651804762,-24,11,15,0.0
1651804764,-22,9,12,-1.5
1651804766,-25,5,16,2.0
1651804768,-25,5,16,0.0
1651804770,-24,0,15,-0.5
1651804772,-23,0,13,-1.0
1651804774,-23,0,13,0.0
1651804776,-23,0,13,0.0
1651804778,-22,0,12,-0.5
1651804780,-17,0,7,-2.5
1651804782,-17,9,7,0.0
1651804784,-23,9,13,3.0
1651804786,-23,9,13,0.0
1651804788,-21,4,10,-1.5
1651804790,-24,4,15,2.5
1651804792,-24,4,15,0.0
1651804794,-25,4,16,0.5
1651804796,-23,4,13,-1.5
1651804798,-23,4,13,0.0
1651804800,-23,4,13,0.0
1651804802,-22,4,12,-0.5
1651804804,-23,0,13,0.5
1651804806,-24,0,15,1.0
1651804808,-23,0,13,-1.0
1651804810,-23,0,13,0.0
1651804812,-21,0,10,-1.5
1651804814,-21,0,10,0.0
1651804816,-25,0,16,3.0
1651804818,-25,0,16,0.0
1651804820,-22,0,12,-2.0
1651804822,-25,0,16,2.0
1651804824,-24,0,15,-0.5
1651804826,-24,0,15,0.0
1651804828,-25,0,16,0.5
1651804830,-24,0,15,-0.5
1651804832,-21,0,10,-2.5
1651804834,-24,0,15,2.5
1651804836,-24,0,15,0.0
1651804838,-22,0,12,-1.5
1651804840,-23,0,13,0.5
1651804842,-24,0,15,1.0
1651804844,-23,0,13,-1.0
1651804846,-24,0,15,1.0
1651804848,-24,0,15,0.0
1651804850,-21,0,10,-2.5
1651804852,-21,0,10,0.0
1651804854,-22,0,12,1.0
1651804856,-22,0,12,0.0
1651804858,-20,0,9,-1.5
1651804860,-23,0,13,2.0
1651804862,-23,8,13,0.0
1651804864,-24,8,15,1.0
1651804866,-23,8,13,-1.0
1651804868,-24,8,15,1.0
1651804870,-22,8,12,-1.5
1651804872,-23,8,13,0.5
1651804874,-23,8,13,0.0
1651804876,-23,8,13,0.0
1651804878,-22,8,12,-0.5
1651804880,-23,8,13,0.5
1651804882,-22,8,12,-0.5
1651804884,-25,8,16,2.0
1651804886,-22,8,12,-2.0
1651804888,-22,8,12,0.0
1651804890,-23,8,13,0.5
1651804892,-23,8,13,0.0
1651804894,-24,12,15,1.0
1651804896,-24,12,15,0.0
1651804898,-21,12,10,-2.5
1651804900,-23,12,13,1.5
1651804902,-23,12,13,0.0
1651804904,-23,12,13,0.0
1651804906,-23,12,13,0.0
1651804908,-15,12,5,-4.0
1651804910,-24,12,15,5.0
1651804912,-24,12,15,0.0
1651804914,-24,12,15,0.0
1651804916,-22,12,12,-1.5
1651804918,-23,4,13,0.5
1651804920,-22,4,12,-0.5
1651804922,-24,4,15,1.5
1651804924,-21,1,10,-2.5
1651804926,-22,1,12,1.0
1651804928,-22,1,12,0.0
1651804930,-22,2,12,0.0
1651804932,-22,9,12,0.0
1651804934,-23,9,13,0.5
1651804936,-23,9,13,0.0
1651804938,-23,9,13,0.0
1651804940,-25,9,16,1.5
1651804942,-21,11,10,-3.0
1651804944,-24,2,15,2.5
1651804946,-23,2,13,-1.0
1651804948,-23,2,13,0.0
1651804950,-24,2,15,1.0
1651804952,-22,2,12,-1.5
1651804954,-22,3,12,0.0
1651804956,-22,3,12,0.0
1651804958,-23,3,13,0.5
1651804960,-23,3,13,0.0
1651804962,-23,3,13,0.0
1651804964,-22,3,12,-0.5
1651804966,-23,3,13,0.5
1651804968,-23,3,13,0.0
1651804970,-22,3,12,-0.5
1651804972,-22,3,12,0.0
1651804974,-22,3,12,0.0
1651804976,-22,3,12,0.0
1651804978,-23,3,13,0.5
1651804980,-23,3,13,0.0
1651804982,-24,3,15,1.0
1651804984,-20,3,9,-3.0
1651804986,-20,3,9,0.0
1651804988,-21,3,10,0.5
1651804990,-21,3,10,0.0
1651804992,-23,3,13,1.5
1651804994,-21,3,10,-1.5
1651804996,-22,3,12,1.0
1651804998,-22,3,12,0.0
1651805000,-21,3,10,-1.0
1651805002,-22,3,12,1.0
1651805004,-22,3,12,0.0
1651805006,-21,3,10,-1.0
1651805008,-23,3,13,1.5
1651805010,-22,3,12,-0.5
1651805012,-23,3,13,0.5
1651805014,-23,3,13,0.0
1651805016,-22,3,12,-0.5
1651805018,-23,3,13,0.5
1651805020,-23,3,13,0.0
1651805022,-22,3,12,-0.5
1651805024,-19,3,8,-2.0
1651805026,-23,3,13,2.5
1651805028,-22,3,12,-0.5
1651805030,-23,3,13,0.5
1651805032,-22,3,12,-0.5
1651805034,-21,3,10,-1.0
1651805036,-23,3,13,1.5
1651805038,-24,3,15,1.0
1651805040,-24,3,15,0.0
1651805042,-23,3,13,-1.0
1651805044,-23,3,13,0.0
1651805046,-23,4,13,0.0
1651805048,-23,3,13,0.0
1651805050,-14,4,5,-4.0
1651805052,-14,4,5,0.0
1651805054,-22,3,12,3.5
1651805056,-21,9,10,-1.0
1651805058,-21,9,10,0.0
1651805060,-21,9,10,0.0
1651805062,-20,9,9,-0.5
1651805064,-23,9,13,2.0
1651805066,-23,9,13,0.0
1651805068,-23,9,13,0.0
1651805070,-22,9,12,-0.5
1651805072,-20,9,9,-1.5
1651805074,-17,8,7,-1.0
1651805076,-23,9,13,3.0
1651805078,-22,9,12,-0.5
1651805080,-23,9,13,0.5
1651805082,-24,9,15,1.0
1651805084,-26,9,18,1.5
1651805086,-23,9,13,-2.5
1651805088,-23,9,13,0.0
1651805090,-24,1,15,1.0
1651805092,-24,9,15,0.0
1651805094,-23,9,13,-1.0
1651805096,-23,9,13,0.0
1651805098,-22,9,12,-0.5
1651805100,-21,9,10,-1.0
1651805102,-20,9,9,-0.5
1651805104,-21,9,10,0.5
1651805106,-22,9,12,1.0
1651805108,-22,9,12,0.0
1651805110,-23,9,13,0.5
1651805112,-20,9,9,-2.0
1651805114,-20,9,9,0.0
1651805116,-20,9,9,0.0
1651805118,-20,9,9,0.0
1651805120,-20,9,9,0.0
1651805122,-21,9,10,0.5
1651805124,-22,9,12,1.0
1651805126,-23,9,13,0.5
1651805128,-23,9,13,0.0
1651805130,-22,9,12,-0.5
1651805132,-22,9,12,0.0
1651805134,-23,9,13,0.5
1651805136,-22,9,12,-0.5
1651805138,-21,9,10,-1.0
1651805140,-24,9,15,2.5
1651805142,-22,9,12,-1.5
1651805144,-22,9,12,0.0
1651805146,-22,9,12,0.0
1651805148,-24,9,15,1.5
1651805150,-24,9,15,0.0
1651805152,-22,9,12,-1.5
1651805154,-23,9,13,0.5
1651805156,-22,9,12,-0.5
1651805158,-22,9,12,0.0
1651805160,-23,9,13,0.5
1651805162,-23,9,13,0.0
1651805164,-23,9,13,0.0
1651805166,-23,9,13,0.0
1651805168,-23,9,13,0.0
1651805170,-22,9,12,-0.5
1651805172,-23,9,13,0.5
1651805174,-22,9,12,-0.5
1651805176,-22,9,12,0.0
1651805178,-16,9,6,-3.0
1651805180,-24,9,15,4.5
1651805182,-20,8,9,-3.0
1651805184,-21,11,10,0.5
1651805186,-24,11,15,2.5
1651805188,-23,11,13,-1.0
1651805190,-24,11,15,1.0
1651805192,-21,11,10,-2.5
1651805194,-22,8,12,1.0
1651805196,-23,8,13,0.5
1651805198,-24,8,15,1.0
1651805200,-23,8,13,-1.0
1651805202,-23,8,13,0.0
1651805204,-23,8,13,0.0
1651805206,-24,8,15,1.0
1651805208,-21,6,10,-2.5
1651805210,-21,2,10,0.0
1651805212,-22,2,12,1.0
1651805214,-23,2,13,0.5
1651805216,-24,3,15,1.0
1651805218,-23,3,13,-1.0
1651805220,-23,3,13,0.0
1651805222,-23,3,13,0.0
1651805224,-24,0,15,1.0
1651805226,-23,0,13,-1.0
1651805228,-23,0,13,0.0
1651805230,-23,0,13,0.0
1651805232,-23,0,13,0.0
1651805234,-24,0,15,1.0
1651805236,-24,0,15,0.0
1651805238,-21,1,10,-2.5
1651805240,-23,9,13,1.5
1651805242,-23,9,13,0.0
1651805244,-23,9,13,0.0
1651805246,-24,9,15,1.0
1651805248,-24,9,15,0.0
1651805250,-23,4,13,-1.0
1651805252,-23,9,13,0.0
1651805254,-24,9,15,1.0
1651805256,-24,9,15,0.0
1651805258,-21,9,10,-2.5
1651805260,-23,9,13,1.5
1651805262,-24,10,15,1.0
1651805264,-24,10,15,0.0
1651805266,-22,10,12,-1.5
1651805268,-24,10,15,1.5
1651805270,-23,10,13,-1.0
1651805272,-24,10,15,1.0
1651805274,-23,10,13,-1.0
1651805276,-23,10,13,0.0
1651805278,-22,10,12,-0.5
1651805280,-14,10,5,-3.5
1651805282,-19,10,8,1.5
1651805284,-22,10,12,2.0
1651805286,-23,10,13,0.5
1651805288,-25,10,16,1.5
1651805290,-24,10,15,-0.5
1651805292,-21,10,10,-2.5
1651805295,-23,14,13,1.0
1651805297,-21,10,10,-1.5
1651805299,-22,10,12,1.0
1651805301,-22,10,12,0.0
1651805303,-22,11,12,0.0
1651805305,-21,0,10,-1.0
1651805307,-23,0,13,1.5
1651805309,-23,0,13,0.0
1651805311,-24,12,15,1.0
1651805313,-24,12,15,0.0
1651805315,-23,12,13,-1.0
1651805317,-19,12,8,-2.5
1651805319,-23,12,13,2.5
1651805321,-24,12,15,1.0
1651805323,-25,12,16,0.5
1651805325,-23,8,13,-1.5
1651805327,-25,11,16,1.5
1651805329,-23,11,13,-1.5
1651805331,-24,11,15,1.0
1651805333,-22,11,12,-1.5
1651805335,-24,11,15,1.5
1651805337,-23,11,13,-1.0
1651805339,-23,11,13,0.0
1651805341,-21,11,10,-1.5
1651805343,-23,11,13,1.5
1651805345,-22,11,12,-0.5
1651805347,-25,11,16,2.0
1651805349,-23,11,13,-1.5
1651805351,-23,11,13,0.0
1651805353,-22,11,12,-0.5
1651805355,-23,11,13,0.5
1651805357,-23,11,13,0.0
1651805359,-20,11,9,-2.0
1651805361,-22,11,12,1.5
1651805363,-23,11,13,0.5
1651805365,-23,11,13,0.0
1651805367,-24,11,15,1.0
1651805369,-23,11,13,-1.0
1651805371,-23,11,13,0.0
1651805373,-24,11,15,1.0
1651805375,-25,3,16,0.5
1651805377,-23,3,13,-1.5
1651805379,-15,3,5,-4.0
1651805381,-18,3,7,1.0
1651805383,-30,3,29,11.0
1651805385,-30,3,29,0.0
1651805387,-21,3,10,-9.5
1651805389,-24,3,15,2.5
1651805391,-22,3,12,-1.5
1651805393,-22,3,12,0.0
1651805395,-22,3,12,0.0
1651805397,-22,8,12,0.0
1651805399,-22,3,12,0.0
1651805401,-23,3,13,0.5
1651805403,-23,3,13,0.0
1651805405,-20,1,9,-2.0
1651805407,-24,2,15,3.0
1651805409,-24,2,15,0.0
1651805411,-23,2,13,-1.0
1651805413,-25,10,16,1.5
1651805415,-21,10,10,-3.0
1651805417,-23,10,13,1.5
1651805419,-21,9,10,-1.5
1651805421,-24,9,15,2.5
1651805423,-23,9,13,-1.0
1651805425,-23,9,13,0.0
1651805427,-25,10,16,1.5
1651805429,-26,10,18,1.0
1651805431,-24,4,15,-1.5
1651805433,-22,4,12,-1.5
1651805435,-22,4,12,0.0
1651805437,-21,9,10,-1.0
1651805439,-23,4,13,1.5
1651805441,-27,4,21,4.0
1651805443,-21,4,10,-5.5
1651805445,-24,4,15,2.5
1651805447,-22,4,12,-1.5
1651805449,-24,4,15,1.5
1651805451,-25,4,16,0.5
1651805453,-25,4,16,0.0
1651805455,-24,2,15,-0.5
1651805457,-22,4,12,-1.5
1651805459,-23,3,13,0.5
1651805461,-24,2,15,1.0
1651805463,-25,2,16,0.5
1651805465,-25,2,16,0.0
1651805467,-24,2,15,-0.5
1651805469,-24,4,15,0.0
1651805471,-24,6,15,0.0
1651805473,-24,2,15,0.0
1651805475,-22,4,12,-1.5
1651805477,-23,4,13,0.5
1651805479,-23,4,13,0.0
1651805481,-24,4,15,1.0
1651805483,-26,4,18,1.5
1651805485,-23,4,13,-2.5
1651805487,-24,4,15,1.0
1651805489,-23,3,13,-1.0
1651805491,-24,4,15,1.0
1651805493,-22,3,12,-1.5
1651805495,-25,4,16,2.0
1651805497,-22,3,12,-2.0
1651805499,-24,3,15,1.5
1651805501,-22,9,12,-1.5
1651805503,-25,3,16,2.0
1651805505,-24,1,15,-0.5
1651805507,-24,1,15,0.0
1651805509,-24,1,15,0.0
1651805511,-23,1,13,-1.0
1651805513,-23,1,13,0.0
1651805515,-23,3,13,0.0
1651805517,-24,3,15,1.0
1651805519,-16,0,6,-4.5
1651805521,-24,3,15,4.5
1651805523,-20,3,9,-3.0
1651805525,-20,0,9,0.0
1651805527,-20,0,9,0.0
1651805529,-26,12,18,4.5
1651805531,-24,1,15,-1.5
1651805533,-25,1,16,0.5
1651805535,-22,1,12,-2.0
1651805537,-24,0,15,1.5
1651805539,-24,3,15,0.0
1651805541,-26,3,18,1.5
1651805543,-25,3,16,-1.0
1651805545,-21,3,10,-3.0
1651805547,-23,1,13,1.5
1651805549,-21,1,10,-1.5
1651805551,-24,1,15,2.5
1651805553,-24,3,15,0.0
1651805555,-25,3,16,0.5
1651805557,-25,3,16,0.0
1651805559,-25,3,16,0.0
1651805561,-26,3,18,1.0
1651805563,-24,3,15,-1.5
1651805565,-25,3,16,0.5
1651805567,-25,3,16,0.0
1651805569,-25,3,16,0.0
1651805571,-25,3,16,0.0
1651805573,-24,3,15,-0.5
1651805575,-25,3,16,0.5
1651805577,-26,3,18,1.0
1651805579,-25,3,16,-1.0
1651805581,-24,3,15,-0.5
1651805583,-23,3,13,-1.0
1651805585,-24,3,15,1.0
1651805587,-25,3,16,0.5
1651805589,-25,3,16,0.0
1651805591,-25,3,16,0.0
1651805593,-24,5,15,-0.5
1651805595,-23,3,13,-1.0
1651805597,-20,3,9,-2.0
1651805599,-25,1,16,3.5
1651805601,-21,1,10,-3.0
1651805603,-21,2,10,0.0
1651805605,-21,2,10,0.0
1651805607,-23,2,13,1.5
1651805609,-22,2,12,-0.5
1651805611,-25,2,16,2.0
1651805613,-26,0,18,1.0
1651805615,-24,2,15,-1.5
1651805617,-24,2,15,0.0
1651805619,-23,2,13,-1.0
1651805621,-25,2,16,1.5
1651805623,-19,2,8,-4.0
1651805625,-22,1,12,2.0
1651805627,-21,12,10,-1.0
1651805629,-24,12,15,2.5
1651805631,-21,14,10,-2.5
1651805633,-23,1,13,1.5
1651805635,-23,1,13,0.0
1651805637,-20,10,9,-2.0
1651805639,-19,0,8,-0.5
1651805641,-20,0,9,0.5
1651805643,-20,0,9,0.0
1651805645,-21,0,10,0.5
1651805647,-24,0,15,2.5
1651805649,-23,0,13,-1.0
1651805651,-23,0,13,0.0
1651805653,-24,0,15,1.0
1651805655,-23,0,13,-1.0
1651805657,-26,1,18,2.5
1651805659,-24,10,15,-1.5
1651805661,-22,1,12,-1.5
1651805663,-23,0,13,0.5
1651805665,-24,0,15,1.0
1651805667,-20,0,9,-3.0
1651805669,-24,0,15,3.0
1651805671,-22,0,12,-1.5
1651805673,-22,0,12,0.0
1651805675,-22,0,12,0.0
1651805677,-23,0,13,0.5
1651805679,-23,0,13,0.0
1651805681,-23,0,13,0.0
1651805683,-24,0,15,1.0
1651805685,-23,0,13,-1.0
1651805687,-24,0,15,1.0
1651805689,-21,0,10,-2.5
1651805691,-27,0,21,5.5
1651805693,-24,0,15,-3.0
1651805695,-26,0,18,1.5
1651805697,-25,0,16,-1.0
1651805699,-21,0,10,-3.0
1651805701,-16,0,6,-2.0
1651805703,-24,0,15,4.5
1651805705,-26,0,18,1.5
1651805707,-23,0,13,-2.5
1651805709,-25,4,16,1.5
1651805711,-22,4,12,-2.0
1651805713,-26,4,18,3.0
1651805715,-17,5,7,-5.5
1651805717,-24,4,15,4.0
1651805719,-26,5,18,1.5
1651805721,-26,7,18,0.0
1651805723,-21,4,10,-4.0
1651805725,-24,4,15,2.5
1651805727,-25,4,16,0.5
1651805729,-24,4,15,-0.5
1651805731,-24,4,15,0.0
1651805733,-16,4,6,-4.5
1651805735,-25,4,16,5.0
1651805737,-26,4,18,1.0
1651805739,-26,3,18,0.0
1651805741,-24,3,15,-1.5
1651805743,-23,3,13,-1.0
1651805745,-21,4,10,-1.5
1651805747,-23,8,13,1.5
1651805749,-21,3,10,-1.5
1651805751,-20,0,9,-0.5
1651805753,-21,0,10,0.5
1651805755,-74,0,4610,2300.0
1651805757,-18,0,7,-2301.5
1651805759,-25,0,16,4.5
1651805761,-22,0,12,-2.0
1651805763,-23,3,13,0.5
1651805765,-24,3,15,1.0
1651805767,-23,3,13,-1.0
1651805769,-24,3,15,1.0
1651805771,-23,3,13,-1.0
1651805773,-25,3,16,1.5
1651805775,-21,0,10,-3.0
1651805777,-21,0,10,0.0
1651805779,-21,0,10,0.0
1651805781,-22,0,12,1.0
1651805783,-21,0,10,-1.0
1651805785,-22,0,12,1.0
1651805787,-23,0,13,0.5
1651805789,-24,0,15,1.0
1651805791,-22,0,12,-1.5
1651805793,-24,0,15,1.5
1651805795,-24,0,15,0.0
1651805797,-19,0,8,-3.5
1651805799,-25,0,16,4.0
1651805801,-25,0,16,0.0
1651805803,-25,0,16,0.0
1651805805,-21,0,10,-3.0
1651805807,-21,3,10,0.0
1651805809,-19,0,8,-1.0
1651805811,-22,0,12,2.0
1651805813,-21,3,10,-1.0
1651805815,-20,5,9,-0.5
1651805817,-20,0,9,0.0
1651805819,-75,0,5173,2582.0
1651805821,-22,0,12,-2580.5
1651805823,-24,0,15,1.5
1651805825,-25,0,16,0.5
1651805827,-23,0,13,-1.5
1651805829,-24,0,15,1.0
1651805831,-25,0,16,0.5
1651805833,-23,0,13,-1.5
1651805835,-22,0,12,-0.5
1651805837,-23,0,13,0.5
1651805839,-25,0,16,1.5
1651805841,-26,0,18,1.0
1651805843,-22,0,12,-3.0
1651805845,-24,0,15,1.5
1651805847,-23,0,13,-1.0
1651805849,-24,0,15,1.0
1651805851,-23,0,13,-1.0
1651805853,-20,0,9,-2.0
1651805855,-24,0,15,3.0
1651805857,-24,0,15,0.0
1651805859,-21,0,10,-2.5
1651805861,-25,0,16,3.0
1651805863,-24,0,15,-0.5
1651805865,-24,0,15,0.0
1651805867,-22,0,12,-1.5
1651805869,-24,0,15,1.5
1651805871,-23,0,13,-1.0
1651805873,-25,0,16,1.5
1651805875,-24,0,15,-0.5
1651805877,-25,0,16,0.5
1651805879,-24,0,15,-0.5
1651805881,-23,0,13,-1.0
1651805883,-23,0,13,0.0
1651805885,-24,0,15,1.0
1651805887,-26,0,18,1.5
1651805889,-27,12,21,1.5
1651805891,-17,12,7,-7.0
1651805893,-25,4,16,4.5
1651805895,-23,4,13,-1.5
1651805897,-24,4,15,1.0
1651805899,-25,4,16,0.5
1651805901,-24,4,15,-0.5
1651805903,-23,0,13,-1.0
1651805905,-25,10,16,1.5
1651805907,-22,10,12,-2.0
1651805909,-19,0,8,-2.0
1651805911,-21,2,10,1.0
1651805913,-25,2,16,3.0
1651805915,-25,2,16,0.0
1651805917,-25,2,16,0.0
1651805919,-25,2,16,0.0
1651805921,-23,2,13,-1.5
1651805923,-17,0,7,-3.0
1651805925,-21,0,10,1.5
1651805927,-24,0,15,2.5
1651805929,-24,3,15,0.0
1651805931,-25,14,16,0.5
1651805933,-21,0,10,-3.0
1651805935,-25,0,16,3.0
1651805937,-24,6,15,-0.5
1651805939,-24,3,15,0.0
1651805941,-25,3,16,0.5
1651805943,-23,3,13,-1.5
1651805945,-23,3,13,0.0
1651805947,-24,0,15,1.0
1651805949,-22,0,12,-1.5
1651805951,-24,0,15,1.5
1651805953,-23,0,13,-1.0
1651805955,-20,9,9,-2.0
1651805957,-24,0,15,3.0
1651805959,-24,1,15,0.0
1651805961,-23,1,13,-1.0
1651805963,-24,1,15,1.0
1651805965,-24,1,15,0.0
1651805967,-24,14,15,0.0
1651806022,-25,0,16,0.0
1651806024,-26,0,18,1.0
1651806026,-23,0,13,-2.5
1651806028,-24,0,15,1.0
1651806030,-23,0,13,-1.0
1651806032,-25,0,16,1.5
1651806034,-23,5,13,-1.5
1651806036,-24,5,15,1.0
1651806038,-26,5,18,1.5
1651806040,-26,5,18,0.0
1651806042,-27,5,21,1.5
1651806044,-29,5,26,2.5
1651806046,-25,0,16,-5.0
1651806048,-25,0,16,0.0
1651806050,-28,0,23,3.5
1651806052,-25,0,16,-3.5
1651806054,-27,0,21,2.5
1651806056,-26,0,18,-1.5
1651806058,-25,0,16,-1.0
1651806060,-25,0,16,0.0
1651806062,-27,0,21,2.5
1651806064,-27,0,21,0.0
1651806066,-25,0,16,-2.5
1651806068,-26,3,18,1.0
1651806070,-25,3,16,-1.0
1651806072,-24,0,15,-0.5
1651806074,-25,1,16,0.5
1651806076,-22,1,12,-2.0
1651806078,-25,8,16,2.0
1651806080,-26,1,18,1.0
1651806082,-25,10,16,-1.0
1651806084,-26,10,18,1.0
1651806086,-25,10,16,-1.0
1651806088,-26,1,18,1.0
1651806090,-26,1,18,0.0
1651806092,-25,1,16,-1.0
1651806094,-22,0,12,-2.0
1651806096,-24,0,15,1.5
1651806098,-25,1,16,0.5
1651806100,-26,3,18,1.0
1651806102,-25,3,16,-1.0
1651806104,-27,1,21,2.5
1651806106,-27,3,21,0.0
1651806108,-25,3,16,-2.5
1651806110,-25,3,16,0.0
1651806112,-26,3,18,1.0
1651806114,-20,1,9,-4.5
1651806116,-26,1,18,4.5
1651806118,-22,3,12,-3.0
1651806120,-28,6,23,5.5
1651806122,-20,3,9,-7.0
1651806124,-26,3,18,4.5
1651806126,-27,3,21,1.5
1651806128,-25,13,16,-2.5
1651806130,-26,3,18,1.0
1651806132,-25,13,16,-1.0
1651806134,-27,14,21,2.5
1651806136,-26,3,18,-1.5
1651806138,-26,3,18,0.0
1651806140,-26,3,18,0.0
1651806142,-27,2,21,1.5
1651806144,-26,2,18,-1.5
1651806146,-26,3,18,0.0
1651806148,-26,3,18,0.0
1651806150,-29,3,26,4.0
1651806152,-26,3,18,-4.0
1651806154,-25,3,16,-1.0
1651806156,-23,3,13,-1.5
1651806158,-26,3,18,2.5
1651806160,-25,3,16,-1.0
1651806162,-27,3,21,2.5
1651806164,-26,3,18,-1.5
1651806166,-24,3,15,-1.5
1651806168,-25,2,16,0.5
1651806170,-23,2,13,-1.5
1651806172,-26,4,18,2.5
1651806174,-27,4,21,1.5
1651806176,-25,4,16,-2.5
1651806178,-25,4,16,0.0
1651806180,-27,4,21,2.5
1651806182,-25,7,16,-2.5
1651806184,-24,4,15,-0.5
1651806186,-25,4,16,0.5
1651806188,-26,4,18,1.0
1651806190,-25,4,16,-1.0
1651806192,-25,4,16,0.0
1651806194,-26,4,18,1.0
1651806196,-25,4,16,-1.0
1651806198,-25,4,16,0.0
1651806200,-24,8,15,-0.5
1651806202,-25,4,16,0.5
1651806204,-26,9,18,1.0
1651806206,-26,9,18,0.0
1651806208,-23,4,13,-2.5
1651806210,-26,4,18,2.5
1651806212,-26,4,18,0.0
1651806214,-26,4,18,0.0
1651806216,-24,4,15,-1.5
1651806218,-26,4,18,1.5
1651806220,-26,4,18,0.0
1651806222,-27,4,21,1.5
1651806224,-26,9,18,-1.5
1651806226,-32,9,37,9.5
1651806228,-29,9,26,-5.5
1651806230,-30,4,29,1.5
1651806232,-30,4,29,0.0
1651806234,-30,4,29,0.0
1651806236,-28,4,23,-3.0
1651806238,-31,4,33,5.0
1651806240,-23,9,13,-10.0
1651806242,-23,11,13,0.0
1651806244,-23,9,13,0.0
1651806246,-24,9,15,1.0
1651806248,-24,9,15,0.0
1651806250,-29,9,26,5.5
1651806252,-22,9,12,-7.0
1651806254,-26,9,18,3.0
1651806256,-26,9,18,0.0
1651806258,-24,9,15,-1.5
1651806260,-28,9,23,4.0
1651806262,-24,9,15,-4.0
1651806264,-25,9,16,0.5
1651806266,-29,9,26,5.0
1651806268,-25,6,16,-5.0
1651806270,-28,11,23,3.5
1651806272,-25,1,16,-3.5
1651806274,-26,1,18,1.0
1651806276,-26,1,18,0.0
1651806278,-26,3,18,0.0
1651806280,-27,3,21,1.5
1651806282,-24,3,15,-3.0
1651806284,-25,3,16,0.5
1651806286,-26,9,18,1.0
1651806288,-26,2,18,0.0
1651806290,-28,2,23,2.5
1651806292,-24,2,15,-4.0
1651806294,-26,3,18,1.5
1651806296,-27,14,21,1.5
1651806298,-21,0,10,-5.5
1651806300,-20,0,9,-0.5
1651806302,-19,0,8,-0.5
1651806304,-20,0,9,0.5
1651806306,-23,0,13,2.0
1651806308,-25,0,16,1.5
1651806310,-24,0,15,-0.5
1651806312,-24,4,15,0.0
1651806314,-21,0,10,-2.5
1651806316,-21,0,10,0.0
1651806318,-22,0,12,1.0
1651806320,-21,0,10,-1.0
1651806322,-24,0,15,2.5
1651806324,-25,0,16,0.5
1651806326,-25,0,16,0.0
1651806328,-24,0,15,-0.5
1651806330,-24,0,15,0.0
1651806332,-24,0,15,0.0
1651806334,-22,1,12,-1.5
1651806336,-23,1,13,0.5
1651806338,-25,1,16,1.5
1651806340,-24,15,15,-0.5
1651806342,-26,1,18,1.5
1651806344,-23,1,13,-2.5
1651806346,-22,1,12,-0.5
1651806348,-20,1,9,-1.5
1651806350,-22,1,12,1.5
1651806352,-24,1,15,1.5
1651806354,-26,1,18,1.5
1651806356,-24,1,15,-1.5
1651806358,-20,1,9,-3.0
1651806360,-24,1,15,3.0
1651806362,-26,1,18,1.5
1651806364,-25,1,16,-1.0
1651806366,-24,1,15,-0.5
1651806368,-24,1,15,0.0
1651806370,-23,1,13,-1.0
1651806372,-16,1,6,-3.5
1651806374,-23,0,13,3.5
1651806376,-23,0,13,0.0
1651806378,-24,0,15,1.0
1651806380,-25,0,16,0.5
1651806382,-24,0,15,-0.5
1651806384,-22,0,12,-1.5
1651806386,-25,0,16,2.0
1651806388,-24,0,15,-0.5
1651806390,-24,0,15,0.0
1651806392,-23,9,13,-1.0
1651806394,-23,0,13,0.0
1651806396,-23,0,13,0.0
1651806398,-21,0,10,-1.5
1651806400,-20,0,9,-0.5
1651806402,-25,0,16,3.5
1651806404,-22,0,12,-2.0
1651806406,-24,0,15,1.5
1651806408,-23,0,13,-1.0
1651806410,-26,0,18,2.5
1651806412,-23,8,13,-2.5
1651806414,-23,8,13,0.0
1651806416,-24,8,15,1.0
1651806418,-24,4,15,0.0
1651806420,-22,4,12,-1.5
1651806422,-24,4,15,1.5
1651806424,-23,4,13,-1.0
1651806426,-25,4,16,1.5
1651806428,-24,2,15,-0.5
1651806430,-23,2,13,-1.0
1651806432,-21,2,10,-1.5
1651806434,-19,1,8,-1.0
1651806436,-24,4,15,3.5
1651806438,-25,4,16,0.5
1651806440,-22,2,12,-2.0
1651806442,-22,2,12,0.0
1651806444,-24,2,15,1.5
1651806446,-25,2,16,0.5
1651806448,-18,2,7,-4.5
1651806450,-19,2,8,0.5
1651806452,-20,2,9,0.5
1651806454,-18,2,7,-1.0
1651806456,-25,2,16,4.5
1651806458,-23,2,13,-1.5
1651806460,-17,2,7,-3.0
1651806462,-16,2,6,-0.5
1651806464,-22,2,12,3.0
1651806466,-22,2,12,0.0
1651806468,-24,4,15,1.5
1651806470,-24,4,15,0.0
1651806472,-26,4,18,1.5
1651806474,-23,4,13,-2.5
1651806476,-24,4,15,1.0
1651806478,-22,4,12,-1.5
1651806481,-23,4,13,0.3
1651806483,-23,4,13,0.0
1651806485,-23,4,13,0.0
1651806487,-24,2,15,1.0
1651806489,-24,2,15,0.0
1651806491,-24,2,15,0.0
1651806493,-18,2,7,-4.0
1651806495,-24,9,15,4.0
1651806497,-25,2,16,0.5
1651806499,-26,2,18,1.0
1651806501,-24,2,15,-1.5
1651806503,-22,2,12,-1.5
1651806505,-22,0,12,0.0
1651806507,-25,0,16,2.0
1651806509,-22,13,12,-2.0
1651806511,-21,0,10,-1.0
1651806513,-23,1,13,1.5
1651806515,-23,1,13,0.0
1651806517,-22,1,12,-0.5
1651806519,-20,1,9,-1.5
1651806521,-19,0,8,-0.5
1651806523,-24,0,15,3.5
1651806525,-25,0,16,0.5
1651806527,-24,0,15,-0.5
1651806529,-23,0,13,-1.0
1651806531,-23,0,13,0.0
1651806533,-24,0,15,1.0
1651806535,-24,8,15,0.0
1651806537,-24,8,15,0.0
1651806539,-24,8,15,0.0
1651806541,-21,0,10,-2.5
1651806543,-73,0,4109,2049.5
1651806545,-25,10,16,-2046.5
1651806547,-23,3,13,-1.5
1651806549,-25,3,16,1.5
1651806551,-25,3,16,0.0
1651806553,-25,3,16,0.0
1651806555,-23,6,13,-1.5
1651806557,-24,3,15,1.0
1651806559,-24,3,15,0.0
1651806561,-21,0,10,-2.5
1651806563,-23,0,13,1.5
1651806565,-25,0,16,1.5
1651806567,-25,2,16,0.0
1651806569,-9,2,3,-6.5
1651806571,-25,2,16,6.5
1651806573,-22,2,12,-2.0
1651806575,-23,1,13,0.5
1651806577,-22,1,12,-0.5
1651806579,-19,9,8,-2.0
1651806581,-76,0,5804,2898.0
1651806583,-21,0,10,-2897.0
1651806585,-20,0,9,-0.5
1651806587,-26,0,18,4.5
1651806589,-22,0,12,-3.0
1651806591,-25,0,16,2.0
1651806593,-22,0,12,-2.0
1651806595,-20,0,9,-1.5
1651806597,-23,0,13,2.0
1651806599,-22,1,12,-0.5
1651806601,-22,1,12,0.0
1651806603,-21,0,10,-1.0
1651806605,-64,0,1458,724.0
1651806607,-21,0,10,-724.0
1651806609,-21,0,10,0.0
1651806611,-23,0,13,1.5
1651806613,-15,0,5,-4.0
1651806615,-17,0,7,1.0
1651806617,-23,0,13,3.0
1651806619,-23,0,13,0.0
1651806621,-25,0,16,1.5
1651806623,-25,0,16,0.0
1651806625,-24,0,15,-0.5
1651806627,-26,0,18,1.5
1651806629,-24,0,15,-1.5
1651806631,-24,0,15,0.0
1651806633,-26,0,18,1.5
1651806635,-26,0,18,0.0
1651806637,-24,0,15,-1.5
1651806639,-22,0,12,-1.5
1651806641,-21,0,10,-1.0
1651806643,-20,0,9,-0.5
1651806645,-23,0,13,2.0
1651806647,-25,0,16,1.5
1651806649,-25,0,16,0.0
1651806651,-26,0,18,1.0
1651806653,-26,0,18,0.0
1651806655,-22,0,12,-3.0
1651806657,-22,0,12,0.0
1651806659,-22,0,12,0.0
1651806661,-16,0,6,-3.0
1651806663,-27,0,21,7.5
1651806665,-26,0,18,-1.5
1651806667,-27,0,21,1.5
1651806669,-25,7,16,-2.5
1651806671,-25,7,16,0.0
1651806673,-21,0,10,-3.0
1651806675,-20,0,9,-0.5
1651806677,-20,0,9,0.0
1651806679,-20,0,9,0.0
1651806681,-21,5,10,0.5
1651806683,-23,5,13,1.5
1651806685,-24,0,15,1.0
1651806687,-15,0,5,-5.0
1651806689,-26,3,18,6.5
1651806691,-25,0,16,-1.0
1651806693,-26,9,18,1.0
1651806695,-25,9,16,-1.0
1651806697,-26,9,18,1.0
1651806699,-26,0,18,0.0
1651806701,-26,0,18,0.0
1651806703,-19,0,8,-5.0
1651806705,-22,0,12,2.0
1651806707,-25,0,16,2.0
1651806709,-23,0,13,-1.5
1651806711,-21,0,10,-1.5
1651806713,-22,0,12,1.0
1651806715,-19,0,8,-2.0
1651806717,-24,0,15,3.5
1651806719,-22,0,12,-1.5
1651806721,-20,0,9,-1.5
1651806723,-22,0,12,1.5
1651806725,-26,0,18,3.0
1651806727,-23,0,13,-2.5
1651806729,-21,0,10,-1.5
1651806731,-22,0,12,1.0
1651806733,-25,1,16,2.0
1651806735,-24,3,15,-0.5
1651806737,-25,3,16,0.5
1651806739,-21,3,10,-3.0
1651806741,-21,0,10,0.0
1651806743,-22,0,12,1.0
1651806745,-21,0,10,-1.0
1651806747,-21,0,10,0.0
1651806749,-23,0,13,1.5
1651806751,-25,0,16,1.5
1651806753,-23,0,13,-1.5
1651806755,-21,0,10,-1.5
1651806757,-21,0,10,0.0
1651806759,-24,0,15,2.5
1651806761,-24,0,15,0.0
1651806763,-20,0,9,-3.0
1651806765,-25,0,16,3.5
1651806767,-26,0,18,1.0
1651806769,-22,2,12,-3.0
1651806771,-19,2,8,-2.0
1651806773,-20,2,9,0.5
1651806775,-21,2,10,0.5
1651806777,-22,2,12,1.0
1651806779,-21,0,10,-1.0
1651806781,-21,2,10,0.0
1651806783,-25,2,16,3.0
1651806785,-23,2,13,-1.5
1651806787,-25,2,16,1.5
1651806789,-23,2,13,-1.5
1651806791,-23,2,13,0.0
1651806793,-22,0,12,-0.5
1651806795,-24,0,15,1.5
1651806797,-20,0,9,-3.0
1651806799,-25,0,16,3.5
1651806801,-25,0,16,0.0
1651806803,-28,8,23,3.5
1651806805,-24,0,15,-4.0
1651806807,-23,0,13,-1.0
1651806809,-23,0,13,0.0
1651806811,-25,0,16,1.5
1651806813,-22,0,12,-2.0
1651806815,-23,0,13,0.5
1651806817,-25,0,16,1.5
1651806819,-25,0,16,0.0
1651806821,-26,0,18,1.0
1651806823,-24,0,15,-1.5
1651806825,-24,0,15,0.0
1651806827,-22,0,12,-1.5
1651806829,-23,0,13,0.5
1651806831,-25,0,16,1.5
1651806833,-25,0,16,0.0
1651806835,-25,0,16,0.0
1651806837,-23,0,13,-1.5
1651806839,-23,0,13,0.0
1651806841,-24,0,15,1.0
1651806843,-24,0,15,0.0
1651806845,-21,0,10,-2.5
1651806847,-21,0,10,0.0
1651806849,-26,0,18,4.0
1651806851,-24,0,15,-1.5
1651806853,-24,0,15,0.0
1651806855,-22,0,12,-1.5
1651806857,-24,0,15,1.5
1651806859,-25,0,16,0.5
1651806861,-24,4,15,-0.5
1651806863,-24,4,15,0.0
1651806865,-24,4,15,0.0
1651806867,-24,4,15,0.0
1651806869,-23,4,13,-1.0
1651806871,-25,4,16,1.5
1651806873,-24,4,15,-0.5
1651806875,-25,4,16,0.5
1651806877,-24,4,15,-0.5
1651806879,-22,4,12,-1.5
1651806881,-23,13,13,0.5
1651806883,-23,2,13,0.0
1651806885,-18,4,7,-3.0
1651806887,-17,4,7,0.0
1651806889,-25,4,16,4.5
1651806891,-26,4,18,1.0
1651806893,-19,4,8,-5.0
1651806895,-24,4,15,3.5
1651806897,-24,4,15,0.0
1651806899,-23,4,13,-1.0
1651806901,-23,4,13,0.0
1651806903,-25,4,16,1.5
1651806905,-25,4,16,0.0
1651806907,-26,4,18,1.0
1651806909,-26,2,18,0.0
1651806911,-22,8,12,-3.0
1651806913,-22,8,12,0.0
1651806915,-21,8,10,-1.0
1651806917,-25,8,16,3.0
1651806919,-25,8,16,0.0
1651806921,-25,8,16,0.0
1651806923,-25,2,16,0.0
1651806925,-22,2,12,-2.0
1651806927,-21,3,10,-1.0
1651806929,-20,0,9,-0.5
1651806931,-24,0,15,3.0
1651806933,-25,0,16,0.5
1651806935,-23,0,13,-1.5
1651806937,-25,0,16,1.5
1651806939,-23,0,13,-1.5
1651806941,-24,0,15,1.0
1651806943,-24,0,15,0.0
1651806945,-26,0,18,1.5
1651806947,-23,0,13,-2.5
1651806949,-23,0,13,0.0
1651806951,-20,0,9,-2.0
1651806953,-23,0,13,2.0
1651806955,-25,0,16,1.5
1651806957,-26,0,18,1.0
1651806959,-23,0,13,-2.5
1651806961,-22,0,12,-0.5
1651806963,-20,0,9,-1.5
1651806965,-25,0,16,3.5
1651806967,-19,0,8,-4.0
1651806969,-24,0,15,3.5
1651806971,-24,0,15,0.0
1651806973,-23,0,13,-1.0
1651806975,-22,0,12,-0.5
1651806977,-21,0,10,-1.0
1651806979,-22,0,12,1.0
1651806981,-18,0,7,-2.5
1651806983,-24,0,15,4.0
1651806985,-25,0,16,0.5
1651806987,-19,0,8,-4.0
1651806989,-19,0,8,0.0
1651806991,-23,0,13,2.5
1651806993,-25,0,16,1.5
1651806995,-24,0,15,-0.5
1651806997,-25,0,16,0.5
1651806999,-19,2,8,-4.0
1651807001,-76,13,5804,2898.0
1651807003,-23,0,13,-2895.5
1651807005,-22,0,12,-0.5
1651807007,-16,0,6,-3.0
1651807009,-23,0,13,3.5
1651807011,-24,0,15,1.0
1651807013,-23,0,13,-1.0
1651807015,-23,14,13,0.0
1651807017,-26,0,18,2.5
1651807019,-25,0,16,-1.0
1651807021,-24,0,15,-0.5
1651807023,-23,12,13,-1.0
1651807025,-24,0,15,1.0
1651807027,-23,0,13,-1.0
1651807029,-24,11,15,1.0
1651807031,-22,4,12,-1.5
1651807033,-24,4,15,1.5
1651807035,-24,4,15,0.0
1651807037,-24,4,15,0.0
1651807039,-23,4,13,-1.0
1651807041,-25,4,16,1.5
1651807043,-25,4,16,0.0
1651807045,-26,4,18,1.0
1651807047,-25,4,16,-1.0
1651807049,-23,4,13,-1.5
1651807051,-24,4,15,1.0
1651807053,-24,4,15,0.0
1651807055,-23,4,13,-1.0
1651807057,-26,4,18,2.5
1651807059,-27,0,21,1.5
1651807061,-25,0,16,-2.5
1651807063,-24,0,15,-0.5
1651807065,-24,0,15,0.0
1651807067,-24,8,15,0.0
1651807069,-24,2,15,0.0
1651807071,-21,0,10,-2.5
1651807073,-21,0,10,0.0
1651807075,-20,0,9,-0.5
1651807077,-22,0,12,1.5
1651807079,-23,0,13,0.5
1651807081,-22,0,12,-0.5
1651807083,-15,0,5,-3.5
1651807085,-25,0,16,5.5
1651807087,-25,0,16,0.0
1651807089,-24,3,15,-0.5
1651807091,-23,3,13,-1.0
1651807093,-21,0,10,-1.5
1651807095,-21,0,10,0.0
1651807097,-25,0,16,3.0
1651807099,-25,0,16,0.0
1651807101,-75,0,5173,2578.5
1651807103,-25,0,16,-2578.5
1651807105,-26,0,18,1.0
1651807107,-25,0,16,-1.0
1651807109,-27,0,21,2.5
1651807111,-24,0,15,-3.0
1651807113,-21,0,10,-2.5
1651807115,-76,0,5804,2897.0
1651807117,-25,0,16,-2894.0
1651807119,-26,0,18,1.0
1651807121,-26,0,18,0.0
1651807123,-24,0,15,-1.5
1651807125,-25,0,16,0.5
1651807127,-23,0,13,-1.5
1651807129,-24,0,15,1.0
1651807131,-23,0,13,-1.0
1651807133,-24,0,15,1.0
1651807135,-23,0,13,-1.0
1651807137,-26,0,18,2.5
1651807139,-26,0,18,0.0
1651807141,-26,0,18,0.0
1651807143,-25,0,16,-1.0
1651807145,-24,4,15,-0.5
1651807147,-24,4,15,0.0
1651807149,-24,4,15,0.0
1651807151,-25,4,16,0.5
1651807153,-23,4,13,-1.5
1651807155,-18,4,7,-3.0
1651807157,-25,4,16,4.5
1651807159,-24,4,15,-0.5
1651807161,-24,4,15,0.0
1651807163,-25,4,16,0.5
1651807165,-25,4,16,0.0
1651807167,-24,4,15,-0.5
1651807169,-24,4,15,0.0
1651807171,-25,4,16,0.5
1651807173,-25,4,16,0.0
1651807175,-26,4,18,1.0
1651807177,-22,4,12,-3.0
1651807179,-24,4,15,1.5
1651807181,-24,4,15,0.0
1651807183,-22,4,12,-1.5
1651807185,-23,2,13,0.5
1651807187,-24,2,15,1.0
1651807189,-22,4,12,-1.5
1651807191,-19,1,8,-2.0
1651807193,-20,0,9,0.5
1651807195,-24,0,15,3.0
1651807197,-22,0,12,-1.5
1651807199,-22,0,12,0.0
1651807201,-23,0,13,0.5
1651807203,-24,0,15,1.0
1651807205,-24,0,15,0.0
1651807207,-26,0,18,1.5
1651807209,-24,0,15,-1.5
1651807211,-22,0,12,-1.5
1651807213,-21,0,10,-1.0
1651807215,-23,0,13,1.5
1651807217,-24,0,15,1.0
1651807219,-25,0,16,0.5
1651807221,-24,8,15,-0.5
1651807223,-23,0,13,-1.0
1651807225,-24,3,15,1.0
1651807227,-23,3,13,-1.0
1651807229,-24,3,15,1.0
1651807231,-25,3,16,0.5
1651807233,-28,10,23,3.5
1651807235,-28,3,23,0.0
1651807237,-33,3,41,9.0
1651807239,-25,3,16,-12.5
1651807241,-22,5,12,-2.0
1651807243,-21,0,10,-1.0
1651807245,-24,0,15,2.5
1651807247,-24,8,15,0.0
1651807249,-32,8,37,11.0
1651807251,-34,8,46,4.5
1651807253,-31,8,33,-6.5
1651807255,-26,8,18,-7.5
1651807257,-24,8,15,-1.5
1651807259,-28,3,23,4.0
1651807261,-31,3,33,5.0
1651807263,-29,3,26,-3.5
1651807265,-28,3,23,-1.5
1651807267,-26,3,18,-2.5
1651807269,-30,3,29,5.5
1651807271,-29,3,26,-1.5
1651807273,-32,3,37,5.5
1651807275,-30,3,29,-4.0
1651807277,-30,14,29,0.0
1651807279,-27,14,21,-4.0
1651807281,-32,14,37,8.0
1651807283,-27,14,21,-8.0
1651807285,-28,12,23,1.0
1651807287,-28,14,23,0.0
1651807289,-30,14,29,3.0
1651807291,-30,1,29,0.0
1651807293,-25,14,16,-6.5
1651807295,-24,8,15,-0.5
1651807297,-24,3,15,0.0
1651807299,-23,4,13,-1.0
1651807301,-21,4,10,-1.5
1651807303,-25,3,16,3.0
1651807305,-26,4,18,1.0
1651807307,-26,4,18,0.0
1651807309,-27,4,21,1.5
1651807311,-25,4,16,-2.5
1651807313,-26,4,18,1.0
1651807315,-30,4,29,5.5
1651807317,-25,4,16,-6.5
1651807319,-24,4,15,-0.5
1651807321,-23,4,13,-1.0
1651807323,-26,10,18,2.5
1651807325,-25,4,16,-1.0
1651807327,-27,4,21,2.5
1651807329,-24,4,15,-3.0
1651807331,-26,3,18,1.5
1651807333,-24,3,15,-1.5
1651807335,-27,3,21,3.0
1651807337,-25,3,16,-2.5
1651807339,-22,3,12,-2.0
1651807341,-23,3,13,0.5
1651807343,-24,3,15,1.0
1651807345,-23,3,13,-1.0
1651807347,-24,3,15,1.0
1651807349,-25,3,16,0.5
1651807351,-25,3,16,0.0
1651807353,-24,2,15,-0.5
1651807355,-20,2,9,-3.0
1651807357,-24,15,15,3.0
1651807359,-25,2,16,0.5
1651807361,-22,2,12,-2.0
1651807363,-23,8,13,0.5
1651807365,-24,0,15,1.0
1651807367,-24,8,15,0.0
1651807369,-24,8,15,0.0
1651807371,-25,0,16,0.5
1651807373,-23,6,13,-1.5
1651807375,-21,0,10,-1.5
1651807377,-21,0,10,0.0
1651807379,-25,0,16,3.0
1651807381,-21,2,10,-3.0
1651807383,-21,2,10,0.0
1651807385,-23,0,13,1.5
1651807387,-21,0,10,-1.5
1651807389,-77,0,6512,3251.0
1651807391,-22,0,12,-3250.0
1651807393,-20,0,9,-1.5
1651807395,-21,0,10,0.5
1651807397,-22,0,12,1.0
1651807399,-23,0,13,0.5
1651807401,-26,0,18,2.5
1651807403,-26,0,18,0.0
1651807405,-24,0,15,-1.5
1651807407,-20,0,9,-3.0
1651807409,-24,0,15,3.0
1651807411,-22,0,12,-1.5
1651807413,-24,0,15,1.5
1651807415,-23,0,13,-1.0
1651807417,-21,0,10,-1.5
1651807419,-20,0,9,-0.5
1651807421,-19,0,8,-0.5
1651807423,-24,0,15,3.5
1651807425,-24,0,15,0.0
1651807427,-21,0,10,-2.5
1651807429,-19,0,8,-1.0
1651807431,-22,0,12,2.0
1651807433,-24,0,15,1.5
1651807435,-24,0,15,0.0
1651807437,-26,0,18,1.5
1651807439,-22,0,12,-3.0
1651807441,-22,0,12,0.0
1651807443,-23,0,13,0.5
1651807445,-24,0,15,1.0
1651807447,-25,0,16,0.5
1651807449,-24,0,15,-0.5
1651807451,-23,0,13,-1.0
1651807453,-23,0,13,0.0
1651807455,-23,0,13,0.0
1651807457,-24,0,15,1.0
1651807459,-21,0,10,-2.5
1651807461,-21,0,10,0.0
1651807463,-22,0,12,1.0
1651807465,-23,0,13,0.5
1651807467,-22,0,12,-0.5
1651807469,-23,0,13,0.5
1651807471,-23,0,13,0.0
1651807473,-22,0,12,-0.5
1651807475,-22,0,12,0.0
1651807477,-22,0,12,0.0
1651807479,-25,0,16,2.0
1651807481,-22,0,12,-2.0
1651807483,-22,0,12,0.0
1651807485,-25,0,16,2.0
1651807487,-23,0,13,-1.5
1651807489,-23,0,13,0.0
1651807491,-23,0,13,0.0
1651807493,-24,0,15,1.0
1651807495,-23,0,13,-1.0
1651807497,-24,0,15,1.0
1651807499,-24,0,15,0.0
1651807501,-23,0,13,-1.0
1651807503,-22,0,12,-0.5
1651807505,-24,0,15,1.5
1651807507,-23,0,13,-1.0
1651807509,-24,0,15,1.0
1651807511,-23,0,13,-1.0
1651807513,-24,0,15,1.0
1651807515,-24,0,15,0.0
1651807517,-21,0,10,-2.5
1651807519,-21,0,10,0.0
1651807521,-23,0,13,1.5
1651807523,-23,0,13,0.0
1651807525,-24,0,15,1.0
1651807527,-24,0,15,0.0
1651807529,-23,0,13,-1.0
1651807531,-25,0,16,1.5
1651807533,-24,0,15,-0.5
1651807535,-23,0,13,-1.0
1651807537,-24,0,15,1.0
1651807539,-25,0,16,0.5
1651807541,-24,0,15,-0.5
1651807543,-23,0,13,-1.0
1651807545,-21,0,10,-1.5
1651807547,-25,0,16,3.0
1651807549,-23,0,13,-1.5
1651807551,-26,0,18,2.5
1651807553,-20,0,9,-4.5
1651807555,-22,0,12,1.5
1651807557,-23,0,13,0.5
1651807559,-22,0,12,-0.5
1651807561,-26,0,18,3.0
1651807563,-16,0,6,-6.0
1651807565,-16,0,6,0.0
1651807567,-24,0,15,4.5
1651807569,-23,0,13,-1.0
1651807571,-24,0,15,1.0
1651807573,-23,0,13,-1.0
1651807575,-25,0,16,1.5
1651807577,-23,0,13,-1.5
1651807579,-25,0,16,1.5
1651807581,-25,0,16,0.0
1651807583,-23,0,13,-1.5
1651807585,-24,0,15,1.0
1651807587,-24,0,15,0.0
1651807589,-23,0,13,-1.0
1651807591,-21,0,10,-1.5
1651807593,-24,0,15,2.5
1651807595,-24,0,15,0.0
1651807597,-24,0,15,0.0
1651807599,-20,0,9,-3.0
1651807601,-26,0,18,4.5
1651807603,-24,0,15,-1.5
1651807605,-24,0,15,0.0
1651807607,-25,0,16,0.5
1651807609,-25,0,16,0.0
1651807611,-25,0,16,0.0
1651807613,-25,0,16,0.0
1651807615,-24,0,15,-0.5
1651807617,-23,0,13,-1.0
1651807619,-22,0,12,-0.5
1651807622,-22,0,12,0.0
1651807624,-22,0,12,0.0
1651807626,-24,0,15,1.5
1651807628,-24,0,15,0.0
1651807630,-22,0,12,-1.5
1651807632,-23,0,13,0.5
1651807634,-24,0,15,1.0
1651807636,-17,0,7,-4.0
1651807638,-26,0,18,5.5
1651807640,-23,0,13,-2.5
1651807642,-24,0,15,1.0
1651807644,-25,0,16,0.5
1651807646,-25,0,16,0.0
1651807648,-23,0,13,-1.5
1651807650,-23,0,13,0.0
1651807652,-25,0,16,1.5
1651807654,-25,0,16,0.0
1651807656,-76,0,5804,2894.0
1651807658,-25,0,16,-2894.0
1651807660,-24,0,15,-0.5
1651807662,-21,0,10,-2.5
1651807664,-24,0,15,2.5
1651807666,-22,0,12,-1.5
1651807668,-23,0,13,0.5
1651807670,-23,0,13,0.0
1651807672,-22,0,12,-0.5
1651807674,-25,0,16,2.0
1651807676,-24,0,15,-0.5
1651807678,-22,0,12,-1.5
1651807680,-24,0,15,1.5
1651807682,-15,0,5,-5.0
1651807684,-24,0,15,5.0
1651807686,-22,0,12,-1.5
1651807688,-23,0,13,0.5
1651807690,-25,0,16,1.5
1651807692,-16,0,6,-5.0
1651807694,-22,0,12,3.0
1651807696,-23,0,13,0.5
1651807698,-23,0,13,0.0
1651807700,-23,0,13,0.0
1651807702,-22,0,12,-0.5
1651807704,-21,0,10,-1.0
1651807706,-20,0,9,-0.5
1651807708,-20,0,9,0.0
1651807710,-25,0,16,3.5
1651807712,-23,0,13,-1.5
1651807714,-24,0,15,1.0
1651807716,-28,0,23,4.0
1651807718,-26,0,18,-2.5
1651807720,-25,0,16,-1.0
1651807722,-27,0,21,2.5
1651807724,-27,0,21,0.0
1651807726,-25,0,16,-2.5
1651807728,-24,0,15,-0.5
1651807730,-24,0,15,0.0
1651807732,-21,0,10,-2.5
1651807734,-23,1,13,1.5
1651807736,-24,1,15,1.0
1651807738,-24,1,15,0.0
1651807740,-25,1,16,0.5
1651807742,-21,1,10,-3.0
1651807744,-22,1,12,1.0
1651807746,-23,1,13,0.5
1651807748,-24,1,15,1.0
1651807750,-22,1,12,-1.5
1651807752,-26,1,18,3.0
1651807754,-25,1,16,-1.0
1651807756,-24,1,15,-0.5
1651807758,-25,1,16,0.5
1651807760,-23,1,13,-1.5
1651807762,-24,1,15,1.0
1651807764,-24,1,15,0.0
1651807766,-24,1,15,0.0
1651807768,-25,1,16,0.5
1651807770,-25,1,16,0.0
1651807772,-25,1,16,0.0
1651807774,-21,1,10,-3.0
1651807776,-25,1,16,3.0
1651807778,-23,1,13,-1.5
1651807780,-25,1,16,1.5
1651807782,-23,1,13,-1.5
1651807784,-24,1,15,1.0
1651807786,-24,1,15,0.0
1651807788,-26,1,18,1.5
1651807790,-22,1,12,-3.0
1651807792,-23,1,13,0.5
1651807794,-24,1,15,1.0
1651807796,-23,1,13,-1.0
1651807798,-23,1,13,0.0
1651807800,-22,1,12,-0.5
1651807802,-25,1,16,2.0
1651807804,-23,1,13,-1.5
1651807806,-24,1,15,1.0
1651807808,-22,1,12,-1.5
1651807810,-21,1,10,-1.0
1651807812,-24,1,15,2.5
1651807814,-23,1,13,-1.0
1651807816,-23,1,13,0.0
1651807818,-24,10,15,1.0
1651807820,-24,1,15,0.0
1651807822,-23,1,13,-1.0
1651807824,-25,1,16,1.5
1651807826,-25,2,16,0.0
1651807828,-25,2,16,0.0
1651807830,-25,2,16,0.0
1651807832,-22,4,12,-2.0
1651807834,-21,4,10,-1.0
1651807836,-26,4,18,4.0
1651807838,-26,2,18,0.0
1651807840,-24,2,15,-1.5
1651807842,-22,2,12,-1.5
1651807844,-17,2,7,-2.5
1651807846,-17,2,7,0.0
1651807848,-25,2,16,4.5
1651807850,-23,2,13,-1.5
1651807852,-23,2,13,0.0
1651807854,-24,0,15,1.0
1651807856,-23,0,13,-1.0
1651807858,-25,0,16,1.5
1651807860,-26,0,18,1.0
1651807862,-24,0,15,-1.5
1651807864,-23,0,13,-1.0
1651807866,-21,0,10,-1.5
1651807868,-24,0,15,2.5
1651807870,-23,0,13,-1.0
1651807872,-22,0,12,-0.5
1651807874,-21,0,10,-1.0
1651807876,-16,0,6,-2.0
1651807878,-79,0,8198,4096.0
1651807880,-23,0,13,-4092.5
1651807882,-22,0,12,-0.5
1651807884,-24,0,15,1.5
1651807886,-22,0,12,-1.5
1651807888,-23,0,13,0.5
1651807890,-23,0,13,0.0
1651807892,-24,0,15,1.0
1651807894,-24,0,15,0.0
1651807896,-25,0,16,0.5
1651807898,-24,0,15,-0.5
1651807900,-23,0,13,-1.0
1651807902,-22,0,12,-0.5
1651807904,-24,0,15,1.5
1651807906,-23,0,13,-1.0
1651807908,-23,0,13,0.0
1651807910,-21,0,10,-1.5
1651807912,-24,0,15,2.5
1651807914,-21,0,10,-2.5
1651807916,-25,0,16,3.0
1651807918,-22,0,12,-2.0
1651807920,-25,0,16,2.0
1651807922,-25,0,16,0.0
1651807924,-20,0,9,-3.5
1651807926,-25,0,16,3.5
1651807928,-24,0,15,-0.5
1651807930,-22,0,12,-1.5
1651807932,-24,0,15,1.5
1651807934,-24,0,15,0.0
1651807936,-23,0,13,-1.0
1651807938,-22,0,12,-0.5
1651807940,-24,0,15,1.5
1651807942,-25,0,16,0.5
1651807944,-20,0,9,-3.5
1651807946,-21,0,10,0.5
1651807948,-24,0,15,2.5
1651807950,-23,0,13,-1.0
1651807952,-22,0,12,-0.5
1651807954,-16,0,6,-3.0
1651807956,-24,0,15,4.5
1651807958,-23,0,13,-1.0
1651807960,-22,0,12,-0.5
1651807962,-21,0,10,-1.0
1651807964,-23,0,13,1.5
1651807966,-25,0,16,1.5
1651807968,-23,0,13,-1.5
1651807970,-24,0,15,1.0
1651807972,-23,0,13,-1.0
1651807974,-24,0,15,1.0
1651807976,-24,0,15,0.0
1651807978,-23,0,13,-1.0
1651807980,-23,0,13,0.0
1651807982,-25,0,16,1.5
1651807984,-26,0,18,1.0
1651807986,-24,0,15,-1.5
1651807988,-25,0,16,0.5
1651807990,-23,0,13,-1.5
1651807992,-23,0,13,0.0
1651807994,-24,0,15,1.0
1651807996,-25,0,16,0.5
1651807998,-23,0,13,-1.5
1651808000,-25,0,16,1.5
1651808002,-22,0,12,-2.0
1651808004,-23,0,13,0.5
1651808006,-24,0,15,1.0
1651808008,-25,0,16,0.5
1651808010,-23,0,13,-1.5
1651808012,-23,0,13,0.0
1651808014,-23,0,13,0.0
1651808016,-24,0,15,1.0
1651808018,-20,0,9,-3.0
1651808020,-20,0,9,0.0
1651808022,-25,0,16,3.5
1651808024,-25,0,16,0.0
1651808026,-25,0,16,0.0
1651808028,-25,0,16,0.0
1651808030,-24,0,15,-0.5
1651808032,-24,0,15,0.0
1651808034,-24,0,15,0.0
1651808036,-24,0,15,0.0
1651808038,-23,0,13,-1.0
1651808040,-23,0,13,0.0
1651808042,-24,0,15,1.0
1651808044,-26,0,18,1.5
1651808046,-27,0,21,1.5
1651808048,-24,0,15,-3.0
1651808050,-23,0,13,-1.0
1651808052,-23,0,13,0.0
1651808054,-15,0,5,-4.0
1651808056,-24,0,15,5.0
1651808058,-24,0,15,0.0
1651808060,-24,0,15,0.0
1651808062,-23,0,13,-1.0
1651808064,-26,0,18,2.5
1651808066,-25,0,16,-1.0
1651808068,-24,0,15,-0.5
1651808070,-24,0,15,0.0
1651808072,-24,0,15,0.0
1651808074,-24,0,15,0.0
1651808076,-26,0,18,1.5
1651808078,-22,0,12,-3.0
1651808080,-23,0,13,0.5
1651808082,-19,0,8,-2.5
1651808084,-21,0,10,1.0
1651808086,-20,0,9,-0.5
1651808088,-20,0,9,0.0
1651808090,-20,0,9,0.0
1651808092,-23,0,13,2.0
1651808094,-24,0,15,1.0
1651808096,-23,0,13,-1.0
1651808098,-23,0,13,0.0
1651808100,-24,0,15,1.0
1651808102,-24,0,15,0.0
1651808104,-22,0,12,-1.5
1651808106,-24,0,15,1.5
1651808108,-22,0,12,-1.5
1651808110,-22,0,12,0.0
1651808112,-17,0,7,-2.5
1651808114,-25,0,16,4.5
1651808116,-23,0,13,-1.5
1651808118,-23,0,13,0.0
1651808120,-22,0,12,-0.5
1651808122,-25,0,16,2.0
1651808124,-24,0,15,-0.5
1651808126,-24,0,15,0.0
1651808128,-26,0,18,1.5
1651808130,-21,0,10,-4.0
1651808132,-21,0,10,0.0
1651808134,-24,0,15,2.5
1651808136,-25,0,16,0.5
1651808138,-24,0,15,-0.5
1651808140,-23,0,13,-1.0
1651808142,-22,0,12,-0.5
1651808144,-15,0,5,-3.5
1651808146,-24,0,15,5.0
1651808148,-22,0,12,-1.5
1651808150,-24,0,15,1.5
1651808152,-22,0,12,-1.5
1651808154,-22,0,12,0.0
1651808156,-23,0,13,0.5
1651808158,-23,0,13,0.0
1651808160,-24,0,15,1.0
1651808162,-24,0,15,0.0
1651808164,-22,0,12,-1.5
1651808166,-21,0,10,-1.0
1651808168,-24,0,15,2.5
1651808170,-24,0,15,0.0
1651808172,-22,0,12,-1.5
1651808174,-25,0,16,2.0
1651808176,-21,0,10,-3.0
1651808178,-25,0,16,3.0
1651808180,-27,0,21,2.5
1651808182,-24,7,15,-3.0
1651808184,-24,7,15,0.0
1651808186,-23,7,13,-1.0
1651808188,-25,7,16,1.5
1651808190,-28,7,23,3.5
1651808192,-25,7,16,-3.5
1651808194,-27,7,21,2.5
1651808196,-26,7,18,-1.5
1651808198,-27,7,21,1.5
1651808200,-23,7,13,-4.0
1651808202,-24,0,15,1.0
1651808204,-24,3,15,0.0
1651808206,-24,3,15,0.0
1651808208,-24,0,15,0.0
1651808210,-20,0,9,-3.0
1651808212,-79,0,8198,4094.5
1651808214,-79,0,8198,0.0
1651808216,-79,0,8198,0.0
1651808218,-79,11,8198,0.0
1651808220,-79,0,8198,0.0
1651808222,-79,0,8198,0.0
1651808224,-79,0,8198,0.0
1651808226,-79,0,8198,0.0
1651808228,-79,0,8198,0.0
1651808230,-79,0,8198,0.0
1651808232,-79,0,8198,0.0
1651808234,-79,0,8198,0.0
1651808236,-79,0,8198,0.0
1651808238,-79,0,8198,0.0
1651808240,-79,0,8198,0.0
1651808242,-79,0,8198,0.0
1651808244,-79,0,8198,0.0
1651808246,-79,0,8198,0.0
1651808248,-79,0,8198,0.0
1651808250,-79,0,8198,0.0
1651808252,-79,0,8198,0.0
1651808254,-79,0,8198,0.0
1651808256,-79,0,8198,0.0
1651808258,-79,0,8198,0.0
1651808262,-17,0,7,-2047.8
1651808264,-18,0,7,0.0
1651808266,-20,0,9,1.0
1651808268,-19,0,8,-0.5
1651808270,-22,0,12,2.0
1651808272,-22,0,12,0.0
1651808274,-21,0,10,-1.0
1651808276,-23,0,13,1.5
1651808278,-23,0,13,0.0
1651808280,-23,0,13,0.0
1651808282,-22,0,12,-0.5
1651808284,-24,0,15,1.5
1651808286,-23,0,13,-1.0
1651808288,-23,5,13,0.0
1651808290,-22,5,12,-0.5
1651808292,-22,5,12,0.0
1651808294,-23,5,13,0.5
1651808296,-24,5,15,1.0
1651808298,-25,5,16,0.5
1651808300,-21,5,10,-3.0
1651808302,-19,5,8,-1.0
1651808304,-23,5,13,2.5
1651808306,-24,5,15,1.0
1651808308,-22,5,12,-1.5
1651808310,-22,5,12,0.0
1651808312,-23,5,13,0.5
1651808314,-24,0,15,1.0
1651808316,-22,0,12,-1.5
1651808318,-21,0,10,-1.0
1651808320,-24,0,15,2.5
1651808322,-22,0,12,-1.5
1651808324,-23,0,13,0.5
1651808326,-22,0,12,-0.5
1651808328,-21,0,10,-1.0
1651808330,-20,0,9,-0.5
1651808332,-22,0,12,1.5
1651808334,-23,0,13,0.5
1651808336,-26,3,18,2.5
1651808338,-26,9,18,0.0
1651808340,-25,9,16,-1.0
1651808342,-24,5,15,-0.5
1651808344,-16,0,6,-4.5
1651808346,-17,0,7,0.5
1651808348,-24,0,15,4.0
1651808350,-21,0,10,-2.5
1651808352,-20,0,9,-0.5
1651808354,-20,0,9,0.0
1651808356,-23,0,13,2.0
1651808358,-22,0,12,-0.5
1651808360,-25,0,16,2.0
1651808362,-25,0,16,0.0
1651808364,-24,0,15,-0.5
1651808366,-22,0,12,-1.5
1651808368,-24,0,15,1.5
1651808370,-24,0,15,0.0
1651808372,-23,0,13,-1.0
1651808374,-24,0,15,1.0
1651808376,-23,0,13,-1.0
1651808378,-75,0,5173,2580.0
1651808380,-23,0,13,-2580.0
1651808382,-24,0,15,1.0
1651808384,-22,0,12,-1.5
1651808386,-22,0,12,0.0
1651808388,-21,0,10,-1.0
1651808390,-23,0,13,1.5
1651808392,-25,0,16,1.5
1651808394,-22,0,12,-2.0
1651808396,-22,0,12,0.0
1651808398,-25,0,16,2.0
1651808400,-23,0,13,-1.5
1651808402,-23,0,13,0.0
1651808404,-24,0,15,1.0
1651808406,-25,0,16,0.5
1651808408,-23,0,13,-1.5
1651808410,-20,0,9,-2.0
1651808412,-20,0,9,0.0
1651808414,-21,0,10,0.5
1651808416,-23,0,13,1.5
1651808418,-20,2,9,-2.0
1651808420,-20,0,9,0.0
1651808422,-24,15,15,3.0
1651808424,-23,1,13,-1.0
1651808426,-23,0,13,0.0
1651808428,-22,0,12,-0.5
1651808430,-23,0,13,0.5
1651808432,-25,0,16,1.5
1651808434,-23,0,13,-1.5
1651808436,-24,0,15,1.0
1651808438,-23,0,13,-1.0
1651808440,-21,0,10,-1.5
1651808442,-17,0,7,-1.5
1651808444,-20,0,9,1.0
1651808446,-25,9,16,3.5
1651808448,-23,0,13,-1.5
1651808450,-24,1,15,1.0
1651808452,-25,0,16,0.5
1651808454,-25,0,16,0.0
1651808456,-25,0,16,0.0
1651808458,-25,0,16,0.0
1651808460,-25,0,16,0.0
1651808462,-22,0,12,-2.0
1651808464,-24,11,15,1.5
1651808466,-22,2,12,-1.5
1651808468,-22,2,12,0.0
1651808470,-24,0,15,1.5
1651808472,-23,0,13,-1.0
1651808474,-24,0,15,1.0
1651808476,-24,0,15,0.0
1651808478,-25,0,16,0.5
1651808480,-24,0,15,-0.5
1651808482,-24,0,15,0.0
1651808484,-24,0,15,0.0
1651808486,-22,0,12,-1.5
1651808488,-24,0,15,1.5
1651808490,-23,0,13,-1.0
1651808492,-22,0,12,-0.5
1651808494,-22,0,12,0.0
1651808496,-20,0,9,-1.5
1651808498,-24,0,15,3.0
1651808500,-23,0,13,-1.0
1651808502,-23,0,13,0.0
1651808504,-24,0,15,1.0
1651808506,-23,0,13,-1.0
1651808508,-24,0,15,1.0
1651808510,-23,0,13,-1.0
1651808512,-24,0,15,1.0
1651808514,-23,0,13,-1.0
1651808516,-22,0,12,-0.5
1651808518,-23,0,13,0.5
1651808520,-24,0,15,1.0
1651808522,-24,0,15,0.0
1651808524,-23,0,13,-1.0
1651808526,-21,0,10,-1.5
1651808528,-24,0,15,2.5
1651808530,-24,0,15,0.0
1651808532,-25,0,16,0.5
1651808534,-25,0,16,0.0
1651808536,-24,0,15,-0.5
1651808538,-24,0,15,0.0
1651808540,-19,0,8,-3.5
1651808542,-23,0,13,2.5
1651808544,-24,0,15,1.0
1651808546,-24,0,15,0.0
1651808548,-75,0,5173,2579.0
1651808550,-24,0,15,-2579.0
1651808552,-23,0,13,-1.0
1651808554,-23,0,13,0.0
1651808556,-22,0,12,-0.5
1651808558,-24,0,15,1.5
1651808560,-25,0,16,0.5
1651808562,-24,0,15,-0.5
1651808564,-18,0,7,-4.0
1651808566,-23,12,13,3.0
1651808568,-25,0,16,1.5
1651808570,-24,0,15,-0.5
1651808572,-26,0,18,1.5
1651808574,-22,4,12,-3.0
1651808576,-24,4,15,1.5
1651808578,-23,4,13,-1.0
1651808580,-25,4,16,1.5
1651808582,-25,8,16,0.0
1651808584,-18,0,7,-4.5
1651808586,-24,4,15,4.0
1651808588,-24,4,15,0.0
1651808590,-25,3,16,0.5
1651808592,-16,3,6,-5.0
1651808594,-17,3,7,0.5
1651808596,-30,0,29,11.0
1651808598,-25,0,16,-6.5
1651808600,-26,0,18,1.0
1651808602,-25,0,16,-1.0
1651808604,-24,0,15,-0.5
1651808606,-24,0,15,0.0
1651808608,-24,0,15,0.0
1651808610,-22,0,12,-1.5
1651808612,-24,6,15,1.5
1651808614,-24,0,15,0.0
1651808616,-23,0,13,-1.0
1651808618,-26,0,18,2.5
1651808620,-23,0,13,-2.5
1651808622,-23,0,13,0.0
1651808624,-22,0,12,-0.5
1651808626,-22,0,12,0.0
1651808628,-24,0,15,1.5
1651808630,-22,0,12,-1.5
1651808632,-24,0,15,1.5
1651808634,-22,0,12,-1.5
1651808636,-24,0,15,1.5
1651808638,-26,0,18,1.5
1651808640,-24,0,15,-1.5
1651808642,-79,0,8198,4091.5
1651808644,-25,0,16,-4091.0
1651808646,-24,0,15,-0.5
1651808648,-22,0,12,-1.5
1651808650,-16,0,6,-3.0
1651808652,-23,0,13,3.5
1651808654,-24,0,15,1.0
1651808656,-23,0,13,-1.0
1651808658,-22,0,12,-0.5
1651808660,-22,0,12,0.0
1651808662,-24,0,15,1.5
1651808664,-25,0,16,0.5
1651808666,-26,0,18,1.0
1651808668,-22,0,12,-3.0
1651808670,-22,0,12,0.0
1651808672,-22,0,12,0.0
1651808674,-24,0,15,1.5
1651808676,-23,0,13,-1.0
1651808678,-23,0,13,0.0
1651808680,-22,0,12,-0.5
1651808682,-20,0,9,-1.5
1651808684,-23,0,13,2.0
1651808686,-25,0,16,1.5
1651808741,-19,2,8,-0.1
1651808743,-22,2,12,2.0
1651808745,-21,2,10,-1.0
1651808747,-22,1,12,1.0
1651808749,-21,2,10,-1.0
1651808751,-21,2,10,0.0
1651808753,-20,2,9,-0.5
1651808755,-23,2,13,2.0
1651808757,-23,2,13,0.0
1651808759,-24,2,15,1.0
1651808761,-22,11,12,-1.5
1651808763,-21,2,10,-1.0
1651808765,-23,2,13,1.5
1651808767,-22,2,12,-0.5
1651808769,-22,2,12,0.0
1651808771,-22,2,12,0.0
1651808773,-22,2,12,0.0
1651808775,-24,2,15,1.5
1651808777,-22,3,12,-1.5
1651808779,-22,3,12,0.0
1651808781,-22,2,12,0.0
1651808783,-23,1,13,0.5
1651808785,-23,0,13,0.0
1651808787,-23,0,13,0.0
1651808789,-22,0,12,-0.5
1651808791,-22,0,12,0.0
1651808793,-23,0,13,0.5
1651808795,-21,0,10,-1.5
1651808797,-21,0,10,0.0
1651808799,-21,0,10,0.0
1651808801,-21,0,10,0.0
1651808803,-23,0,13,1.5
1651808805,-21,0,10,-1.5
1651808807,-22,0,12,1.0
1651808809,-23,0,13,0.5
1651808811,-18,0,7,-3.0
1651808813,-20,0,9,1.0
1651808815,-24,0,15,3.0
1651808817,-25,2,16,0.5
1651808819,-24,0,15,-0.5
1651808821,-23,0,13,-1.0
1651808823,-24,0,15,1.0
1651808825,-24,0,15,0.0
1651808827,-25,0,16,0.5
1651808829,-23,0,13,-1.5
1651808831,-24,0,15,1.0
1651808833,-23,0,13,-1.0
1651808835,-22,0,12,-0.5
1651808837,-24,0,15,1.5
1651808839,-26,0,18,1.5
1651808841,-25,8,16,-1.0
1651808843,-22,8,12,-2.0
1651808845,-23,8,13,0.5
1651808847,-23,8,13,0.0
1651808849,-23,8,13,0.0
1651808851,-24,11,15,1.0
1651808853,-24,11,15,0.0
1651808855,-24,8,15,0.0
1651808857,-24,8,15,0.0
1651808859,-22,12,12,-1.5
1651808861,-26,2,18,3.0
1651808863,-23,2,13,-2.5
1651808865,-24,2,15,1.0
1651808867,-25,2,16,0.5
1651808869,-24,1,15,-0.5
1651808871,-24,2,15,0.0
1651808873,-22,2,12,-1.5
1651808875,-23,2,13,0.5
1651808877,-24,2,15,1.0
1651808879,-23,2,13,-1.0
1651808881,-23,8,13,0.0
1651808883,-23,2,13,0.0
1651808885,-22,2,12,-0.5
1651808887,-22,4,12,0.0
1651808889,-23,2,13,0.5
1651808891,-23,2,13,0.0
1651808893,-21,2,10,-1.5
1651808895,-23,2,13,1.5
1651808897,-23,2,13,0.0
1651808899,-25,2,16,1.5
1651808901,-23,2,13,-1.5
1651808903,-22,11,12,-0.5
1651808905,-22,11,12,0.0
1651808907,-23,2,13,0.5
1651808909,-22,2,12,-0.5
1651808911,-22,2,12,0.0
1651808913,-23,12,13,0.5
1651808915,-24,2,15,1.0
1651808917,-24,8,15,0.0
1651808919,-24,5,15,0.0
1651808921,-24,8,15,0.0
1651808923,-23,8,13,-1.0
1651808925,-23,8,13,0.0
1651808927,-23,2,13,0.0
1651808929,-22,2,12,-0.5
1651808931,-23,2,13,0.5
1651808933,-23,3,13,0.0
1651808935,-24,3,15,1.0
1651808937,-25,3,16,0.5
1651808939,-24,3,15,-0.5
1651808941,-24,3,15,0.0
1651808943,-21,3,10,-2.5
1651808945,-24,2,15,2.5
1651808947,-24,9,15,0.0
1651808949,-24,9,15,0.0
1651808951,-23,7,13,-1.0
1651808953,-22,9,12,-0.5
1651808955,-24,9,15,1.5
1651808957,-22,9,12,-1.5
1651808959,-24,9,15,1.5
1651808961,-25,9,16,0.5
1651808963,-25,9,16,0.0
1651808965,-24,9,15,-0.5
1651808967,-24,9,15,0.0
1651808969,-22,9,12,-1.5
1651808971,-22,9,12,0.0
1651808973,-23,9,13,0.5
1651808975,-23,9,13,0.0
1651808977,-23,9,13,0.0
1651808979,-22,6,12,-0.5
1651808981,-24,9,15,1.5
1651808983,-22,9,12,-1.5
1651808985,-24,9,15,1.5
1651808987,-23,9,13,-1.0
1651808989,-23,9,13,0.0
1651808991,-24,7,15,1.0
1651808993,-24,9,15,0.0
1651808995,-23,9,13,-1.0
1651808997,-24,9,15,1.0
1651808999,-23,9,13,-1.0
1651809001,-24,9,15,1.0
1651809003,-24,9,15,0.0
1651809005,-24,9,15,0.0
1651809007,-24,10,15,0.0
1651809009,-23,10,13,-1.0
1651809011,-23,10,13,0.0
1651809013,-24,9,15,1.0
1651809015,-21,9,10,-2.5
1651809017,-25,1,16,3.0
1651809019,-25,9,16,0.0
1651809021,-24,10,15,-0.5
1651809023,-23,9,13,-1.0
1651809025,-23,9,13,0.0
1651809027,-23,9,13,0.0
1651809029,-24,9,15,1.0
1651809031,-25,9,16,0.5
1651809033,-25,9,16,0.0
1651809035,-25,9,16,0.0
1651809037,-23,9,13,-1.5
1651809039,-23,9,13,0.0
1651809041,-23,2,13,0.0
1651809043,-24,2,15,1.0
1651809045,-24,2,15,0.0
1651809047,-22,2,12,-1.5
1651809049,-23,2,13,0.5
1651809051,-23,2,13,0.0
1651809053,-25,2,16,1.5
1651809055,-23,2,13,-1.5
1651809057,-22,2,12,-0.5
1651809059,-23,2,13,0.5
1651809061,-24,9,15,1.0
1651809063,-23,11,13,-1.0
1651809065,-23,0,13,0.0
1651809067,-23,3,13,0.0
1651809069,-21,3,10,-1.5
1651809071,-22,3,12,1.0
1651809073,-24,3,15,1.5
1651809075,-23,8,13,-1.0
1651809077,-23,8,13,0.0
1651809079,-22,8,12,-0.5
1651809081,-22,8,12,0.0
1651809083,-22,4,12,0.0
1651809085,-24,8,15,1.5
1651809087,-23,3,13,-1.0
1651809089,-22,8,12,-0.5
1651809091,-23,3,13,0.5
1651809093,-23,3,13,0.0
1651809095,-23,0,13,0.0
1651809097,-24,0,15,1.0
1651809099,-25,8,16,0.5
1651809101,-24,0,15,-0.5
1651809103,-22,0,12,-1.5
1651809105,-22,0,12,0.0
1651809107,-24,0,15,1.5
1651809109,-24,4,15,0.0
1651809111,-25,2,16,0.5
1651809113,-24,14,15,-0.5
1651809115,-24,2,15,0.0
1651809117,-21,2,10,-2.5
1651809119,-22,2,12,1.0
1651809121,-24,2,15,1.5
1651809123,-23,2,13,-1.0
1651809125,-23,2,13,0.0
1651809127,-22,2,12,-0.5
1651809129,-24,2,15,1.5
1651809131,-24,2,15,0.0
1651809133,-24,2,15,0.0
1651809135,-24,2,15,0.0
1651809137,-24,2,15,0.0
1651809139,-23,2,13,-1.0
1651809141,-20,0,9,-2.0
1651809143,-18,0,7,-1.0
1651809145,-20,0,9,1.0
1651809147,-20,0,9,0.0
1651809149,-23,0,13,2.0
1651809151,-26,0,18,2.5
1651809153,-26,0,18,0.0
1651809155,-25,0,16,-1.0
1651809157,-22,0,12,-2.0
1651809159,-23,0,13,0.5
1651809161,-23,11,13,0.0
1651809163,-24,0,15,1.0
1651809165,-21,0,10,-2.5
1651809167,-23,0,13,1.5
1651809169,-23,0,13,0.0
1651809171,-22,0,12,-0.5
1651809173,-24,0,15,1.5
1651809175,-22,0,12,-1.5
1651809177,-22,14,12,0.0
1651809179,-23,0,13,0.5
1651809181,-23,0,13,0.0
1651809183,-23,0,13,0.0
1651809185,-23,0,13,0.0
1651809187,-25,0,16,1.5
1651809189,-23,0,13,-1.5
1651809191,-25,8,16,1.5
1651809193,-23,8,13,-1.5
1651809195,-23,8,13,0.0
1651809197,-24,9,15,1.0
1651809199,-24,9,15,0.0
1651809201,-23,9,13,-1.0
1651809203,-23,15,13,0.0
1651809205,-23,9,13,0.0
1651809207,-24,1,15,1.0
1651809209,-24,1,15,0.0
1651809211,-24,7,15,0.0
1651809213,-23,1,13,-1.0
1651809215,-23,1,13,0.0
1651809217,-25,9,16,1.5
1651809219,-23,9,13,-1.5
1651809221,-24,1,15,1.0
1651809223,-24,1,15,0.0
1651809225,-25,1,16,0.5
1651809227,-24,1,15,-0.5
1651809229,-68,1,2311,1148.0
1651809231,-24,1,15,-1148.0
1651809233,-23,1,13,-1.0
1651809235,-23,1,13,0.0
1651809237,-24,1,15,1.0
1651809239,-25,1,16,0.5
1651809241,-23,1,13,-1.5
1651809243,-23,1,13,0.0
1651809245,-22,1,12,-0.5
1651809247,-25,9,16,2.0
1651809249,-24,9,15,-0.5
1651809251,-24,1,15,0.0
1651809253,-25,9,16,0.5
1651809255,-24,9,15,-0.5
1651809257,-24,9,15,0.0
1651809259,-24,9,15,0.0
1651809261,-23,9,13,-1.0
1651809263,-24,9,15,1.0
1651809265,-24,2,15,0.0
1651809267,-21,1,10,-2.5
1651809269,-25,9,16,3.0
1651809271,-24,9,15,-0.5
1651809273,-24,9,15,0.0
1651809275,-25,9,16,0.5
1651809277,-24,9,15,-0.5
1651809279,-25,9,16,0.5
1651809281,-23,3,13,-1.5
1651809283,-24,9,15,1.0
1651809285,-24,9,15,0.0
1651809287,-24,9,15,0.0
1651809289,-24,3,15,0.0
1651809291,-23,1,13,-1.0
1651809293,-23,1,13,0.0
1651809295,-22,1,12,-0.5
1651809297,-23,4,13,0.5
1651809299,-24,4,15,1.0
1651809301,-25,4,16,0.5
1651809303,-24,4,15,-0.5
1651809305,-25,4,16,0.5
1651809307,-25,4,16,0.0
1651809309,-26,4,18,1.0
1651809311,-25,4,16,-1.0
1651809313,-26,4,18,1.0
1651809315,-24,4,15,-1.5
1651809317,-23,4,13,-1.0
1651809319,-25,4,16,1.5
1651809321,-24,4,15,-0.5
1651809323,-24,4,15,0.0
1651809325,-26,4,18,1.5
1651809327,-25,4,16,-1.0
1651809329,-24,4,15,-0.5
1651809331,-25,4,16,0.5
1651809333,-25,4,16,0.0
1651809335,-25,4,16,0.0
1651809337,-26,2,18,1.0
1651809339,-24,2,15,-1.5
1651809341,-24,2,15,0.0
1651809343,-25,2,16,0.5
1651809345,-23,4,13,-1.5
1651809347,-25,4,16,1.5
1651809349,-23,4,13,-1.5
1651809351,-20,10,9,-2.0
1651809353,-23,1,13,2.0
1651809355,-24,2,15,1.0
1651809357,-25,2,16,0.5
1651809359,-24,2,15,-0.5
1651809361,-24,2,15,0.0
1651809363,-25,4,16,0.5
1651809365,-24,4,15,-0.5
1651809367,-26,4,18,1.5
1651809369,-26,1,18,0.0
1651809371,-25,4,16,-1.0
1651809373,-27,4,21,2.5
1651809375,-23,4,13,-4.0
1651809377,-23,4,13,0.0
1651809379,-25,2,16,1.5
1651809381,-26,4,18,1.0
1651809383,-26,4,18,0.0
1651809385,-26,13,18,0.0
1651809387,-25,4,16,-1.0
1651809389,-23,4,13,-1.5
1651809391,-23,4,13,0.0
1651809393,-25,4,16,1.5
1651809395,-24,4,15,-0.5
1651809397,-25,4,16,0.5
1651809399,-24,4,15,-0.5
1651809401,-22,1,12,-1.5
1651809403,-23,8,13,0.5
1651809405,-22,3,12,-0.5
1651809407,-24,0,15,1.5
1651809409,-24,0,15,0.0
1651809411,-24,0,15,0.0
1651809413,-22,0,12,-1.5
1651809415,-25,0,16,2.0
1651809417,-23,7,13,-1.5
1651809419,-25,8,16,1.5
1651809421,-26,8,18,1.0
1651809423,-26,10,18,0.0
1651809425,-26,8,18,0.0
1651809427,-26,10,18,0.0
1651809429,-25,0,16,-1.0
1651809431,-25,0,16,0.0
1651809433,-25,8,16,0.0
1651809435,-25,8,16,0.0
1651809437,-23,8,13,-1.5
1651809439,-24,12,15,1.0
1651809441,-24,8,15,0.0
1651809443,-24,2,15,0.0
1651809445,-26,2,18,1.5
1651809447,-24,2,15,-1.5
1651809449,-25,2,16,0.5
1651809451,-24,2,15,-0.5
1651809453,-23,2,13,-1.0
1651809455,-23,2,13,0.0
1651809457,-23,2,13,0.0
1651809459,-24,8,15,1.0
1651809461,-24,8,15,0.0
1651809463,-20,8,9,-3.0
1651809465,-22,8,12,1.5
1651809467,-24,2,15,1.5
1651809469,-24,2,15,0.0
1651809471,-24,15,15,0.0
1651809473,-24,2,15,0.0
1651809475,-24,2,15,0.0
1651809477,-25,2,16,0.5
1651809479,-24,2,15,-0.5
1651809481,-24,2,15,0.0
1651809483,-24,2,15,0.0
1651809485,-24,2,15,0.0
1651809487,-23,2,13,-1.0
1651809489,-23,2,13,0.0
1651809491,-23,2,13,0.0
1651809493,-23,2,13,0.0
1651809495,-25,2,16,1.5
1651809497,-23,2,13,-1.5
1651809499,-24,2,15,1.0
1651809501,-25,2,16,0.5
1651809503,-25,2,16,0.0
1651809505,-25,5,16,0.0
1651809507,-25,2,16,0.0
1651809509,-23,2,13,-1.5
1651809511,-24,2,15,1.0
1651809513,-25,2,16,0.5
1651809515,-24,2,15,-0.5
1651809517,-26,2,18,1.5
1651809519,-26,2,18,0.0
1651809521,-26,2,18,0.0
1651809523,-27,2,21,1.5
1651809525,-24,2,15,-3.0
1651809527,-28,2,23,4.0
1651809529,-26,2,18,-2.5
1651809531,-27,6,21,1.5
1651809533,-26,2,18,-1.5
1651809535,-26,2,18,0.0
1651809537,-26,2,18,0.0
1651809539,-23,2,13,-2.5
1651809541,-26,8,18,2.5
1651809543,-26,8,18,0.0
1651809545,-24,2,15,-1.5
1651809547,-25,2,16,0.5
1651809549,-24,12,15,-0.5
1651809551,-26,2,18,1.5
1651809553,-22,2,12,-3.0
1651809555,-24,2,15,1.5
1651809557,-23,4,13,-1.0
1651809559,-22,2,12,-0.5
1651809561,-22,2,12,0.0
1651809563,-25,2,16,2.0
1651809565,-23,2,13,-1.5
1651809567,-24,2,15,1.0
1651809569,-24,3,15,0.0
1651809571,-24,3,15,0.0
1651809573,-24,3,15,0.0
1651809575,-24,3,15,0.0
1651809577,-24,3,15,0.0
1651809579,-23,2,13,-1.0
1651809581,-23,3,13,0.0
1651809583,-23,3,13,0.0
1651809585,-21,3,10,-1.5
1651809587,-26,3,18,4.0
1651809589,-24,3,15,-1.5
1651809591,-24,3,15,0.0
1651809593,-22,3,12,-1.5
1651809595,-24,3,15,1.5
1651809597,-24,2,15,0.0
1651809599,-26,2,18,1.5
1651809601,-25,2,16,-1.0
1651809603,-27,2,21,2.5
1651809605,-26,3,18,-1.5
1651809607,-26,3,18,0.0
1651809609,-24,3,15,-1.5
1651809611,-26,3,18,1.5
1651809613,-24,3,15,-1.5
1651809615,-25,3,16,0.5
1651809617,-23,10,13,-1.5
1651809619,-24,10,15,1.0
1651809621,-25,10,16,0.5
1651809623,-24,10,15,-0.5
1651809625,-26,10,18,1.5
1651809627,-26,10,18,0.0
1651809629,-26,3,18,0.0
1651809631,-24,3,15,-1.5
1651809633,-25,9,16,0.5
1651809635,-24,3,15,-0.5
1651809637,-24,7,15,0.0
1651809639,-26,1,18,1.5
1651809641,-24,1,15,-1.5
1651809643,-25,1,16,0.5
1651809645,-25,9,16,0.0
1651809647,-25,9,16,0.0
1651809649,-25,3,16,0.0
1651809651,-25,3,16,0.0
1651809653,-23,3,13,-1.5
1651809655,-23,3,13,0.0
1651809658,-21,9,10,-1.0
1651809660,-24,9,15,2.5
1651809662,-22,9,12,-1.5
1651809664,-23,3,13,0.5
1651809666,-22,3,12,-0.5
1651809668,-26,4,18,3.0
1651809670,-26,9,18,0.0
1651809672,-26,9,18,0.0
1651809674,-24,9,15,-1.5
1651809676,-25,9,16,0.5
1651809678,-24,9,15,-0.5
1651809680,-26,9,18,1.5
1651809682,-25,9,16,-1.0
1651809684,-26,10,18,1.0
1651809686,-24,10,15,-1.5
1651809688,-26,9,18,1.5
1651809690,-26,4,18,0.0
1651809692,-26,10,18,0.0
1651809694,-25,1,16,-1.0
1651809696,-25,4,16,0.0
1651809698,-25,4,16,0.0
1651809700,-26,4,18,1.0
1651809702,-25,4,16,-1.0
1651809704,-26,4,18,1.0
1651809706,-27,4,21,1.5
1651809708,-25,4,16,-2.5
1651809710,-25,4,16,0.0
1651809712,-24,4,15,-0.5
1651809714,-25,4,16,0.5
1651809716,-26,4,18,1.0
1651809718,-26,4,18,0.0
1651809720,-25,4,16,-1.0
1651809722,-26,11,18,1.0
1651809724,-24,8,15,-1.5
1651809726,-26,8,18,1.5
1651809728,-23,4,13,-2.5
1651809730,-25,4,16,1.5
1651809732,-24,4,15,-0.5
1651809734,-27,3,21,3.0
1651809736,-26,8,18,-1.5
1651809738,-26,3,18,0.0
1651809740,-26,3,18,0.0
1651809742,-25,3,16,-1.0
1651809744,-26,3,18,1.0
1651809746,-24,3,15,-1.5
1651809748,-26,3,18,1.5
1651809750,-25,3,16,-1.0
1651809752,-25,3,16,0.0
1651809754,-25,3,16,0.0
1651809756,-26,3,18,1.0
1651809758,-23,13,13,-2.5
1651809760,-22,3,12,-0.5
1651809762,-22,5,12,0.0
1651809764,-27,3,21,4.5
1651809766,-26,10,18,-1.5
1651809768,-28,8,23,2.5
1651809770,-27,3,21,-1.0
1651809772,-26,3,18,-1.5
1651809774,-27,3,21,1.5
1651809776,-27,3,21,0.0
1651809778,-27,3,21,0.0
1651809780,-26,3,18,-1.5
1651809782,-27,3,21,1.5
1651809784,-26,3,18,-1.5
1651809786,-26,3,18,0.0
1651809788,-28,3,23,2.5
1651809790,-25,3,16,-3.5
1651809792,-26,3,18,1.0
1651809794,-25,3,16,-1.0
1651809796,-25,2,16,0.0
1651809798,-25,3,16,0.0
1651809800,-26,3,18,1.0
1651809802,-24,3,15,-1.5
1651809804,-25,3,16,0.5
1651809806,-25,3,16,0.0
1651809808,-22,3,12,-2.0
1651809810,-26,3,18,3.0
1651809812,-26,3,18,0.0
1651809814,-25,3,16,-1.0
1651809816,-26,3,18,1.0
1651809818,-25,3,16,-1.0
1651809820,-25,3,16,0.0
1651809822,-26,8,18,1.0
1651809824,-25,11,16,-1.0
1651809826,-25,3,16,0.0
1651809828,-25,3,16,0.0
1651809830,-27,3,21,2.5
1651809832,-25,3,16,-2.5
1651809834,-25,12,16,0.0
1651809836,-26,6,18,1.0
1651809838,-25,3,16,-1.0
1651809840,-27,4,21,2.5
1651809842,-27,4,21,0.0
1651809844,-23,4,13,-4.0
1651809846,-22,0,12,-0.5
1651809848,-25,2,16,2.0
1651809850,-23,2,13,-1.5
1651809852,-23,2,13,0.0
1651809854,-26,4,18,2.5
1651809856,-25,2,16,-1.0
1651809858,-25,2,16,0.0
1651809860,-25,2,16,0.0
1651809862,-26,2,18,1.0
1651809864,-25,2,16,-1.0
1651809866,-26,2,18,1.0
1651809868,-26,2,18,0.0
1651809870,-28,2,23,2.5
1651809872,-24,2,15,-4.0
1651809874,-27,2,21,3.0
1651809876,-24,2,15,-3.0
1651809878,-26,2,18,1.5
1651809880,-26,2,18,0.0
1651809882,-25,4,16,-1.0
1651809884,-25,4,16,0.0
1651809886,-25,4,16,0.0
1651809888,-25,4,16,0.0
1651809890,-25,8,16,0.0
1651809892,-25,11,16,0.0
1651809894,-24,8,15,-0.5
1651809896,-25,2,16,0.5
1651809898,-25,4,16,0.0
1651809900,-24,4,15,-0.5
1651809902,-26,2,18,1.5
1651809904,-25,9,16,-1.0
1651809906,-25,9,16,0.0
1651809908,-27,9,21,2.5
1651809910,-25,3,16,-2.5
1651809912,-25,3,16,0.0
1651809914,-26,3,18,1.0
1651809916,-26,5,18,0.0
1651809918,-24,3,15,-1.5
1651809920,-24,3,15,0.0
1651809922,-25,3,16,0.5
1651809924,-26,3,18,1.0
1651809926,-28,3,23,2.5
1651809928,-27,8,21,-1.0
1651809930,-22,3,12,-4.5
1651809932,-23,1,13,0.5
1651809934,-26,1,18,2.5
1651809936,-26,8,18,0.0
1651809938,-24,1,15,-1.5
1651809940,-24,2,15,0.0
1651809942,-25,2,16,0.5
1651809944,-26,2,18,1.0
1651809946,-26,2,18,0.0
1651809948,-26,2,18,0.0
1651809950,-27,2,21,1.5
1651809952,-26,2,18,-1.5
1651809954,-26,2,18,0.0
1651809956,-25,2,16,-1.0
1651809958,-26,2,18,1.0
1651809960,-26,2,18,0.0
1651809962,-28,2,23,2.5
1651809964,-25,2,16,-3.5
1651809966,-25,2,16,0.0
1651809968,-25,2,16,0.0
1651809970,-26,8,18,1.0
1651809972,-25,2,16,-1.0
1651809974,-26,2,18,1.0
1651809976,-26,8,18,0.0
1651809978,-25,2,16,-1.0
1651809980,-26,2,18,1.0
1651809982,-26,2,18,0.0
1651809984,-26,2,18,0.0
1651809986,-27,2,21,1.5
1651809988,-27,2,21,0.0
1651809990,-26,2,18,-1.5
1651809992,-25,8,16,-1.0
1651809994,-24,3,15,-0.5
1651809996,-25,4,16,0.5
1651809998,-26,3,18,1.0
1651810000,-25,3,16,-1.0
1651810002,-28,4,23,3.5
1651810004,-27,4,21,-1.0
1651810006,-26,4,18,-1.5
1651810008,-25,4,16,-1.0
1651810010,-24,4,15,-0.5
1651810012,-26,3,18,1.5
1651810014,-25,3,16,-1.0
1651810016,-25,3,16,0.0
1651810018,-28,3,23,3.5
1651810020,-25,9,16,-3.5
1651810022,-22,9,12,-2.0
1651810024,-23,9,13,0.5
1651810026,-23,9,13,0.0
1651810028,-26,9,18,2.5
1651810030,-27,9,21,1.5
1651810032,-26,9,18,-1.5
1651810034,-26,9,18,0.0
1651810036,-26,9,18,0.0
1651810038,-28,9,23,2.5
1651810040,-26,9,18,-2.5
1651810042,-23,9,13,-2.5
1651810044,-24,9,15,1.0
1651810046,-24,9,15,0.0
1651810048,-28,9,23,4.0
1651810050,-28,3,23,0.0
1651810052,-27,3,21,-1.0
1651810054,-28,9,23,1.0
1651810056,-26,4,18,-2.5
1651810058,-25,4,16,-1.0
1651810060,-27,4,21,2.5
1651810062,-26,4,18,-1.5
1651810064,-27,12,21,1.5
1651810066,-23,4,13,-4.0
1651810068,-26,4,18,2.5
1651810070,-29,4,26,4.0
1651810072,-27,4,21,-2.5
1651810074,-26,8,18,-1.5
1651810076,-26,2,18,0.0
1651810078,-24,2,15,-1.5
1651810080,-25,2,16,0.5
1651810082,-27,2,21,2.5
1651810084,-27,2,21,0.0
1651810086,-26,2,18,-1.5
1651810088,-25,2,16,-1.0
1651810090,-24,2,15,-0.5
1651810092,-26,2,18,1.5
1651810094,-26,2,18,0.0
1651810096,-27,10,21,1.5
1651810098,-29,2,26,2.5
1651810100,-26,2,18,-4.0
1651810102,-26,3,18,0.0
1651810104,-25,2,16,-1.0
1651810106,-26,2,18,1.0
1651810108,-26,2,18,0.0
1651810110,-23,2,13,-2.5
1651810112,-27,2,21,4.0
1651810114,-26,2,18,-1.5
1651810116,-22,2,12,-3.0
1651810118,-25,2,16,2.0
1651810120,-27,2,21,2.5
1651810122,-26,2,18,-1.5
1651810124,-27,2,21,1.5
1651810126,-27,2,21,0.0
1651810128,-27,3,21,0.0
1651810130,-24,6,15,-3.0
1651810132,-26,2,18,1.5
1651810134,-27,2,21,1.5
1651810136,-26,2,18,-1.5
1651810138,-26,2,18,0.0
1651810140,-27,2,21,1.5
1651810142,-26,2,18,-1.5
1651810144,-25,2,16,-1.0
1651810146,-25,2,16,0.0
1651810148,-27,2,21,2.5
1651810150,-25,2,16,-2.5
1651810152,-25,2,16,0.0
1651810154,-25,2,16,0.0
1651810156,-27,11,21,2.5
1651810158,-26,11,18,-1.5
1651810160,-29,11,26,4.0
1651810162,-25,8,16,-5.0
1651810164,-27,8,21,2.5
1651810166,-26,2,18,-1.5
1651810168,-28,2,23,2.5
1651810170,-26,2,18,-2.5
1651810172,-26,2,18,0.0
1651810174,-25,1,16,-1.0
1651810176,-25,2,16,0.0
1651810178,-27,2,21,2.5
1651810180,-25,9,16,-2.5
1651810182,-28,3,23,3.5
1651810184,-27,3,21,-1.0
1651810186,-25,3,16,-2.5
1651810188,-25,3,16,0.0
1651810190,-27,3,21,2.5
1651810192,-79,3,8198,4088.5
1651810194,-26,6,18,-4090.0
1651810196,-26,3,18,0.0
1651810198,-25,3,16,-1.0
1651810200,-26,3,18,1.0
1651810202,-26,3,18,0.0
1651810204,-21,3,10,-4.0
1651810206,-27,15,21,5.5
1651810208,-26,3,18,-1.5
1651810210,-26,3,18,0.0
1651810212,-27,3,21,1.5
1651810214,-27,1,21,0.0
1651810216,-27,5,21,0.0
1651810218,-27,4,21,0.0
1651810220,-26,11,18,-1.5
1651810222,-26,4,18,0.0
1651810224,-18,4,7,-5.5
1651810226,-25,4,16,4.5
1651810228,-28,1,23,3.5
1651810230,-28,8,23,0.0
1651810232,-28,8,23,0.0
1651810234,-25,1,16,-3.5
1651810236,-27,1,21,2.5
1651810238,-27,1,21,0.0
1651810240,-27,1,21,0.0
1651810242,-27,9,21,0.0
1651810244,-26,9,18,-1.5
1651810246,-26,9,18,0.0
1651810248,-24,9,15,-1.5
1651810250,-27,8,21,3.0
1651810252,-26,8,18,-1.5
1651810254,-28,8,23,2.5
1651810256,-25,8,16,-3.5
1651810258,-27,9,21,2.5
1651810260,-25,9,16,-2.5
1651810262,-28,9,23,3.5
1651810264,-26,9,18,-2.5
1651810266,-27,9,21,1.5
1651810268,-27,10,21,0.0
1651810270,-26,8,18,-1.5
1651810272,-25,10,16,-1.0
1651810274,-26,10,18,1.0
1651810276,-26,10,18,0.0
1651810278,-27,10,21,1.5
1651810280,-25,10,16,-2.5
1651810282,-25,10,16,0.0
1651810284,-26,8,18,1.0
1651810286,-27,8,21,1.5
1651810288,-24,8,15,-3.0
1651810290,-22,2,12,-1.5
1651810292,-24,2,15,1.5
1651810294,-24,2,15,0.0
1651810296,-23,2,13,-1.0
1651810298,-24,2,15,1.0
1651810300,-26,2,18,1.5
1651810302,-24,2,15,-1.5
1651810304,-26,2,18,1.5
1651810306,-25,9,16,-1.0
1651810308,-24,2,15,-0.5
1651810310,-25,2,16,0.5
1651810312,-28,2,23,3.5
1651810314,-25,2,16,-3.5
1651810316,-26,2,18,1.0
1651810318,-24,2,15,-1.5
1651810320,-25,2,16,0.5
1651810322,-24,2,15,-0.5
1651810324,-26,2,18,1.5
1651810326,-25,3,16,-1.0
1651810328,-25,3,16,0.0
1651810330,-26,3,18,1.0
1651810332,-23,2,13,-2.5
1651810334,-27,2,21,4.0
1651810336,-25,2,16,-2.5
1651810338,-24,10,15,-0.5
1651810340,-25,2,16,0.5
1651810342,-23,10,13,-1.5
1651810344,-23,2,13,0.0
1651810346,-25,2,16,1.5
1651810348,-24,2,15,-0.5
1651810350,-24,2,15,0.0
1651810352,-23,8,13,-1.0
1651810354,-25,2,16,1.5
1651810356,-24,2,15,-0.5
1651810358,-24,8,15,0.0
1651810360,-23,8,13,-1.0
1651810362,-24,8,15,1.0
1651810364,-23,8,13,-1.0
1651810366,-26,1,18,2.5
1651810368,-25,2,16,-1.0
1651810370,-26,2,18,1.0
1651810372,-19,2,8,-5.0
1651810374,-25,2,16,4.0
1651810376,-24,2,15,-0.5
1651810378,-23,2,13,-1.0
1651810380,-26,2,18,2.5
1651810382,-25,2,16,-1.0
1651810384,-23,9,13,-1.5
1651810386,-26,10,18,2.5
1651810388,-26,2,18,0.0
1651810390,-23,2,13,-2.5
1651810392,-24,2,15,1.0
1651810394,-21,9,10,-2.5
1651810396,-25,9,16,3.0
1651810398,-25,3,16,0.0
1651810400,-26,3,18,1.0
1651810402,-25,3,16,-1.0
1651810404,-26,3,18,1.0
1651810406,-24,11,15,-1.5
1651810408,-24,15,15,0.0
1651810410,-24,3,15,0.0
1651810412,-25,3,16,0.5
1651810414,-24,3,15,-0.5
1651810416,-25,3,16,0.5
1651810418,-24,3,15,-0.5
1651810420,-24,3,15,0.0
1651810422,-25,3,16,0.5
1651810424,-24,3,15,-0.5
1651810426,-23,3,13,-1.0
1651810428,-23,3,13,0.0
1651810430,-23,3,13,0.0
1651810432,-25,3,16,1.5
1651810434,-24,3,15,-0.5
1651810436,-22,1,12,-1.5
1651810438,-23,1,13,0.5
1651810440,-25,1,16,1.5
1651810442,-22,1,12,-2.0
1651810444,-24,1,15,1.5
1651810446,-23,1,13,-1.0
1651810448,-25,1,16,1.5
1651810450,-23,1,13,-1.5
1651810452,-24,4,15,1.0
1651810454,-23,4,13,-1.0
1651810456,-24,4,15,1.0
1651810458,-21,4,10,-2.5
1651810460,-24,4,15,2.5
1651810462,-24,4,15,0.0
1651810464,-25,4,16,0.5
1651810466,-25,4,16,0.0
1651810468,-24,9,15,-0.5
1651810470,-21,9,10,-2.5
1651810472,-22,9,12,1.0
1651810474,-24,9,15,1.5
1651810476,-22,9,12,-1.5
1651810478,-22,9,12,0.0
1651810480,-20,9,9,-1.5
1651810482,-21,9,10,0.5
1651810484,-21,9,10,0.0
1651810486,-20,9,9,-0.5
1651810488,-22,9,12,1.5
1651810490,-20,9,9,-1.5
1651810492,-14,9,5,-2.0
1651810494,-14,9,5,0.0
1651810496,-23,9,13,4.0
1651810498,-25,9,16,1.5
1651810500,-22,9,12,-2.0
1651810502,-21,3,10,-1.0
1651810504,-22,3,12,1.0
1651810506,-22,3,12,0.0
1651810508,-22,3,12,0.0
1651810510,-22,3,12,0.0
1651810512,-23,3,13,0.5
1651810514,-21,3,10,-1.5
1651810516,-23,3,13,1.5
1651810518,-22,3,12,-0.5
1651810520,-25,2,16,2.0
1651810522,-24,2,15,-0.5
1651810524,-24,2,15,0.0
1651810526,-25,2,16,0.5
1651810528,-24,2,15,-0.5
1651810530,-26,2,18,1.5
1651810532,-25,2,16,-1.0
1651810534,-25,2,16,0.0
1651810536,-26,2,18,1.0
1651810538,-25,4,16,-1.0
1651810540,-25,2,16,0.0
1651810542,-25,2,16,0.0
1651810544,-25,2,16,0.0
1651810546,-26,2,18,1.0
1651810548,-26,2,18,0.0
1651810550,-25,4,16,-1.0
1651810552,-25,4,16,0.0
1651810554,-23,2,13,-1.5
1651810556,-24,4,15,1.0
1651810558,-25,2,16,0.5
1651810560,-22,2,12,-2.0
1651810562,-22,4,12,0.0
1651810564,-23,2,13,0.5
1651810566,-22,2,12,-0.5
1651810568,-23,2,13,0.5
1651810570,-23,2,13,0.0
1651810572,-24,2,15,1.0
1651810574,-22,2,12,-1.5
1651810576,-25,4,16,2.0
1651810578,-23,4,13,-1.5
1651810580,-22,4,12,-0.5
1651810582,-22,14,12,0.0
1651810584,-23,2,13,0.5
1651810586,-20,2,9,-2.0
1651810588,-22,8,12,1.5
1651810590,-23,8,13,0.5
1651810592,-22,8,12,-0.5
1651810594,-22,8,12,0.0
1651810596,-22,8,12,0.0
1651810598,-23,8,13,0.5
1651810600,-23,8,13,0.0
1651810602,-22,8,12,-0.5
1651810604,-21,8,10,-1.0
1651810606,-21,8,10,0.0
1651810608,-22,8,12,1.0
1651810610,-25,8,16,2.0
1651810612,-23,1,13,-1.5
1651810614,-21,8,10,-1.5
1651810616,-22,8,12,1.0
1651810618,-23,1,13,0.5
1651810620,-23,1,13,0.0
1651810622,-23,3,13,0.0
1651810624,-23,1,13,0.0
1651810626,-23,8,13,0.0
1651810628,-24,8,15,1.0
1651810630,-23,8,13,-1.0
1651810632,-24,8,15,1.0
1651810634,-23,6,13,-1.0
1651810636,-21,1,10,-1.5
1651810638,-21,15,10,0.0
1651810640,-21,1,10,0.0
1651810642,-21,1,10,0.0
1651810644,-21,1,10,0.0
1651810646,-22,1,12,1.0
1651810648,-22,1,12,0.0
1651810650,-23,1,13,0.5
1651810652,-23,1,13,0.0
1651810654,-23,1,13,0.0
1651810656,-23,2,13,0.0
1651810658,-22,2,12,-0.5
1651810660,-23,2,13,0.5
1651810662,-22,2,12,-0.5
1651810664,-23,2,13,0.5
1651810666,-20,2,9,-2.0
1651810668,-22,2,12,1.5
1651810670,-22,0,12,0.0
1651810672,-22,2,12,0.0
1651810674,-21,2,10,-1.0
1651810676,-23,2,13,1.5
1651810678,-22,2,12,-0.5
1651810680,-21,2,10,-1.0
1651810682,-22,2,12,1.0
1651810684,-21,2,10,-1.0
1651810686,-21,1,10,0.0
1651810688,-23,2,13,1.5
1651810690,-23,2,13,0.0
1651810692,-23,15,13,0.0
1651810694,-21,2,10,-1.5
1651810696,-22,9,12,1.0
1651810698,-22,2,12,0.0
1651810700,-22,9,12,0.0
1651810702,-23,2,13,0.5
1651810704,-22,2,12,-0.5
1651810706,-24,2,15,1.5
1651810708,-23,9,13,-1.0
1651810710,-23,9,13,0.0
1651810712,-23,2,13,0.0
1651810714,-22,3,12,-0.5
1651810716,-22,3,12,0.0
1651810718,-24,3,15,1.5
1651810720,-23,2,13,-1.0
1651810722,-22,2,12,-0.5
1651810724,-19,3,8,-2.0
1651810726,-23,9,13,2.5
1651810728,-22,1,12,-0.5
1651810730,-21,1,10,-1.0
1651810732,-69,1,2592,1291.0
1651810734,-21,3,10,-1291.0
1651810736,-21,3,10,0.0
1651810738,-18,4,7,-1.5
1651810740,-21,3,10,1.5
1651810742,-20,3,9,-0.5
1651810744,-16,3,6,-1.5
1651810746,-17,3,7,0.5
1651810748,-21,3,10,1.5
1651810750,-22,3,12,1.0
1651810752,-21,3,10,-1.0
1651810754,-20,1,9,-0.5
1651810756,-22,3,12,1.5
1651810758,-22,3,12,0.0
1651810760,-23,3,13,0.5
1651810762,-24,3,15,1.0
1651810764,-23,9,13,-1.0
1651810766,-21,9,10,-1.5
1651810768,-21,9,10,0.0
1651810770,-21,9,10,0.0
1651810772,-21,9,10,0.0
1651810774,-21,1,10,0.0
1651810776,-20,9,9,-0.5
1651810778,-21,9,10,0.5
1651810780,-23,9,13,1.5
1651810782,-24,1,15,1.0
1651810784,-25,9,16,0.5
1651810786,-21,9,10,-3.0
1651810789,-22,14,12,0.7
1651810791,-22,9,12,0.0
1651810793,-24,9,15,1.5
1651810795,-22,9,12,-1.5
1651810797,-24,9,15,1.5
1651810799,-23,9,13,-1.0
1651810801,-23,9,13,0.0
1651810803,-23,3,13,0.0
1651810805,-23,3,13,0.0
1651810807,-23,3,13,0.0
1651810809,-23,3,13,0.0
1651810811,-24,3,15,1.0
1651810813,-23,9,13,-1.0
1651810815,-23,9,13,0.0
1651810817,-22,3,12,-0.5
1651810819,-23,9,13,0.5
1651810821,-23,9,13,0.0
1651810823,-23,9,13,0.0
1651810825,-21,9,10,-1.5
1651810827,-22,1,12,1.0
1651810829,-22,8,12,0.0
1651810831,-20,8,9,-1.5
1651810833,-21,1,10,0.5
1651810835,-23,8,13,1.5
1651810837,-22,1,12,-0.5
1651810839,-21,1,10,-1.0
1651810841,-23,1,13,1.5
1651810843,-21,1,10,-1.5
1651810845,-21,13,10,0.0
1651810847,-20,1,9,-0.5
1651810849,-20,3,9,0.0
1651810851,-20,3,9,0.0
1651810853,-22,3,12,1.5
1651810855,-21,3,10,-1.0
1651810857,-22,3,12,1.0
1651810859,-25,1,16,2.0
1651810861,-23,1,13,-1.5
1651810863,-23,3,13,0.0
1651810865,-25,2,16,1.5
1651810867,-21,3,10,-3.0
1651810869,-22,3,12,1.0
1651810871,-23,1,13,0.5
1651810873,-21,1,10,-1.5
1651810875,-76,2,5804,2897.0
1651810877,-20,2,9,-2897.5
1651810879,-22,2,12,1.5
1651810881,-23,2,13,0.5
1651810883,-23,2,13,0.0
1651810885,-21,15,10,-1.5
1651810887,-21,8,10,0.0
1651810889,-22,8,12,1.0
1651810891,-23,8,13,0.5
1651810893,-22,8,12,-0.5
1651810895,-23,8,13,0.5
1651810897,-23,8,13,0.0
1651810899,-26,8,18,2.5
1651810901,-24,3,15,-1.5
1651810903,-23,3,13,-1.0
1651810905,-26,3,18,2.5
1651810907,-24,3,15,-1.5
1651810909,-18,3,7,-4.0
1651810911,-20,3,9,1.0
1651810913,-24,3,15,3.0
1651810915,-22,3,12,-1.5
1651810917,-22,3,12,0.0
1651810919,-21,3,10,-1.0
1651810921,-25,3,16,3.0
1651810923,-21,3,10,-3.0
1651810925,-21,3,10,0.0
1651810927,-20,3,9,-0.5
1651810929,-20,3,9,0.0
1651810931,-21,3,10,0.5
1651810933,-20,3,9,-0.5
1651810935,-19,3,8,-0.5
1651810937,-23,7,13,2.5
1651810939,-21,3,10,-1.5
1651810941,-20,3,9,-0.5
1651810943,-20,3,9,0.0
1651810945,-21,3,10,0.5
1651810947,-23,3,13,1.5
1651810949,-22,1,12,-0.5
1651810951,-22,3,12,0.0
1651810953,-22,3,12,0.0
1651810955,-21,3,10,-1.0
1651810957,-21,3,10,0.0
1651810959,-21,13,10,0.0
1651810961,-19,3,8,-1.0
1651810963,-21,5,10,1.0
1651810965,-20,3,9,-0.5
1651810967,-24,3,15,3.0
1651810969,-20,3,9,-3.0
1651810971,-14,2,5,-2.0
1651810973,-22,2,12,3.5
1651810975,-21,3,10,-1.0
1651810977,-21,3,10,0.0
1651810979,-23,3,13,1.5
1651810981,-22,3,12,-0.5
1651810983,-23,3,13,0.5
1651810985,-22,3,12,-0.5
1651810987,-23,3,13,0.5
1651810989,-23,3,13,0.0
1651810991,-21,3,10,-1.5
1651810993,-22,3,12,1.0
1651810995,-23,3,13,0.5
1651810997,-20,3,9,-2.0
1651810999,-23,11,13,2.0
1651811001,-22,3,12,-0.5
1651811003,-22,3,12,0.0
1651811005,-21,2,10,-1.0
1651811007,-22,2,12,1.0
1651811009,-22,2,12,0.0
1651811011,-23,2,13,0.5
1651811013,-22,2,12,-0.5
1651811015,-23,2,13,0.5
1651811017,-21,10,10,-1.5
1651811019,-19,10,8,-1.0
1651811021,-23,3,13,2.5
1651811023,-23,6,13,0.0
1651811025,-22,3,12,-0.5
1651811027,-23,3,13,0.5
1651811029,-21,3,10,-1.5
1651811031,-22,3,12,1.0
1651811033,-21,3,10,-1.0
1651811035,-22,3,12,1.0
1651811037,-21,3,10,-1.0
1651811039,-21,3,10,0.0
1651811041,-22,3,12,1.0
1651811043,-24,2,15,1.5
1651811045,-22,2,12,-1.5
1651811047,-21,2,10,-1.0
1651811049,-19,2,8,-1.0
1651811051,-25,2,16,4.0
1651811053,-23,2,13,-1.5
1651811055,-21,2,10,-1.5
1651811057,-22,2,12,1.0
1651811059,-23,2,13,0.5
1651811061,-22,2,12,-0.5
1651811063,-21,2,10,-1.0
1651811065,-23,2,13,1.5
1651811067,-23,9,13,0.0
1651811069,-22,2,12,-0.5
1651811071,-22,2,12,0.0
1651811073,-21,2,10,-1.0
1651811075,-22,2,12,1.0
1651811077,-21,9,10,-1.0
1651811079,-20,9,9,-0.5
1651811081,-22,9,12,1.5
1651811083,-22,9,12,0.0
1651811085,-22,9,12,0.0
1651811087,-23,9,13,0.5
1651811089,-22,9,12,-0.5
1651811091,-24,2,15,1.5
1651811093,-24,2,15,0.0
1651811095,-22,9,12,-1.5
1651811097,-21,9,10,-1.0
1651811099,-23,9,13,1.5
1651811101,-24,0,15,1.0
1651811103,-21,9,10,-2.5
1651811105,-22,9,12,1.0
1651811107,-21,3,10,-1.0
1651811109,-22,9,12,1.0
1651811111,-22,9,12,0.0
1651811113,-20,9,9,-1.5
1651811115,-21,9,10,0.5
1651811117,-18,9,7,-1.5
1651811119,-22,2,12,2.5
1651811121,-22,9,12,0.0
1651811123,-22,9,12,0.0
1651811125,-23,9,13,0.5
1651811127,-22,9,12,-0.5
1651811129,-22,9,12,0.0
1651811131,-25,2,16,2.0
1651811133,-23,2,13,-1.5
1651811135,-22,11,12,-0.5
1651811137,-22,2,12,0.0
1651811139,-23,2,13,0.5
1651811141,-23,2,13,0.0
1651811143,-24,2,15,1.0
1651811145,-23,2,13,-1.0
1651811147,-20,2,9,-2.0
1651811149,-22,2,12,1.5
1651811151,-22,2,12,0.0
1651811153,-23,2,13,0.5
1651811155,-25,2,16,1.5
1651811157,-24,2,15,-0.5
1651811159,-20,2,9,-3.0
1651811161,-23,2,13,2.0
1651811163,-23,2,13,0.0
1651811165,-22,2,12,-0.5
1651811167,-22,2,12,0.0
1651811169,-23,2,13,0.5
1651811171,-21,2,10,-1.5
1651811173,-24,2,15,2.5
1651811175,-24,1,15,0.0
1651811177,-23,1,13,-1.0
1651811179,-20,1,9,-2.0
1651811181,-22,1,12,1.5
1651811183,-21,1,10,-1.0
1651811185,-21,2,10,0.0
1651811187,-22,1,12,1.0
1651811189,-22,2,12,0.0
1651811191,-22,9,12,0.0
1651811193,-21,9,10,-1.0
1651811195,-22,2,12,1.0
1651811197,-22,2,12,0.0
1651811199,-22,2,12,0.0
1651811201,-22,2,12,0.0
1651811203,-22,2,12,0.0
1651811205,-22,2,12,0.0
1651811207,-22,2,12,0.0
1651811209,-23,2,13,0.5
1651811211,-22,2,12,-0.5
1651811213,-21,1,10,-1.0
1651811215,-23,1,13,1.5
1651811217,-23,1,13,0.0
1651811219,-22,1,12,-0.5
1651811221,-22,3,12,0.0
1651811223,-23,3,13,0.5
1651811225,-22,3,12,-0.5
1651811227,-22,4,12,0.0
1651811229,-22,4,12,0.0
1651811231,-21,4,10,-1.0
1651811233,-22,1,12,1.0
1651811235,-24,10,15,1.5
1651811237,-24,10,15,0.0
1651811239,-23,10,13,-1.0
1651811241,-12,10,4,-4.5
1651811243,-22,10,12,4.0
1651811245,-24,10,15,1.5
1651811247,-22,10,12,-1.5
1651811249,-23,10,13,0.5
1651811251,-23,9,13,0.0
1651811253,-24,10,15,1.0
1651811255,-23,3,13,-1.0
1651811257,-23,3,13,0.0
1651811259,-19,3,8,-2.5
1651811261,-19,3,8,0.0
1651811263,-24,10,15,3.5
1651811265,-20,10,9,-3.0
1651811267,-19,10,8,-0.5
1651811269,-20,3,9,0.5
1651811271,-22,3,12,1.5
1651811273,-24,3,15,1.5
1651811275,-17,3,7,-4.0
1651811277,-25,3,16,4.5
1651811279,-23,3,13,-1.5
1651811281,-24,3,15,1.0
1651811283,-23,3,13,-1.0
1651811285,-20,10,9,-2.0
1651811287,-26,3,18,4.5
1651811289,-23,3,13,-2.5
1651811291,-23,3,13,0.0
1651811293,-25,3,16,1.5
1651811295,-25,3,16,0.0
1651811297,-26,3,18,1.0
1651811299,-25,3,16,-1.0
1651811301,-22,3,12,-2.0
1651811303,-21,3,10,-1.0
1651811305,-26,10,18,4.0
1651811307,-24,10,15,-1.5
1651811309,-24,10,15,0.0
1651811311,-21,10,10,-2.5
1651811313,-24,10,15,2.5
1651811315,-20,10,9,-3.0
1651811317,-22,10,12,1.5
1651811319,-24,10,15,1.5
1651811321,-23,2,13,-1.0
1651811323,-23,2,13,0.0
1651811325,-22,3,12,-0.5
1651811327,-25,3,16,2.0
1651811329,-23,3,13,-1.5
1651811331,-22,3,12,-0.5
1651811333,-23,3,13,0.5
1651811335,-20,3,9,-2.0
1651811337,-21,3,10,0.5
1651811339,-23,10,13,1.5
1651811341,-24,10,15,1.0
1651811343,-23,10,13,-1.0
1651811345,-23,10,13,0.0
1651811347,-23,10,13,0.0
1651811349,-23,10,13,0.0
1651811351,-23,1,13,0.0
1651811353,-23,2,13,0.0
1651811355,-23,2,13,0.0
1651811357,-23,2,13,0.0
1651811359,-23,2,13,0.0
1651811361,-23,2,13,0.0
1651811363,-22,2,12,-0.5
1651811365,-22,2,12,0.0
1651811367,-22,3,12,0.0
1651811369,-20,3,9,-1.5
1651811371,-23,3,13,2.0
1651811373,-22,3,12,-0.5
1651811375,-22,3,12,0.0
1651811377,-19,11,8,-2.0
1651811379,-25,3,16,4.0
1651811381,-21,3,10,-3.0
1651811383,-23,3,13,1.5
1651811385,-22,3,12,-0.5
1651811387,-21,3,10,-1.0
1651811389,-21,3,10,0.0
1651811391,-23,3,13,1.5
1651811393,-23,3,13,0.0
1651811395,-23,2,13,0.0
1651811397,-23,0,13,0.0
1651811399,-23,12,13,0.0
1651811401,-23,0,13,0.0
1651811403,-23,0,13,0.0
1651811405,-23,0,13,0.0
1651811407,-23,0,13,0.0
1651811409,-23,0,13,0.0
1651811411,-23,0,13,0.0
1651811413,-23,0,13,0.0
1651811415,-23,10,13,0.0
1651811417,-23,0,13,0.0
1651811419,-23,0,13,0.0
1651811421,-23,0,13,0.0
1651811423,-23,0,13,0.0
1651811425,-23,0,13,0.0
1651811427,-23,0,13,0.0
1651811429,-23,0,13,0.0
1651811431,-23,0,13,0.0
1651811433,-23,0,13,0.0
1651811435,-23,0,13,0.0
1651811437,-23,0,13,0.0
1651811439,-23,0,13,0.0
1651811441,-23,0,13,0.0
1651811443,-23,0,13,0.0
1651811445,-23,0,13,0.0
1651811447,-23,0,13,0.0
1651811449,-23,0,13,0.0
1651811451,-23,0,13,0.0
1651811453,-23,0,13,0.0
1651811455,-23,13,13,0.0
1651811457,-23,0,13,0.0
1651811459,-23,0,13,0.0
1651811461,-23,0,13,0.0
1651811463,-23,0,13,0.0
1651811465,-23,0,13,0.0
1651811467,-23,0,13,0.0
1651811469,-23,0,13,0.0
1651811471,-23,0,13,0.0
1651811473,-23,15,13,0.0
1651811475,-23,0,13,0.0
1651811477,-23,0,13,0.0
1651811479,-23,0,13,0.0
1651811481,-23,0,13,0.0
1651811483,-23,0,13,0.0
1651811485,-23,0,13,0.0
1651811487,-23,0,13,0.0
1651811489,-23,0,13,0.0
1651811491,-23,0,13,0.0
1651811493,-23,0,13,0.0
1651811495,-23,0,13,0.0
1651811497,-23,0,13,0.0
1651811499,-23,0,13,0.0
1651811501,-23,0,13,0.0
1651811503,-23,0,13,0.0
1651811505,-23,0,13,0.0
1651811507,-23,0,13,0.0
1651811509,-23,0,13,0.0
1651811511,-23,0,13,0.0
1651811513,-23,0,13,0.0
1651811515,-23,0,13,0.0
1651811517,-23,0,13,0.0
1651811519,-23,0,13,0.0
1651811521,-23,0,13,0.0
1651811523,-23,0,13,0.0
1651811525,-23,0,13,0.0
1651811527,-23,0,13,0.0
1651811529,-23,0,13,0.0
1651811531,-23,0,13,0.0
1651811533,-23,0,13,0.0
1651811535,-23,0,13,0.0
1651811537,-23,0,13,0.0
1651811539,-23,0,13,0.0
1651811541,-23,0,13,0.0
1651811543,-23,0,13,0.0
1651811545,-23,0,13,0.0
1651811547,-23,0,13,0.0
1651811549,-23,0,13,0.0
1651811551,-23,0,13,0.0
1651811553,-23,0,13,0.0
1651811555,-23,0,13,0.0
1651811557,-23,0,13,0.0
1651811559,-23,0,13,0.0
1651811561,-23,0,13,0.0
1651811563,-23,0,13,0.0
1651811565,-23,0,13,0.0
1651811567,-23,0,13,0.0
1651811569,-23,0,13,0.0
1651811571,-23,0,13,0.0
1651811573,-23,0,13,0.0
1651811575,-23,0,13,0.0
1651811577,-23,0,13,0.0
1651811579,-23,0,13,0.0
1651811581,-23,0,13,0.0
1651811583,-23,0,13,0.0
1651811585,-23,0,13,0.0
1651811587,-23,0,13,0.0
1651811589,-23,0,13,0.0
1651811591,-23,0,13,0.0
1651811593,-23,0,13,0.0
1651811595,-23,0,13,0.0
1651811597,-23,0,13,0.0
1651811599,-23,0,13,0.0
1651811601,-23,0,13,0.0
1651811603,-23,0,13,0.0
1651811605,-23,0,13,0.0
1651811607,-23,0,13,0.0
1651811609,-23,0,13,0.0
1651811611,-23,0,13,0.0
1651811613,-23,0,13,0.0
1651811615,-23,0,13,0.0
1651811617,-23,0,13,0.0
1651811619,-23,15,13,0.0
1651811621,-23,0,13,0.0
1651811623,-23,0,13,0.0
1651811625,-23,0,13,0.0
1651811627,-23,0,13,0.0
1651811629,-23,0,13,0.0
1651811631,-23,0,13,0.0
1651811633,-23,0,13,0.0
1651811635,-23,0,13,0.0
1651811637,-23,0,13,0.0
1651811639,-23,0,13,0.0
1651811641,-23,0,13,0.0
1651811643,-23,0,13,0.0
1651811645,-23,0,13,0.0
1651811647,-23,0,13,0.0
1651811649,-23,0,13,0.0
1651811651,-23,0,13,0.0
1651811653,-23,0,13,0.0
1651811655,-23,0,13,0.0
1651811657,-23,3,13,0.0
1651811659,-23,0,13,0.0
1651811661,-23,0,13,0.0
1651811663,-23,0,13,0.0
1651811665,-23,0,13,0.0
1651811667,-23,12,13,0.0
1651811669,-23,0,13,0.0
1651811671,-23,0,13,0.0
1651811673,-23,0,13,0.0
1651811675,-23,0,13,0.0
1651811677,-23,4,13,0.0
1651811679,-23,0,13,0.0
1651811681,-23,0,13,0.0
1651811683,-23,0,13,0.0
1651811685,-23,0,13,0.0
1651811687,-23,0,13,0.0
1651811689,-23,0,13,0.0
1651811691,-23,0,13,0.0
1651811693,-23,0,13,0.0
1651811695,-23,0,13,0.0
1651811697,-23,0,13,0.0
1651811699,-23,0,13,0.0
1651811701,-23,0,13,0.0
1651811703,-23,0,13,0.0
1651811705,-23,0,13,0.0
1651811707,-23,0,13,0.0
1651811709,-23,0,13,0.0
1651811711,-23,0,13,0.0
1651811713,-23,0,13,0.0
1651811715,-23,0,13,0.0
1651811717,-23,0,13,0.0
1651811719,-23,0,13,0.0
1651811721,-23,0,13,0.0
1651811723,-23,0,13,0.0
1651811725,-23,0,13,0.0
1651811727,-23,0,13,0.0
1651811729,-23,0,13,0.0
1651811731,-23,0,13,0.0
1651811733,-23,0,13,0.0
1651811735,-23,0,13,0.0
1651811737,-23,0,13,0.0
1651811739,-23,0,13,0.0
1651811741,-23,0,13,0.0
1651811743,-23,0,13,0.0
1651811745,-23,0,13,0.0
1651811747,-23,0,13,0.0
1651811749,-23,15,13,0.0
1651811751,-23,0,13,0.0
1651811753,-23,0,13,0.0
1651811755,-23,0,13,0.0
1651811757,-23,0,13,0.0
1651811759,-23,0,13,0.0
1651811761,-23,0,13,0.0
1651811763,-23,0,13,0.0
1651811765,-23,0,13,0.0
1651811767,-23,8,13,0.0
1651811769,-23,0,13,0.0
1651811771,-23,0,13,0.0
1651811773,-23,0,13,0.0
1651811775,-23,0,13,0.0
1651811777,-23,0,13,0.0
1651811779,-23,0,13,0.0
1651811781,-23,0,13,0.0
1651811783,-23,0,13,0.0
1651811785,-23,0,13,0.0
1651811787,-23,0,13,0.0
1651811789,-23,0,13,0.0
1651811791,-23,0,13,0.0
1651811793,-23,0,13,0.0
1651811795,-23,0,13,0.0
1651811797,-23,0,13,0.0
1651811799,-23,0,13,0.0
1651811801,-23,0,13,0.0
1651811803,-23,0,13,0.0
1651811805,-23,0,13,0.0
1651811807,-23,0,13,0.0
1651811809,-23,0,13,0.0
1651811811,-23,0,13,0.0
1651811813,-23,0,13,0.0
1651811815,-23,0,13,0.0
1651811817,-23,0,13,0.0
1651811819,-23,0,13,0.0
1651811821,-23,0,13,0.0
1651811823,-23,0,13,0.0
1651811825,-23,0,13,0.0
1651811827,-23,0,13,0.0
1651811829,-23,0,13,0.0
1651811831,-23,0,13,0.0
1651811833,-23,0,13,0.0
1651811835,-23,0,13,0.0
1651811837,-23,0,13,0.0
1651811839,-23,0,13,0.0
1651811841,-23,0,13,0.0
1651811843,-23,0,13,0.0
1651811845,-23,0,13,0.0
1651811847,-23,0,13,0.0
1651811849,-23,0,13,0.0
1651811851,-23,0,13,0.0
1651811853,-23,0,13,0.0
1651811855,-23,1,13,0.0
1651811857,-23,0,13,0.0
1651811859,-23,0,13,0.0
1651811861,-23,0,13,0.0
1651811863,-23,0,13,0.0
1651811865,-23,0,13,0.0
1651811867,-23,0,13,0.0
1651811869,-23,0,13,0.0
1651811871,-23,5,13,0.0
1651811873,-23,0,13,0.0
1651811875,-23,0,13,0.0
1651811877,-23,0,13,0.0
1651811879,-23,0,13,0.0
1651811881,-23,0,13,0.0
1651811883,-23,0,13,0.0
1651811885,-23,0,13,0.0
1651811887,-23,0,13,0.0
1651811889,-23,0,13,0.0
1651811891,-23,0,13,0.0
1651811893,-23,0,13,0.0
1651811895,-23,0,13,0.0
1651811897,-23,0,13,0.0
1651811899,-23,0,13,0.0
1651811901,-23,0,13,0.0
1651811903,-23,0,13,0.0
1651811905,-23,0,13,0.0
1651811907,-23,0,13,0.0
1651811909,-23,0,13,0.0
1651811911,-23,0,13,0.0
1651811913,-23,0,13,0.0
1651811915,-23,0,13,0.0
1651811918,-23,0,13,0.0
1651811920,-23,0,13,0.0
1651811922,-23,0,13,0.0
1651811924,-23,0,13,0.0
1651811926,-23,0,13,0.0
1651811928,-23,0,13,0.0
1651811930,-23,0,13,0.0
1651811932,-23,0,13,0.0
1651811934,-23,0,13,0.0
1651811936,-23,0,13,0.0
1651811938,-23,0,13,0.0
1651811940,-23,0,13,0.0
1651811942,-23,0,13,0.0
1651811944,-23,0,13,0.0
1651811946,-23,0,13,0.0
1651811948,-23,0,13,0.0
1651811950,-23,0,13,0.0
1651811952,-23,1,13,0.0
1651811954,-23,0,13,0.0
1651811956,-23,0,13,0.0
1651811958,-23,0,13,0.0
1651811960,-23,0,13,0.0
1651811962,-23,0,13,0.0
1651811964,-23,0,13,0.0
1651811966,-23,0,13,0.0
1651811968,-23,0,13,0.0
1651811970,-23,0,13,0.0
1651811972,-23,0,13,0.0
1651812017,-19,0,8,-0.1
1651812019,-19,0,8,0.0
1651812021,-19,0,8,0.0
1651812023,-19,0,8,0.0
1651812025,-20,0,9,0.5
1651812027,-20,0,9,0.0
1651812029,-20,0,9,0.0
1651812031,-19,0,8,-0.5
1651812033,-19,0,8,0.0
1651812035,-19,0,8,0.0
1651812037,-21,0,10,1.0
1651812039,-19,0,8,-1.0
1651812041,-19,0,8,0.0
1651812043,-19,0,8,0.0
1651812045,-19,0,8,0.0
1651812047,-20,0,9,0.5
1651812049,-24,0,15,3.0
1651812051,-24,5,15,0.0
1651812053,-25,1,16,0.5
1651812055,-24,10,15,-0.5
1651812057,-23,10,13,-1.0
1651812059,-24,10,15,1.0
1651812061,-23,10,13,-1.0
1651812063,-24,10,15,1.0
1651812065,-24,2,15,0.0
1651812067,-19,10,8,-3.5
1651812069,-20,0,9,0.5
1651812071,-21,0,10,0.5
1651812073,-27,11,21,5.5
1651812076,-27,11,21,0.0
1651812078,-25,11,16,-2.5
1651812080,-24,3,15,-0.5
1651812082,-23,4,13,-1.0
1651812084,-24,4,15,1.0
1651812086,-24,3,15,0.0
1651812088,-23,4,13,-1.0
1651812090,-20,4,9,-2.0
1651812092,-25,0,16,3.5
1651812094,-25,11,16,0.0
1651812096,-24,11,15,-0.5
1651812098,-23,11,13,-1.0
1651812100,-23,11,13,0.0
1651812102,-22,14,12,-0.5
1651812104,-23,0,13,0.5
1651812106,-21,0,10,-1.5
1651812108,-21,0,10,0.0
1651812110,-22,0,12,1.0
1651812112,-20,3,9,-1.5
1651812114,-23,3,13,2.0
1651812116,-20,0,9,-2.0
1651812118,-20,0,9,0.0
1651812120,-21,0,10,0.5
1651812122,-23,0,13,1.5
1651812124,-22,0,12,-0.5
1651812126,-25,0,16,2.0
1651812128,-23,0,13,-1.5
1651812130,-24,0,15,1.0
1651812132,-25,0,16,0.5
1651812134,-26,0,18,1.0
1651812136,-20,0,9,-4.5
1651812138,-24,0,15,3.0
1651812140,-24,0,15,0.0
1651812142,-23,0,13,-1.0
1651812144,-22,0,12,-0.5
1651812146,-23,0,13,0.5
1651812148,-23,0,13,0.0
1651812150,-24,0,15,1.0
1651812152,-24,0,15,0.0
1651812154,-22,0,12,-1.5
1651812156,-22,0,12,0.0
1651812158,-23,0,13,0.5
1651812160,-22,0,12,-0.5
1651812162,-23,0,13,0.5
1651812164,-23,0,13,0.0
1651812166,-23,0,13,0.0
1651812168,-21,0,10,-1.5
1651812170,-19,0,8,-1.0
1651812172,-11,0,3,-2.5
1651812174,-13,0,4,0.5
1651812176,-24,0,15,5.5
1651812178,-23,0,13,-1.0
1651812180,-23,0,13,0.0
1651812182,-24,0,15,1.0
1651812184,-24,0,15,0.0
1651812186,-24,0,15,0.0
1651812188,-24,0,15,0.0
1651812190,-24,0,15,0.0
1651812192,-24,0,15,0.0
1651812194,-24,0,15,0.0
1651812196,-24,0,15,0.0
1651812198,-24,0,15,0.0
1651812200,-24,0,15,0.0
1651812202,-24,0,15,0.0
1651812204,-24,0,15,0.0
1651812206,-24,0,15,0.0
1651812208,-24,0,15,0.0
1651812210,-24,0,15,0.0
1651812212,-24,0,15,0.0
1651812214,-24,0,15,0.0
1651812216,-24,0,15,0.0
1651812218,-24,0,15,0.0
1651812220,-24,0,15,0.0
1651812222,-24,0,15,0.0
1651812224,-24,0,15,0.0
1651812226,-24,0,15,0.0
1651812228,-24,0,15,0.0
1651812230,-24,0,15,0.0
1651812232,-24,0,15,0.0
1651812234,-24,0,15,0.0
1651812236,-24,0,15,0.0
1651812238,-24,0,15,0.0
1651812240,-24,0,15,0.0
1651812242,-24,0,15,0.0
1651812244,-24,0,15,0.0
1651812246,-24,0,15,0.0
1651812248,-24,0,15,0.0
1651812250,-24,0,15,0.0
1651812252,-24,0,15,0.0
1651812254,-24,0,15,0.0
1651812256,-24,0,15,0.0
1651812258,-21,0,10,-2.5
1651812260,-20,0,9,-0.5
1651812262,-20,0,9,0.0
1651812264,-20,0,9,0.0
1651812266,-22,0,12,1.5
1651812268,-24,0,15,1.5
1651812270,-21,0,10,-2.5
1651812272,-22,0,12,1.0
1651812274,-22,0,12,0.0
1651812276,-20,0,9,-1.5
1651812278,-19,0,8,-0.5
1651812280,-20,0,9,0.5
1651812282,-19,0,8,-0.5
1651812284,-20,0,9,0.5
1651812286,-23,0,13,2.0
1651812288,-19,0,8,-2.5
1651812290,-21,0,10,1.0
1651812292,-20,0,9,-0.5
1651812294,-23,0,13,2.0
1651812296,-19,0,8,-2.5
1651812298,-18,0,7,-0.5
1651812300,-19,0,8,0.5
1651812302,-17,0,7,-0.5
1651812304,-17,0,7,0.0
1651812306,-19,0,8,0.5
1651812308,-21,0,10,1.0
1651812310,-19,0,8,-1.0
1651812312,-19,0,8,0.0
1651812314,-19,0,8,0.0
1651812316,-19,0,8,0.0
1651812318,-18,0,7,-0.5
1651812320,-19,0,8,0.5
1651812322,-19,0,8,0.0
1651812324,-18,0,7,-0.5
1651812326,-19,0,8,0.5
1651812328,-20,0,9,0.5
1651812330,-20,0,9,0.0
1651812332,-20,0,9,0.0
1651812334,-20,0,9,0.0
1651812336,-20,0,9,0.0
1651812338,-19,0,8,-0.5
1651812340,-20,0,9,0.5
1651812342,-18,0,7,-1.0
1651812344,-21,0,10,1.5
1651812346,-19,0,8,-1.0
1651812348,-19,0,8,0.0
1651812350,-19,0,8,0.0
1651812352,-19,0,8,0.0
1651812354,-19,0,8,0.0
1651812356,-20,0,9,0.5
1651812358,-16,0,6,-1.5
1651812360,-20,0,9,1.5
1651812362,-19,0,8,-0.5
1651812364,-19,0,8,0.0
1651812366,-19,0,8,0.0
1651812368,-19,0,8,0.0
1651812370,-20,0,9,0.5
1651812372,-21,0,10,0.5
1651812374,-18,0,7,-1.5
1651812376,-17,0,7,0.0
1651812378,-19,0,8,0.5
1651812380,-21,0,10,1.0
1651812382,-19,0,8,-1.0
1651812384,-19,0,8,0.0
1651812386,-19,0,8,0.0
1651812388,-19,0,8,0.0
1651812390,-19,0,8,0.0
1651812392,-19,0,8,0.0
1651812394,-19,0,8,0.0
1651812396,-19,0,8,0.0
1651812398,-19,0,8,0.0
1651812400,-19,0,8,0.0
1651812402,-19,0,8,0.0
1651812404,-19,0,8,0.0
1651812406,-19,0,8,0.0
1651812408,-19,0,8,0.0
1651812410,-19,0,8,0.0
1651812412,-19,0,8,0.0
1651812414,-19,0,8,0.0
1651812416,-19,0,8,0.0
1651812418,-19,0,8,0.0
1651812420,-19,0,8,0.0
1651812422,-19,0,8,0.0
1651812467,-20,0,9,0.0
1651812469,-24,0,15,3.0
1651812471,-22,0,12,-1.5
1651812473,-22,14,12,0.0
1651812475,-23,2,13,0.5
1651812477,-22,2,12,-0.5
1651812479,-21,2,10,-1.0
1651812481,-22,2,12,1.0
1651812483,-23,13,13,0.5
1651812485,-24,2,15,1.0
1651812487,-23,2,13,-1.0
1651812489,-23,2,13,0.0
1651812491,-23,2,13,0.0
1651812493,-24,2,15,1.0
1651812495,-22,2,12,-1.5
1651812497,-23,2,13,0.5
1651812499,-23,2,13,0.0
1651812501,-23,2,13,0.0
1651812503,-23,2,13,0.0
1651812505,-17,2,7,-3.0
1651812507,-25,2,16,4.5
1651812509,-21,2,10,-3.0
1651812511,-23,2,13,1.5
1651812513,-24,2,15,1.0
1651812515,-23,2,13,-1.0
1651812517,-23,2,13,0.0
1651812519,-23,9,13,0.0
1651812521,-19,2,8,-2.5
1651812523,-23,2,13,2.5
1651812525,-23,2,13,0.0
1651812527,-23,2,13,0.0
1651812529,-22,2,12,-0.5
1651812531,-22,1,12,0.0
1651812533,-23,1,13,0.5
1651812535,-25,1,16,1.5
1651812537,-24,1,15,-0.5
1651812539,-21,1,10,-2.5
1651812541,-22,1,12,1.0
1651812543,-22,1,12,0.0
1651812545,-22,2,12,0.0
1651812547,-18,2,7,-2.5
1651812549,-24,3,15,4.0
1651812551,-24,2,15,0.0
1651812553,-24,3,15,0.0
1651812555,-24,12,15,0.0
1651812557,-24,2,15,0.0
1651812559,-22,2,12,-1.5
1651812561,-23,2,13,0.5
1651812563,-25,2,16,1.5
1651812565,-24,2,15,-0.5
1651812567,-27,2,21,3.0
1651812569,-24,2,15,-3.0
1651812571,-24,2,15,0.0
1651812573,-23,2,13,-1.0
1651812575,-23,3,13,0.0
1651812577,-23,3,13,0.0
1651812579,-23,2,13,0.0
1651812581,-24,2,15,1.0
1651812583,-24,2,15,0.0
1651812585,-24,2,15,0.0
1651812587,-23,2,13,-1.0
1651812589,-25,2,16,1.5
1651812591,-22,9,12,-2.0
1651812593,-22,9,12,0.0
1651812595,-23,9,13,0.5
1651812597,-25,2,16,1.5
1651812599,-21,2,10,-3.0
1651812601,-23,2,13,1.5
1651812603,-24,2,15,1.0
1651812605,-24,2,15,0.0
1651812607,-24,2,15,0.0
1651812609,-24,2,15,0.0
1651812611,-23,2,13,-1.0
1651812613,-23,2,13,0.0
1651812615,-24,2,15,1.0
1651812617,-25,0,16,0.5
1651812619,-25,0,16,0.0
1651812621,-22,0,12,-2.0
1651812623,-24,1,15,1.5
1651812625,-25,1,16,0.5
1651812627,-24,1,15,-0.5
1651812629,-22,1,12,-1.5
1651812631,-22,1,12,0.0
1651812633,-23,1,13,0.5
1651812635,-23,1,13,0.0
1651812637,-21,1,10,-1.5
1651812639,-22,1,12,1.0
1651812641,-23,1,13,0.5
1651812643,-24,1,15,1.0
1651812645,-24,1,15,0.0
1651812647,-23,1,13,-1.0
1651812649,-23,2,13,0.0
1651812651,-23,2,13,0.0
1651812653,-23,2,13,0.0
1651812655,-25,2,16,1.5
1651812657,-24,1,15,-0.5
1651812659,-23,1,13,-1.0
1651812661,-23,1,13,0.0
1651812663,-23,1,13,0.0
1651812665,-22,1,12,-0.5
1651812667,-22,1,12,0.0
1651812669,-24,1,15,1.5
1651812671,-21,8,10,-2.5
1651812673,-22,8,12,1.0
1651812675,-23,8,13,0.5
1651812677,-22,8,12,-0.5
1651812679,-23,8,13,0.5
1651812681,-23,4,13,0.0
1651812683,-25,1,16,1.5
1651812685,-25,1,16,0.0
1651812687,-24,1,15,-0.5
1651812689,-23,1,13,-1.0
1651812691,-23,1,13,0.0
1651812693,-22,1,12,-0.5
1651812695,-23,5,13,0.5
1651812697,-25,1,16,1.5
1651812699,-22,8,12,-2.0
1651812701,-23,8,13,0.5
1651812703,-24,1,15,1.0
1651812705,-23,1,13,-1.0
1651812707,-24,1,15,1.0
1651812709,-24,1,15,0.0
1651812711,-23,1,13,-1.0
1651812713,-24,1,15,1.0
1651812715,-22,1,12,-1.5
1651812717,-23,1,13,0.5
1651812719,-24,2,15,1.0
1651812721,-23,2,13,-1.0
1651812723,-22,2,12,-0.5
1651812725,-17,2,7,-2.5
1651812727,-25,2,16,4.5
1651812729,-24,2,15,-0.5
1651812731,-25,2,16,0.5
1651812733,-22,2,12,-2.0
1651812735,-26,2,18,3.0
1651812737,-25,4,16,-1.0
1651812739,-23,1,13,-1.5
1651812741,-24,2,15,1.0
1651812743,-26,2,18,1.5
1651812745,-24,2,15,-1.5
1651812747,-25,2,16,0.5
1651812749,-21,2,10,-3.0
1651812751,-23,2,13,1.5
1651812753,-25,2,16,1.5
1651812755,-24,2,15,-0.5
1651812757,-24,2,15,0.0
1651812759,-25,2,16,0.5
1651812761,-22,2,12,-2.0
1651812763,-26,2,18,3.0
1651812765,-25,2,16,-1.0
1651812767,-25,4,16,0.0
1651812769,-25,4,16,0.0
1651812772,-22,4,12,-1.3
1651812774,-24,4,15,1.5
1651812776,-23,5,13,-1.0
1651812778,-23,2,13,0.0
1651812780,-24,2,15,1.0
1651812782,-24,2,15,0.0
1651812784,-20,2,9,-3.0
1651812786,-20,2,9,0.0
1651812788,-25,2,16,3.5
1651812790,-20,2,9,-3.5
1651812792,-22,6,12,1.5
1651812794,-21,2,10,-1.0
1651812796,-23,2,13,1.5
1651812798,-23,2,13,0.0
1651812800,-24,2,15,1.0
1651812802,-24,2,15,0.0
1651812804,-26,2,18,1.5
1651812806,-26,2,18,0.0
1651812808,-25,2,16,-1.0
1651812810,-23,2,13,-1.5
1651812812,-24,2,15,1.0
1651812814,-23,2,13,-1.0
1651812816,-22,2,12,-0.5
1651812818,-21,3,10,-1.0
1651812820,-20,4,9,-0.5
1651812822,-70,0,2909,1450.0
1651812824,-21,2,10,-1449.5
1651812826,-21,2,10,0.0
1651812828,-22,2,12,1.0
1651812830,-25,11,16,2.0
1651812832,-22,2,12,-2.0
1651812834,-21,2,10,-1.0
1651812836,-19,2,8,-1.0
1651812838,-23,0,13,2.5
1651812840,-25,0,16,1.5
1651812842,-24,0,15,-0.5
1651812844,-23,0,13,-1.0
1651812846,-25,0,16,1.5
1651812848,-23,3,13,-1.5
1651812850,-22,3,12,-0.5
1651812852,-23,3,13,0.5
1651812854,-23,3,13,0.0
1651812856,-27,10,21,4.0
1651812858,-23,3,13,-4.0
1651812860,-23,3,13,0.0
1651812862,-22,3,12,-0.5
1651812864,-23,3,13,0.5
1651812866,-24,3,15,1.0
1651812868,-22,3,12,-1.5
1651812870,-23,3,13,0.5
1651812872,-24,3,15,1.0
1651812874,-22,3,12,-1.5
1651812876,-25,3,16,2.0
1651812878,-26,3,18,1.0
1651812880,-26,3,18,0.0
1651812882,-25,10,16,-1.0
1651812884,-23,3,13,-1.5
1651812886,-23,3,13,0.0
1651812888,-22,3,12,-0.5
1651812890,-23,3,13,0.5
1651812892,-23,3,13,0.0
1651812894,-23,3,13,0.0
1651812896,-23,3,13,0.0
1651812898,-23,3,13,0.0
1651812900,-23,0,13,0.0
1651812902,-23,0,13,0.0
1651812904,-23,0,13,0.0
1651812906,-23,0,13,0.0
1651812908,-23,0,13,0.0
1651812910,-23,0,13,0.0
1651812912,-23,0,13,0.0
1651812914,-23,8,13,0.0
1651812916,-23,0,13,0.0
1651812918,-23,0,13,0.0
1651812920,-23,0,13,0.0
1651812922,-23,0,13,0.0
1651812924,-23,13,13,0.0
1651812926,-23,13,13,0.0
1651812928,-23,13,13,0.0
1651812930,-23,13,13,0.0
1651812932,-23,13,13,0.0
1651812934,-23,13,13,0.0
1651812936,-23,0,13,0.0
1651812938,-19,9,8,-2.5
1651812940,-19,9,8,0.0
1651812942,-19,9,8,0.0
1651812944,-18,9,7,-0.5
1651812946,-19,9,8,0.5
1651812948,-19,0,8,0.0
1651812950,-20,0,9,0.5
1651812952,-20,0,9,0.0
1651812954,-21,0,10,0.5
1651812956,-20,0,9,-0.5
1651812958,-19,0,8,-0.5
1651812960,-19,0,8,0.0
1651812962,-20,0,9,0.5
1651812964,-20,0,9,0.0
1651812966,-20,0,9,0.0
1651812968,-20,0,9,0.0
1651812970,-20,0,9,0.0
1651812972,-21,0,10,0.5
1651812974,-20,0,9,-0.5
1651812976,-20,0,9,0.0
1651812978,-20,0,9,0.0
1651812980,-20,0,9,0.0
1651812982,-20,0,9,0.0
1651812984,-21,0,10,0.5
1651812986,-19,0,8,-1.0
1651812988,-19,5,8,0.0
1651812990,-20,5,9,0.5
1651812992,-20,5,9,0.0
1651812994,-19,9,8,-0.5
1651812996,-20,9,9,0.5
1651812998,-19,0,8,-0.5
1651813000,-19,0,8,0.0
1651813002,-18,0,7,-0.5
1651813004,-18,0,7,0.0
1651813006,-19,0,8,0.5
1651813008,-23,0,13,2.5
1651813010,-21,0,10,-1.5
1651813012,-20,0,9,-0.5
1651813014,-20,0,9,0.0
1651813016,-20,0,9,0.0
1651813018,-20,0,9,0.0
1651813020,-20,0,9,0.0
1651813022,-20,0,9,0.0
1651813024,-20,0,9,0.0
1651813026,-20,0,9,0.0
1651813028,-20,0,9,0.0
1651813030,-20,0,9,0.0
1651813032,-20,0,9,0.0
1651813034,-20,0,9,0.0
1651813036,-20,0,9,0.0
1651813038,-20,0,9,0.0
1651813040,-20,0,9,0.0
1651813042,-20,0,9,0.0
1651813044,-20,0,9,0.0
1651813046,-20,0,9,0.0
1651813048,-20,0,9,0.0
1651813050,-20,0,9,0.0
1651813052,-20,0,9,0.0
1651813054,-20,0,9,0.0
1651813056,-20,0,9,0.0
1651813058,-20,0,9,0.0
1651813060,-20,0,9,0.0
1651813062,-20,0,9,0.0
1651813064,-20,0,9,0.0
1651813066,-20,0,9,0.0
1651813068,-20,0,9,0.0
1651813070,-20,0,9,0.0
1651813072,-20,0,9,0.0
1651813074,-20,0,9,0.0
1651813076,-20,0,9,0.0
1651813078,-21,0,10,0.5
1651813080,-20,0,9,-0.5
1651813082,-21,0,10,0.5
1651813084,-21,14,10,0.0
1651813086,-21,0,10,0.0
1651813088,-20,0,9,-0.5
1651813090,-20,0,9,0.0
1651813092,-21,0,10,0.5
1651813094,-21,0,10,0.0
1651813096,-21,0,10,0.0
1651813098,-21,0,10,0.0
1651813100,-21,0,10,0.0
1651813102,-22,0,12,1.0
1651813104,-21,0,10,-1.0
1651813106,-21,0,10,0.0
1651813108,-21,0,10,0.0
1651813110,-22,0,12,1.0
1651813112,-21,0,10,-1.0
1651813114,-22,0,12,1.0
1651813116,-21,0,10,-1.0
1651813118,-21,0,10,0.0
1651813120,-22,0,12,1.0
1651813122,-20,0,9,-1.5
1651813124,-23,0,13,2.0
1651813126,-20,0,9,-2.0
1651813128,-19,0,8,-0.5
1651813130,-21,0,10,1.0
1651813132,-20,0,9,-0.5
1651813134,-20,0,9,0.0
1651813136,-20,0,9,0.0
1651813138,-19,0,8,-0.5
1651813140,-19,0,8,0.0
1651813142,-20,0,9,0.5
1651813144,-20,0,9,0.0
1651813146,-20,0,9,0.0
1651813148,-20,0,9,0.0
1651813150,-20,0,9,0.0
1651813152,-20,0,9,0.0
1651813154,-21,0,10,0.5
1651813156,-21,0,10,0.0
1651813158,-21,0,10,0.0
1651813160,-21,6,10,0.0
1651813162,-22,6,12,1.0
1651813164,-21,0,10,-1.0
1651813166,-21,0,10,0.0
1651813168,-21,0,10,0.0
1651813170,-22,0,12,1.0
1651813172,-22,0,12,0.0
1651813174,-22,0,12,0.0
1651813176,-22,0,12,0.0
1651813178,-22,0,12,0.0
1651813180,-20,0,9,-1.5
1651813182,-21,0,10,0.5
1651813184,-22,0,12,1.0
1651813186,-23,0,13,0.5
1651813188,-23,0,13,0.0
1651813190,-23,0,13,0.0
1651813192,-24,0,15,1.0
1651813194,-21,0,10,-2.5
1651813196,-23,0,13,1.5
1651813198,-22,0,12,-0.5
1651813200,-23,15,13,0.5
1651813202,-23,0,13,0.0
1651813204,-23,0,13,0.0
1651813206,-22,0,12,-0.5
1651813208,-22,0,12,0.0
1651813210,-22,0,12,0.0
1651813212,-22,0,12,0.0
1651813214,-21,0,10,-1.0
1651813216,-22,0,12,1.0
1651813218,-20,0,9,-1.5
1651813220,-20,0,9,0.0
1651813222,-20,0,9,0.0
1651813224,-20,0,9,0.0
1651813226,-19,0,8,-0.5
1651813228,-20,0,9,0.5
1651813230,-20,0,9,0.0
1651813232,-19,0,8,-0.5
1651813234,-20,0,9,0.5
1651813236,-20,0,9,0.0
1651813238,-20,0,9,0.0
1651813240,-20,0,9,0.0
1651813242,-20,0,9,0.0
1651813244,-23,0,13,2.0
1651813246,-19,0,8,-2.5
1651813248,-19,0,8,0.0
1651813250,-19,0,8,0.0
1651813252,-20,0,9,0.5
1651813254,-20,0,9,0.0
1651813256,-20,0,9,0.0
1651813258,-19,0,8,-0.5
1651813260,-19,0,8,0.0
1651813262,-19,0,8,0.0
1651813264,-20,0,9,0.5
1651813266,-19,0,8,-0.5
1651813268,-20,7,9,0.5
1651813270,-19,0,8,-0.5
1651813272,-19,0,8,0.0
1651813274,-19,0,8,0.0
1651813276,-19,0,8,0.0
1651813278,-20,0,9,0.5
1651813280,-20,0,9,0.0
1651813282,-20,0,9,0.0
1651813284,-20,0,9,0.0
1651813286,-21,0,10,0.5
1651813288,-19,0,8,-1.0
1651813290,-20,0,9,0.5
1651813292,-20,0,9,0.0
1651813294,-21,12,10,0.5
1651813296,-23,0,13,1.5
1651813298,-20,0,9,-2.0
1651813300,-21,0,10,0.5
1651813302,-20,0,9,-0.5
1651813304,-20,0,9,0.0
1651813306,-20,0,9,0.0
1651813308,-20,0,9,0.0
1651813310,-20,0,9,0.0
1651813312,-23,0,13,2.0
1651813314,-22,0,12,-0.5
1651813316,-23,0,13,0.5
1651813318,-22,0,12,-0.5
1651813320,-22,0,12,0.0
1651813322,-23,0,13,0.5
1651813324,-21,0,10,-1.5
1651813326,-23,0,13,1.5
1651813328,-23,0,13,0.0
1651813330,-23,0,13,0.0
1651813332,-22,0,12,-0.5
1651813334,-23,0,13,0.5
1651813336,-22,0,12,-0.5
1651813338,-24,0,15,1.5
1651813340,-23,0,13,-1.0
1651813342,-21,0,10,-1.5
1651813344,-22,0,12,1.0
1651813346,-22,0,12,0.0
1651813348,-23,0,13,0.5
1651813350,-22,0,12,-0.5
1651813352,-22,0,12,0.0
1651813354,-22,0,12,0.0
1651813356,-22,0,12,0.0
1651813358,-23,0,13,0.5
1651813360,-22,0,12,-0.5
1651813362,-22,0,12,0.0
1651813364,-22,0,12,0.0
1651813366,-22,0,12,0.0
1651813368,-22,0,12,0.0
1651813370,-22,0,12,0.0
1651813372,-23,0,13,0.5
1651813374,-22,0,12,-0.5
1651813376,-22,10,12,0.0
1651813378,-23,0,13,0.5
1651813380,-21,0,10,-1.5
1651813382,-23,0,13,1.5
1651813384,-22,0,12,-0.5
1651813386,-22,0,12,0.0
1651813388,-23,0,13,0.5
1651813390,-21,0,10,-1.5
1651813392,-21,0,10,0.0
1651813394,-21,0,10,0.0
1651813396,-21,0,10,0.0
1651813398,-21,0,10,0.0
1651813400,-22,0,12,1.0
1651813402,-22,0,12,0.0
1651813404,-21,0,10,-1.0
1651813406,-22,0,12,1.0
1651813408,-21,0,10,-1.0
1651813410,-21,0,10,0.0
1651813412,-19,0,8,-1.0
1651813414,-21,2,10,1.0
1651813416,-21,2,10,0.0
1651813418,-22,2,12,1.0
1651813420,-21,2,10,-1.0
1651813422,-21,2,10,0.0
1651813424,-22,0,12,1.0
1651813426,-22,0,12,0.0
1651813428,-21,0,10,-1.0
1651813430,-22,0,12,1.0
1651813432,-21,0,10,-1.0
1651813434,-21,3,10,0.0
1651813436,-21,0,10,0.0
1651813438,-22,0,12,1.0
1651813440,-22,0,12,0.0
1651813442,-22,0,12,0.0
1651813444,-22,0,12,0.0
1651813446,-22,0,12,0.0
1651813448,-21,0,10,-1.0
1651813450,-21,0,10,0.0
1651813452,-20,0,9,-0.5
1651813454,-21,0,10,0.5
1651813456,-21,0,10,0.0
1651813458,-20,0,9,-0.5
1651813460,-20,0,9,0.0
1651813462,-21,0,10,0.5
1651813464,-22,0,12,1.0
1651813466,-21,0,10,-1.0
1651813468,-21,0,10,0.0
1651813470,-23,0,13,1.5
1651813472,-22,0,12,-0.5
1651813474,-22,0,12,0.0
1651813476,-24,15,15,1.5
1651813478,-23,0,13,-1.0
1651813480,-23,0,13,0.0
1651813482,-23,0,13,0.0
1651813484,-23,0,13,0.0
1651813486,-22,0,12,-0.5
1651813488,-23,0,13,0.5
1651813490,-23,0,13,0.0
1651813492,-23,0,13,0.0
1651813494,-23,0,13,0.0
1651813496,-23,0,13,0.0
1651813498,-21,0,10,-1.5
1651813500,-22,0,12,1.0
1651813502,-22,0,12,0.0
1651813504,-20,5,9,-1.5
1651813506,-21,0,10,0.5
1651813508,-22,0,12,1.0
1651813510,-22,0,12,0.0
1651813512,-21,0,10,-1.0
1651813514,-20,0,9,-0.5
1651813516,-21,0,10,0.5
1651813518,-20,0,9,-0.5
1651813520,-20,0,9,0.0
1651813522,-21,0,10,0.5
1651813524,-20,0,9,-0.5
1651813526,-21,0,10,0.5
1651813528,-20,0,9,-0.5
1651813530,-20,0,9,0.0
1651813532,-24,0,15,3.0
1651813534,-22,0,12,-1.5
1651813536,-21,0,10,-1.0
1651813538,-23,0,13,1.5
1651813540,-23,0,13,0.0
1651813542,-22,0,12,-0.5
1651813544,-24,0,15,1.5
1651813546,-23,1,13,-1.0
1651813548,-24,1,15,1.0
1651813550,-23,1,13,-1.0
1651813552,-24,1,15,1.0
1651813554,-23,0,13,-1.0
1651813556,-24,0,15,1.0
1651813558,-23,0,13,-1.0
1651813560,-25,1,16,1.5
1651813562,-20,1,9,-3.5
1651813564,-19,1,8,-0.5
1651813566,-20,1,9,0.5
1651813568,-19,1,8,-0.5
1651813570,-20,1,9,0.5
1651813572,-20,0,9,0.0
1651813574,-20,0,9,0.0
1651813576,-20,0,9,0.0
1651813578,-19,0,8,-0.5
1651813580,-20,0,9,0.5
1651813582,-20,0,9,0.0
1651813584,-20,0,9,0.0
1651813586,-20,0,9,0.0
1651813588,-19,2,8,-0.5
1651813590,-19,2,8,0.0
1651813592,-20,0,9,0.5
1651813594,-21,0,10,0.5
1651813596,-21,0,10,0.0
1651813598,-21,0,10,0.0
1651813600,-21,0,10,0.0
1651813602,-21,0,10,0.0
1651813604,-21,0,10,0.0
1651813606,-21,0,10,0.0
1651813608,-21,0,10,0.0
1651813610,-20,0,9,-0.5
1651813612,-21,0,10,0.5
1651813614,-21,0,10,0.0
1651813616,-20,0,9,-0.5
1651813618,-21,0,10,0.5
1651813620,-21,0,10,0.0
1651813664,-19,0,8,-0.0
1651813666,-19,0,8,0.0
1651813668,-20,0,9,0.5
1651813670,-13,0,4,-2.5
1651813672,-23,0,13,4.5
1651813674,-22,8,12,-0.5
1651813676,-23,8,13,0.5
1651813678,-22,8,12,-0.5
1651813680,-23,3,13,0.5
1651813682,-23,3,13,0.0
1651813684,-22,13,12,-0.5
1651813686,-25,8,16,2.0
1651813688,-25,8,16,0.0
1651813690,-25,3,16,0.0
1651813692,-24,3,15,-0.5
1651813694,-24,8,15,0.0
1651813696,-23,3,13,-1.0
1651813698,-23,3,13,0.0
1651813700,-22,1,12,-0.5
1651813702,-23,1,13,0.5
1651813704,-21,1,10,-1.5
1651813706,-23,1,13,1.5
1651813708,-22,1,12,-0.5
1651813710,-21,1,10,-1.0
1651813712,-22,1,12,1.0
1651813714,-22,1,12,0.0
1651813716,-68,1,2311,1149.5
1651813718,-23,1,13,-1149.0
1651813720,-21,1,10,-1.5
1651813722,-21,1,10,0.0
1651813724,-24,1,15,2.5
1651813726,-22,1,12,-1.5
1651813728,-21,1,10,-1.0
1651813730,-23,1,13,1.5
1651813732,-24,13,15,1.0
1651813734,-24,1,15,0.0
1651813736,-23,1,13,-1.0
1651813738,-24,1,15,1.0
1651813740,-23,1,13,-1.0
1651813742,-23,1,13,0.0
1651813744,-23,8,13,0.0
1651813746,-23,1,13,0.0
1651813748,-24,3,15,1.0
1651813750,-23,3,13,-1.0
1651813752,-20,3,9,-2.0
1651813754,-23,3,13,2.0
1651813756,-22,1,12,-0.5
1651813758,-22,3,12,0.0
1651813760,-22,3,12,0.0
1651813762,-24,3,15,1.5
1651813764,-22,3,12,-1.5
1651813766,-24,3,15,1.5
1651813768,-21,3,10,-2.5
1651813770,-22,3,12,1.0
1651813772,-22,1,12,0.0
1651813774,-23,1,13,0.5
1651813776,-25,1,16,1.5
1651813778,-24,1,15,-0.5
1651813780,-23,1,13,-1.0
1651813782,-21,1,10,-1.5
1651813784,-23,1,13,1.5
1651813786,-23,1,13,0.0
1651813788,-23,8,13,0.0
1651813790,-23,8,13,0.0
1651813792,-22,8,12,-0.5
1651813794,-23,8,13,0.5
1651813796,-23,8,13,0.0
1651813798,-25,8,16,1.5
1651813800,-23,1,13,-1.5
1651813802,-22,1,12,-0.5
1651813804,-23,1,13,0.5
1651813806,-21,2,10,-1.5
1651813808,-21,1,10,0.0
1651813810,-22,1,12,1.0
1651813812,-17,1,7,-2.5
1651813814,-22,1,12,2.5
1651813816,-20,1,9,-1.5
1651813818,-21,1,10,0.5
1651813820,-22,1,12,1.0
1651813822,-21,2,10,-1.0
1651813824,-22,2,12,1.0
1651813826,-19,1,8,-2.0
1651813828,-23,1,13,2.5
1651813830,-13,1,4,-4.5
1651813832,-22,1,12,4.0
1651813834,-22,1,12,0.0
1651813836,-24,1,15,1.5
1651813838,-23,1,13,-1.0
1651813840,-23,1,13,0.0
1651813842,-23,1,13,0.0
1651813844,-23,1,13,0.0
1651813846,-21,1,10,-1.5
1651813848,-22,1,12,1.0
1651813850,-22,0,12,0.0
1651813852,-24,1,15,1.5
1651813854,-21,1,10,-2.5
1651813856,-23,1,13,1.5
1651813858,-23,1,13,0.0
1651813860,-23,1,13,0.0
1651813862,-24,1,15,1.0
1651813864,-23,1,13,-1.0
1651813866,-24,1,15,1.0
1651813868,-22,1,12,-1.5
1651813870,-23,1,13,0.5
1651813872,-23,1,13,0.0
1651813874,-23,1,13,0.0
1651813876,-23,1,13,0.0
1651813878,-19,1,8,-2.5
1651813880,-23,1,13,2.5
1651813882,-19,1,8,-2.5
1651813885,-18,0,7,-0.3
1651813887,-22,0,12,2.5
1651813889,-23,6,13,0.5
1651813891,-24,8,15,1.0
1651813893,-24,2,15,0.0
1651813895,-25,2,16,0.5
1651813897,-24,2,15,-0.5
1651813899,-23,2,13,-1.0
1651813901,-23,2,13,0.0
1651813903,-23,2,13,0.0
1651813905,-23,2,13,0.0
1651813907,-23,2,13,0.0
1651813909,-23,2,13,0.0
1651813911,-23,2,13,0.0
1651813913,-24,2,15,1.0
1651813915,-25,2,16,0.5
1651813917,-24,2,15,-0.5
1651813919,-24,2,15,0.0
1651813921,-25,2,16,0.5
1651813923,-24,2,15,-0.5
1651813925,-21,2,10,-2.5
1651813927,-22,2,12,1.0
1651813929,-22,2,12,0.0
1651813931,-24,5,15,1.5
1651813933,-22,2,12,-1.5
1651813935,-23,2,13,0.5
1651813937,-24,2,15,1.0
1651813939,-24,2,15,0.0
1651813941,-24,2,15,0.0
1651813943,-26,9,18,1.5
1651813945,-24,9,15,-1.5
1651813947,-21,2,10,-2.5
1651813949,-22,0,12,1.0
1651813951,-22,2,12,0.0
1651813953,-22,2,12,0.0
1651813955,-22,2,12,0.0
1651813957,-20,8,9,-1.5
1651813959,-17,8,7,-1.0
1651813961,-22,8,12,2.5
1651813963,-22,8,12,0.0
1651813965,-22,3,12,0.0
1651813967,-21,8,10,-1.0
1651813969,-19,0,8,-1.0
1651813971,-22,0,12,2.0
1651813973,-20,1,9,-1.5
1651813975,-19,1,8,-0.5
1651813977,-18,1,7,-0.5
1651813979,-21,3,10,1.5
1651813981,-20,1,9,-0.5
1651813983,-22,1,12,1.5
1651813985,-20,1,9,-1.5
1651813987,-22,1,12,1.5
1651813989,-22,3,12,0.0
1651813991,-22,3,12,0.0
1651813993,-23,3,13,0.5
1651813995,-22,3,12,-0.5
1651813997,-15,3,5,-3.5
1651813999,-23,3,13,4.0
1651814001,-24,3,15,1.0
1651814003,-22,3,12,-1.5
1651814005,-24,3,15,1.5
1651814007,-20,3,9,-3.0
1651814009,-22,3,12,1.5
1651814011,-22,3,12,0.0
1651814013,-21,3,10,-1.0
1651814015,-24,3,15,2.5
1651814017,-22,3,12,-1.5
1651814019,-22,3,12,0.0
1651814021,-25,3,16,2.0
1651814023,-25,3,16,0.0
1651814025,-22,3,12,-2.0
1651814027,-22,3,12,0.0
1651814029,-24,3,15,1.5
1651814031,-23,3,13,-1.0
1651814033,-23,3,13,0.0
1651814035,-23,1,13,0.0
1651814037,-22,1,12,-0.5
1651814039,-23,1,13,0.5
1651814041,-19,1,8,-2.5
1651814043,-23,8,13,2.5
1651814045,-22,8,12,-0.5
1651814047,-22,8,12,0.0
1651814049,-22,8,12,0.0
1651814051,-22,0,12,0.0
1651814053,-22,0,12,0.0
1651814155,-18,0,7,-0.0
1651814157,-16,1,6,-0.5
1651814159,-17,1,7,0.5
1651814161,-16,1,6,-0.5
1651814163,-16,1,6,0.0
1651814165,-16,1,6,0.0
1651814167,-16,1,6,0.0
1651814169,-15,1,5,-0.5
1651814171,-14,1,5,0.0
1651814173,-22,1,12,3.5
1651814175,-22,1,12,0.0
1651814177,-23,0,13,0.5
1651814179,-22,0,12,-0.5
1651814181,-19,0,8,-2.0
1651814183,-17,0,7,-0.5
1651814185,-21,0,10,1.5
1651814187,-20,0,9,-0.5
1651814189,-19,0,8,-0.5
1651814191,-21,0,10,1.0
1651814193,-22,0,12,1.0
1651814195,-21,0,10,-1.0
1651814197,-17,0,7,-1.5
1651814199,-22,0,12,2.5
1651814202,-23,0,13,0.3
1651814204,-23,3,13,0.0
1651814206,-22,3,12,-0.5
1651814208,-23,12,13,0.5
1651814210,-22,12,12,-0.5
1651814212,-23,12,13,0.5
1651814214,-23,12,13,0.0
1651814216,-23,12,13,0.0
1651814218,-24,13,15,1.0
1651814220,-23,13,13,-1.0
1651814222,-24,13,15,1.0
1651814224,-21,13,10,-2.5
1651814226,-24,13,15,2.5
1651814228,-23,13,13,-1.0
1651814230,-23,13,13,0.0
1651814232,-23,13,13,0.0
1651814234,-21,12,10,-1.5
1651814236,-20,12,9,-0.5
1651814238,-22,12,12,1.5
1651814240,-21,12,10,-1.0
1651814242,-21,12,10,0.0
1651814244,-22,5,12,1.0
1651814246,-24,12,15,1.5
1651814248,-24,12,15,0.0
1651814250,-25,12,16,0.5
1651814252,-24,12,15,-0.5
1651814254,-23,12,13,-1.0
1651814256,-26,12,18,2.5
1651814258,-23,12,13,-2.5
1651814260,-21,12,10,-1.5
1651814262,-21,12,10,0.0
1651814264,-19,12,8,-1.0
1651814266,-21,12,10,1.0
1651814268,-22,12,12,1.0
1651814270,-21,12,10,-1.0
1651814272,-23,12,13,1.5
1651814274,-22,12,12,-0.5
1651814276,-22,12,12,0.0
1651814278,-23,12,13,0.5
1651814280,-24,12,15,1.0
1651814282,-23,12,13,-1.0
1651814284,-22,12,12,-0.5
1651814286,-22,13,12,0.0
1651814288,-21,12,10,-1.0
1651814290,-22,12,12,1.0
1651814292,-22,12,12,0.0
1651814294,-22,8,12,0.0
1651814296,-23,12,13,0.5
1651814298,-22,12,12,-0.5
1651814300,-22,12,12,0.0
1651814302,-23,12,13,0.5
1651814304,-22,12,12,-0.5
1651814306,-26,12,18,3.0
1651814308,-24,12,15,-1.5
1651814310,-23,12,13,-1.0
1651814312,-23,5,13,0.0
1651814314,-23,14,13,0.0
1651814316,-23,13,13,0.0
1651814318,-23,0,13,0.0
1651814320,-23,0,13,0.0
1651814322,-23,0,13,0.0
1651814324,-23,0,13,0.0
1651814326,-23,0,13,0.0
1651814328,-23,0,13,0.0
1651814330,-23,0,13,0.0
1651814332,-23,0,13,0.0
1651814334,-23,0,13,0.0
1651814336,-23,0,13,0.0
1651814338,-23,0,13,0.0
1651814340,-23,0,13,0.0
1651814342,-23,0,13,0.0
1651814344,-23,0,13,0.0
1651814346,-23,0,13,0.0
1651814348,-23,0,13,0.0
1651814350,-23,0,13,0.0
1651814352,-23,0,13,0.0
1651814354,-19,0,8,-2.5
1651814356,-20,0,9,0.5
1651814358,-18,0,7,-1.0
1651814360,-17,14,7,0.0
1651814362,-17,1,7,0.0
1651814364,-19,0,8,0.5
1651814366,-19,0,8,0.0
1651814368,-18,0,7,-0.5
1651814370,-17,0,7,0.0
1651814372,-19,0,8,0.5
1651814374,-18,0,7,-0.5
1651814376,-19,0,8,0.5
1651814378,-19,0,8,0.0
1651814380,-18,0,7,-0.5
1651814382,-19,0,8,0.5
1651814384,-19,0,8,0.0
1651814386,-18,1,7,-0.5
1651814388,-74,14,4610,2301.5
1651814390,-23,0,13,-2298.5
1651814392,-24,7,15,1.0
1651814394,-23,11,13,-1.0
1651814396,-23,11,13,0.0
1651814398,-24,7,15,1.0
1651814400,-24,12,15,0.0
1651814402,-25,12,16,0.5
1651814404,-26,12,18,1.0
1651814406,-25,7,16,-1.0
1651814408,-26,13,18,1.0
1651814410,-24,13,15,-1.5
1651814412,-25,7,16,0.5
1651814414,-26,12,18,1.0
1651814416,-24,10,15,-1.5
1651814418,-25,12,16,0.5
1651814420,-24,5,15,-0.5
1651814422,-25,7,16,0.5
1651814424,-27,7,21,2.5
1651814426,-25,12,16,-2.5
1651814428,-25,7,16,0.0
1651814430,-25,7,16,0.0
1651814432,-24,6,15,-0.5
1651814434,-25,7,16,0.5
1651814436,-25,15,16,0.0
1651814438,-24,7,15,-0.5
1651814440,-25,12,16,0.5
1651814442,-22,12,12,-2.0
1651814444,-23,7,13,0.5
1651814446,-24,7,15,1.0
1651814448,-18,7,7,-4.0
1651814450,-18,7,7,0.0
1651814452,-24,7,15,4.0
1651814454,-25,7,16,0.5
1651814456,-25,7,16,0.0
1651814458,-25,7,16,0.0
1651814460,-25,7,16,0.0
1651814462,-26,14,18,1.0
1651814464,-24,10,15,-1.5
1651814466,-22,7,12,-1.5
1651814468,-25,7,16,2.0
1651814470,-23,7,13,-1.5
1651814472,-24,10,15,1.0
1651814474,-25,10,16,0.5
1651814476,-25,6,16,0.0
1651814478,-27,6,21,2.5
1651814480,-26,6,18,-1.5
1651814482,-23,6,13,-2.5
1651814484,-25,6,16,1.5
1651814486,-26,11,18,1.0
1651814488,-24,11,15,-1.5
1651814490,-26,11,18,1.5
1651814492,-25,11,16,-1.0
1651814494,-24,11,15,-0.5
1651814496,-24,7,15,0.0
1651814498,-24,11,15,0.0
1651814500,-23,11,13,-1.0
1651814502,-24,11,15,1.0
1651814504,-23,6,13,-1.0
1651814506,-23,6,13,0.0
1651814508,-25,6,16,1.5
1651814510,-22,6,12,-2.0
1651814512,-25,6,16,2.0
1651814514,-25,5,16,0.0
1651814516,-24,6,15,-0.5
1651814518,-24,6,15,0.0
1651814520,-23,3,13,-1.0
1651814522,-24,2,15,1.0
1651814524,-24,10,15,0.0
1651814526,-24,10,15,0.0
1651814528,-24,10,15,0.0
1651814530,-23,10,13,-1.0
1651814532,-24,10,15,1.0
1651814534,-25,10,16,0.5
1651814536,-24,11,15,-0.5
1651814538,-24,10,15,0.0
1651814540,-24,10,15,0.0
1651814542,-23,10,13,-1.0
1651814544,-26,10,18,2.5
1651814546,-26,10,18,0.0
1651814548,-26,10,18,0.0
1651814550,-24,10,15,-1.5
1651814552,-24,10,15,0.0
1651814554,-24,10,15,0.0
1651814556,-16,12,6,-4.5
1651814558,-16,10,6,0.0
1651814560,-10,5,3,-1.5
1651814562,-25,12,16,6.5
1651814564,-25,12,16,0.0
1651814566,-27,12,21,2.5
1651814568,-23,12,13,-4.0
1651814570,-25,12,16,1.5
1651814572,-25,12,16,0.0
1651814574,-24,12,15,-0.5
1651814576,-26,12,18,1.5
1651814578,-24,10,15,-1.5
1651814580,-24,10,15,0.0
1651814582,-25,10,16,0.5
1651814584,-25,10,16,0.0
1651814586,-24,10,15,-0.5
1651814588,-25,12,16,0.5
1651814590,-25,10,16,0.0
1651814592,-24,10,15,-0.5
1651814594,-24,10,15,0.0
1651814596,-25,10,16,0.5
1651814598,-21,14,10,-3.0
1651814600,-23,14,13,1.5
1651814602,-24,10,15,1.0
1651814604,-25,15,16,0.5
1651814606,-23,10,13,-1.5
1651814608,-26,14,18,2.5
1651814610,-23,14,13,-2.5
1651814612,-25,14,16,1.5
1651814614,-25,10,16,0.0
1651814616,-24,10,15,-0.5
1651814618,-24,10,15,0.0
1651814620,-26,10,18,1.5
1651814622,-23,10,13,-2.5
1651814624,-24,10,15,1.0
1651814626,-26,4,18,1.5
1651814628,-25,4,16,-1.0
1651814630,-23,10,13,-1.5
1651814632,-23,10,13,0.0
1651814634,-24,10,15,1.0
1651814636,-23,5,13,-1.0
1651814638,-24,5,15,1.0
1651814640,-24,5,15,0.0
1651814642,-24,4,15,0.0
1651814644,-23,4,13,-1.0
1651814646,-26,4,18,2.5
1651814648,-24,3,15,-1.5
1651814650,-24,4,15,0.0
1651814652,-23,4,13,-1.0
1651814654,-24,4,15,1.0
1651814656,-24,4,15,0.0
1651814658,-19,7,8,-3.5
1651814660,-25,7,16,4.0
1651814662,-26,7,18,1.0
1651814664,-25,6,16,-1.0
1651814666,-24,7,15,-0.5
1651814668,-24,7,15,0.0
1651814670,-25,7,16,0.5
1651814672,-26,7,18,1.0
1651814674,-24,7,15,-1.5
1651814676,-24,5,15,0.0
1651814678,-27,6,21,3.0
1651814680,-23,6,13,-4.0
1651814682,-24,6,15,1.0
1651814684,-23,6,13,-1.0
1651814686,-23,6,13,0.0
1651814688,-24,7,15,1.0
1651814690,-25,7,16,0.5
1651814692,-25,7,16,0.0
1651814694,-25,7,16,0.0
1651814696,-25,13,16,0.0
1651814698,-25,13,16,0.0
1651814700,-22,13,12,-2.0
1651814702,-23,13,13,0.5
1651814704,-24,7,15,1.0
1651814706,-26,7,18,1.5
1651814708,-25,7,16,-1.0
1651814710,-24,7,15,-0.5
1651814712,-23,7,13,-1.0
1651814714,-24,7,15,1.0
1651814716,-24,13,15,0.0
1651814718,-24,13,15,0.0
1651814720,-24,13,15,0.0
1651814722,-25,13,16,0.5
1651814724,-25,13,16,0.0
1651814726,-24,13,15,-0.5
1651814728,-25,13,16,0.5
1651814730,-24,13,15,-0.5
1651814732,-24,13,15,0.0
1651814734,-22,13,12,-1.5
1651814736,-21,13,10,-1.0
1651814738,-22,13,12,1.0
1651814740,-24,13,15,1.5
1651814742,-24,13,15,0.0
1651814744,-26,13,18,1.5
1651814746,-25,13,16,-1.0
1651814748,-25,13,16,0.0
1651814750,-25,7,16,0.0
1651814752,-22,7,12,-2.0
1651814754,-24,7,15,1.5
1651814756,-27,7,21,3.0
1651814758,-26,7,18,-1.5
1651814760,-25,11,16,-1.0
1651814762,-24,5,15,-0.5
1651814764,-23,11,13,-1.0
1651814766,-26,5,18,2.5
1651814768,-25,11,16,-1.0
1651814770,-25,11,16,0.0
1651814772,-26,11,18,1.0
1651814774,-24,12,15,-1.5
1651814776,-20,12,9,-3.0
1651814778,-25,12,16,3.5
1651814780,-22,7,12,-2.0
1651814782,-26,7,18,3.0
1651814784,-24,14,15,-1.5
1651814786,-27,14,21,3.0
1651814788,-26,14,18,-1.5
1651814790,-25,7,16,-1.0
1651814792,-24,7,15,-0.5
1651814794,-29,7,26,5.5
1651814796,-28,7,23,-1.5
1651814798,-24,14,15,-4.0
1651814800,-28,5,23,4.0
1651814802,-25,7,16,-3.5
1651814804,-23,3,13,-1.5
1651814806,-21,9,10,-1.5
1651814808,-25,10,16,3.0
1651814810,-76,10,5804,2894.0
1651814812,-26,10,18,-2893.0
1651814814,-24,9,15,-1.5
1651814816,-24,9,15,0.0
1651814818,-22,6,12,-1.5
1651814820,-24,6,15,1.5
1651814822,-22,11,12,-1.5
1651814824,-25,11,16,2.0
1651814826,-22,11,12,-2.0
1651814828,-26,11,18,3.0
1651814830,-25,13,16,-1.0
1651814832,-25,11,16,0.0
1651814834,-23,13,13,-1.5
1651814836,-22,4,12,-0.5
1651814838,-23,12,13,0.5
1651814840,-24,7,15,1.0
1651814842,-24,12,15,0.0
1651814844,-24,12,15,0.0
1651814846,-23,12,13,-1.0
1651814848,-24,12,15,1.0
1651814850,-25,3,16,0.5
1651814852,-27,6,21,2.5
1651814854,-23,6,13,-4.0
1651814856,-24,7,15,1.0
1651814858,-24,12,15,0.0
1651814860,-24,14,15,0.0
1651814862,-23,14,13,-1.0
1651814864,-22,5,12,-0.5
1651814866,-23,14,13,0.5
1651814868,-25,14,16,1.5
1651814870,-24,14,15,-0.5
1651814872,-24,14,15,0.0
1651814874,-26,14,18,1.5
1651814876,-23,14,13,-2.5
1651814878,-25,14,16,1.5
1651814880,-23,14,13,-1.5
1651814882,-24,7,15,1.0
1651814884,-25,15,16,0.5
1651814886,-24,12,15,-0.5
1651814888,-24,12,15,0.0
1651814890,-24,12,15,0.0
1651814892,-23,14,13,-1.0
1651814894,-23,14,13,0.0
1651814896,-23,14,13,0.0
1651814898,-25,14,16,1.5
1651814900,-24,14,15,-0.5
1651814902,-26,11,18,1.5
1651814904,-24,14,15,-1.5
1651814906,-26,14,18,1.5
1651814908,-25,14,16,-1.0
1651814910,-23,14,13,-1.5
1651814912,-24,14,15,1.0
1651814914,-24,7,15,0.0
1651814916,-21,12,10,-2.5
1651814918,-25,12,16,3.0
1651814920,-26,5,18,1.0
1651814922,-24,10,15,-1.5
1651814924,-24,14,15,0.0
1651814926,-24,13,15,0.0
1651814928,-22,12,12,-1.5
1651814930,-23,7,13,0.5
1651814932,-18,7,7,-3.0
1651814934,-11,7,3,-2.0
1651814936,-24,7,15,6.0
1651814938,-23,13,13,-1.0
1651814940,-24,13,15,1.0
1651814942,-23,12,13,-1.0
1651814944,-25,12,16,1.5
1651814946,-24,12,15,-0.5
1651814948,-23,15,13,-1.0
1651814950,-25,14,16,1.5
1651814952,-26,7,18,1.0
1651814954,-24,12,15,-1.5
1651814956,-24,12,15,0.0
1651814958,-25,13,16,0.5
1651814960,-23,13,13,-1.5
1651814962,-24,6,15,1.0
1651814964,-25,7,16,0.5
1651814966,-25,7,16,0.0
1651814968,-24,7,15,-0.5
1651814970,-25,7,16,0.5
1651814972,-24,7,15,-0.5
1651814974,-24,10,15,0.0
1651814976,-21,15,10,-2.5
1651814978,-24,7,15,2.5
1651814980,-25,7,16,0.5
1651814982,-26,14,18,1.0
1651814984,-24,14,15,-1.5
1651814986,-26,14,18,1.5
1651814988,-23,14,13,-2.5
1651814990,-25,14,16,1.5
1651814992,-24,14,15,-0.5
1651814994,-24,14,15,0.0
1651814996,-24,14,15,0.0
1651814998,-26,5,18,1.5
1651815000,-24,5,15,-1.5
1651815002,-24,5,15,0.0
1651815004,-25,5,16,0.5
1651815006,-24,5,15,-0.5
1651815008,-25,5,16,0.5
1651815010,-23,5,13,-1.5
1651815012,-24,5,15,1.0
1651815014,-24,12,15,0.0
1651815016,-25,12,16,0.5
1651815018,-23,12,13,-1.5
1651815020,-24,12,15,1.0
1651815022,-23,12,13,-1.0
1651815024,-22,12,12,-0.5
1651815026,-23,12,13,0.5
1651815028,-22,12,12,-0.5
1651815030,-24,12,15,1.5
1651815032,-25,12,16,0.5
1651815034,-26,12,18,1.0
1651815036,-23,7,13,-2.5
1651815038,-25,7,16,1.5
1651815040,-25,7,16,0.0
1651815042,-24,7,15,-0.5
1651815044,-26,15,18,1.5
1651815046,-25,12,16,-1.0
1651815048,-25,7,16,0.0
1651815050,-23,7,13,-1.5
1651815052,-24,6,15,1.0
1651815054,-25,12,16,0.5
1651815056,-22,6,12,-2.0
1651815058,-18,9,7,-2.5
1651815060,-20,4,9,1.0
1651815062,-25,2,16,3.5
1651815064,-21,3,10,-3.0
1651815066,-25,3,16,3.0
1651815068,-25,11,16,0.0
1651815070,-24,2,15,-0.5
1651815072,-24,10,15,0.0
1651815074,-24,9,15,0.0
1651815076,-22,2,12,-1.5
1651815078,-25,2,16,2.0
1651815080,-24,2,15,-0.5
1651815082,-24,2,15,0.0
1651815084,-23,2,13,-1.0
1651815086,-23,2,13,0.0
1651815088,-24,2,15,1.0
1651815090,-23,2,13,-1.0
1651815092,-23,2,13,0.0
1651815094,-23,2,13,0.0
1651815096,-18,2,7,-3.0
1651815098,-18,2,7,0.0
1651815100,-23,2,13,3.0
1651815102,-24,2,15,1.0
1651815104,-22,2,12,-1.5
1651815106,-24,2,15,1.5
1651815108,-24,2,15,0.0
1651815110,-26,2,18,1.5
1651815112,-24,2,15,-1.5
1651815114,-24,2,15,0.0
1651815116,-24,2,15,0.0
1651815118,-13,2,4,-5.5
1651815120,-21,2,10,3.0
1651815122,-20,2,9,-0.5
1651815124,-24,2,15,3.0
1651815126,-23,2,13,-1.0
1651815128,-22,2,12,-0.5
1651815130,-22,2,12,0.0
1651815132,-23,2,13,0.5
1651815134,-17,2,7,-3.0
1651815136,-24,2,15,4.0
1651815138,-23,2,13,-1.0
1651815140,-24,2,15,1.0
1651815142,-25,2,16,0.5
1651815144,-25,2,16,0.0
1651815146,-24,2,15,-0.5
1651815148,-24,2,15,0.0
1651815150,-24,2,15,0.0
1651815152,-25,2,16,0.5
1651815154,-19,2,8,-4.0
1651815156,-20,2,9,0.5
1651815158,-24,2,15,3.0
1651815160,-26,2,18,1.5
1651815162,-23,2,13,-2.5
1651815164,-24,2,15,1.0
1651815166,-24,2,15,0.0
1651815168,-25,2,16,0.5
1651815170,-23,2,13,-1.5
1651815172,-21,5,10,-1.5
1651815174,-24,2,15,2.5
1651815176,-23,2,13,-1.0
1651815178,-24,1,15,1.0
1651815180,-21,1,10,-2.5
1651815182,-20,4,9,-0.5
1651815184,-25,2,16,3.5
1651815186,-23,1,13,-1.5
1651815188,-23,1,13,0.0
1651815190,-23,1,13,0.0
1651815192,-25,1,16,1.5
1651815194,-22,6,12,-2.0
1651815196,-22,1,12,0.0
1651815198,-22,1,12,0.0
1651815200,-22,1,12,0.0
1651815202,-19,2,8,-2.0
1651815204,-18,4,7,-0.5
1651815206,-21,4,10,1.5
1651815208,-23,4,13,1.5
1651815210,-23,4,13,0.0
1651815212,-23,4,13,0.0
1651815214,-22,4,12,-0.5
1651815216,-22,4,12,0.0
1651815218,-22,4,12,0.0
1651815220,-23,9,13,0.5
1651815222,-23,3,13,0.0
1651815224,-22,3,12,-0.5
1651815226,-23,3,13,0.5
1651815228,-18,9,7,-3.0
1651815230,-22,2,12,2.5
1651815232,-21,2,10,-1.0
1651815234,-21,2,10,0.0
1651815236,-22,2,12,1.0
1651815238,-22,13,12,0.0
1651815240,-22,9,12,0.0
1651815242,-20,9,9,-1.5
1651815244,-22,9,12,1.5
1651815246,-23,9,13,0.5
1651815248,-23,9,13,0.0
1651815250,-22,9,12,-0.5
1651815252,-22,9,12,0.0
1651815254,-24,2,15,1.5
1651815256,-20,9,9,-3.0
1651815258,-20,9,9,0.0
1651815260,-25,9,16,3.5
1651815262,-21,9,10,-3.0
1651815264,-20,2,9,-0.5
1651815266,-23,2,13,2.0
1651815268,-21,2,10,-1.5
1651815270,-21,2,10,0.0
1651815272,-22,2,12,1.0
1651815274,-22,2,12,0.0
1651815276,-21,2,10,-1.0
1651815278,-20,9,9,-0.5
1651815280,-17,2,7,-1.0
1651815282,-19,9,8,0.5
1651815284,-22,9,12,2.0
1651815286,-22,9,12,0.0
1651815288,-22,9,12,0.0
1651815290,-21,9,10,-1.0
1651815292,-22,9,12,1.0
1651815294,-22,9,12,0.0
1651815296,-18,2,7,-2.5
1651815298,-19,2,8,0.5
1651815300,-18,9,7,-0.5
1651815302,-18,9,7,0.0
1651815304,-18,9,7,0.0
1651815306,-22,9,12,2.5
1651815308,-24,9,15,1.5
1651815310,-23,14,13,-1.0
1651815312,-23,9,13,0.0
1651815314,-24,9,15,1.0
1651815316,-21,9,10,-2.5
1651815318,-22,9,12,1.0
1651815320,-21,15,10,-1.0
1651815322,-23,9,13,1.5
1651815324,-22,2,12,-0.5
1651815326,-21,2,10,-1.0
1651815328,-23,2,13,1.5
1651815330,-23,9,13,0.0
1651815332,-22,9,12,-0.5
1651815334,-21,9,10,-1.0
1651815336,-21,9,10,0.0
1651815338,-21,9,10,0.0
1651815340,-21,9,10,0.0
1651815343,-21,9,10,0.0
1651815345,-22,9,12,1.0
1651815347,-21,9,10,-1.0
1651815349,-22,9,12,1.0
1651815351,-23,9,13,0.5
1651815353,-22,9,12,-0.5
1651815355,-23,9,13,0.5
1651815357,-23,9,13,0.0
1651815359,-23,9,13,0.0
1651815361,-23,2,13,0.0
1651815363,-23,9,13,0.0
1651815365,-23,9,13,0.0
1651815367,-22,9,12,-0.5
1651815369,-22,9,12,0.0
1651815371,-23,9,13,0.5
1651815373,-21,2,10,-1.5
1651815375,-23,2,13,1.5
1651815377,-23,2,13,0.0
1651815379,-20,11,9,-2.0
1651815381,-21,1,10,0.5
1651815383,-23,8,13,1.5
1651815385,-21,8,10,-1.5
1651815387,-22,9,12,1.0
1651815389,-18,2,7,-2.5
1651815391,-22,1,12,2.5
1651815393,-23,1,13,0.5
1651815395,-24,1,15,1.0
1651815397,-23,1,13,-1.0
1651815399,-22,1,12,-0.5
1651815401,-23,1,13,0.5
1651815403,-23,1,13,0.0
1651815405,-24,1,15,1.0
1651815407,-23,6,13,-1.0
1651815409,-24,1,15,1.0
1651815411,-22,1,12,-1.5
1651815413,-18,1,7,-2.5
1651815415,-22,10,12,2.5
1651815417,-22,10,12,0.0
1651815419,-22,10,12,0.0
1651815421,-23,10,13,0.5
1651815423,-24,3,15,1.0
1651815425,-23,11,13,-1.0
1651815427,-24,3,15,1.0
1651815429,-24,3,15,0.0
1651815431,-23,4,13,-1.0
1651815433,-23,4,13,0.0
1651815435,-23,4,13,0.0
1651815437,-23,3,13,0.0
1651815439,-24,9,15,1.0
1651815441,-23,4,13,-1.0
1651815443,-23,4,13,0.0
1651815445,-24,4,15,1.0
1651815447,-24,6,15,0.0
1651815449,-24,4,15,0.0
1651815451,-23,3,13,-1.0
1651815453,-23,4,13,0.0
1651815455,-23,4,13,0.0
1651815457,-24,3,15,1.0
1651815459,-22,3,12,-1.5
1651815461,-23,3,13,0.5
1651815463,-21,3,10,-1.5
1651815465,-23,3,13,1.5
1651815467,-20,9,9,-2.0
1651815469,-28,4,23,7.0
1651815471,-27,9,21,-1.0
1651815473,-20,9,9,-6.0
1651815475,-31,4,33,12.0
1651815477,-23,11,13,-10.0
1651815479,-25,4,16,1.5
1651815481,-25,10,16,0.0
1651815483,-23,10,13,-1.5
1651815485,-27,10,21,4.0
1651815487,-23,10,13,-4.0
1651815489,-26,9,18,2.5
1651815491,-25,9,16,-1.0
1651815493,-22,3,12,-2.0
1651815495,-25,3,16,2.0
1651815497,-23,11,13,-1.5
1651815499,-24,11,15,1.0
1651815501,-25,11,16,0.5
1651815503,-25,11,16,0.0
1651815505,-23,11,13,-1.5
1651815507,-24,4,15,1.0
1651815509,-25,4,16,0.5
1651815511,-26,4,18,1.0
1651815513,-24,2,15,-1.5
1651815515,-26,9,18,1.5
1651815517,-24,4,15,-1.5
1651815519,-24,4,15,0.0
1651815521,-23,4,13,-1.0
1651815523,-22,4,12,-0.5
1651815525,-27,4,21,4.5
1651815527,-26,4,18,-1.5
1651815529,-23,9,13,-2.5
1651815531,-24,3,15,1.0
1651815533,-23,1,13,-1.0
1651815535,-24,2,15,1.0
1651815537,-24,2,15,0.0
1651815539,-24,1,15,0.0
1651815541,-24,8,15,0.0
1651815543,-23,8,13,-1.0
1651815545,-21,8,10,-1.5
1651815547,-24,2,15,2.5
1651815549,-24,2,15,0.0
1651815551,-24,7,15,0.0
1651815553,-25,2,16,0.5
1651815555,-24,2,15,-0.5
1651815557,-24,2,15,0.0
1651815559,-24,2,15,0.0
1651815561,-25,2,16,0.5
1651815563,-23,3,13,-1.5
1651815565,-25,3,16,1.5
1651815567,-24,3,15,-0.5
1651815569,-23,3,13,-1.0
1651815571,-23,3,13,0.0
1651815573,-24,3,15,1.0
1651815575,-25,4,16,0.5
1651815577,-24,4,15,-0.5
1651815579,-23,4,13,-1.0
1651815581,-16,3,6,-3.5
1651815583,-25,4,16,5.0
1651815585,-25,4,16,0.0
1651815587,-25,4,16,0.0
1651815589,-17,6,7,-4.5
1651815591,-26,4,18,5.5
1651815593,-25,4,16,-1.0
1651815595,-24,2,15,-0.5
1651815597,-21,2,10,-2.5
1651815599,-22,2,12,1.0
1651815601,-24,2,15,1.5
1651815603,-23,2,13,-1.0
1651815605,-23,2,13,0.0
1651815607,-22,2,12,-0.5
1651815609,-24,2,15,1.5
1651815611,-25,2,16,0.5
1651815613,-24,2,15,-0.5
1651815615,-24,2,15,0.0
1651815617,-23,2,13,-1.0
1651815619,-24,7,15,1.0
1651815621,-24,7,15,0.0
1651815623,-22,7,12,-1.5
1651815625,-24,7,15,1.5
1651815627,-21,11,10,-2.5
1651815629,-21,11,10,0.0
1651815631,-25,11,16,3.0
1651815633,-24,14,15,-0.5
1651815635,-23,11,13,-1.0
1651815637,-23,11,13,0.0
1651815639,-23,11,13,0.0
1651815641,-23,11,13,0.0
1651815643,-23,11,13,0.0
1651815645,-19,2,8,-2.5
1651815647,-19,2,8,0.0
1651815649,-22,0,12,2.0
1651815651,-22,9,12,0.0
1651815653,-22,9,12,0.0
1651815655,-11,9,3,-4.5
1651815657,-10,9,3,0.0
1651815659,-7,2,2,-0.5
1651815661,-9,2,3,0.5
1651815663,-9,2,3,0.0
1651815665,-11,2,3,0.0
1651815667,-19,2,8,2.5
1651815669,-21,10,10,1.0
1651815671,-23,10,13,1.5
1651815673,-23,12,13,0.0
1651815675,-24,10,15,1.0
1651815677,-24,10,15,0.0
1651815679,-25,10,16,0.5
1651815681,-24,10,15,-0.5
1651815683,-23,10,13,-1.0
1651815685,-23,10,13,0.0
1651815687,-22,10,12,-0.5
1651815689,-22,10,12,0.0
1651815691,-22,10,12,0.0
1651815693,-23,12,13,0.5
1651815695,-23,12,13,0.0
1651815697,-22,12,12,-0.5
1651815699,-23,12,13,0.5
1651815701,-23,12,13,0.0
1651815703,-23,12,13,0.0
1651815705,-23,12,13,0.0
1651815707,-25,12,16,1.5
1651815709,-23,12,13,-1.5
1651815711,-23,12,13,0.0
1651815713,-22,10,12,-0.5
1651815715,-24,10,15,1.5
1651815717,-23,10,13,-1.0
1651815719,-23,10,13,0.0
1651815721,-21,10,10,-1.5
1651815723,-22,10,12,1.0
1651815725,-24,10,15,1.5
1651815727,-23,12,13,-1.0
1651815729,-22,4,12,-0.5
1651815731,-23,4,13,0.5
1651815733,-22,2,12,-0.5
1651815735,-24,2,15,1.5
1651815737,-23,2,13,-1.0
1651815739,-24,2,15,1.0
1651815741,-18,5,7,-4.0
1651815743,-24,3,15,4.0
1651815745,-25,3,16,0.5
1651815747,-24,2,15,-0.5
1651815749,-24,2,15,0.0
1651815751,-22,2,12,-1.5
1651815753,-22,2,12,0.0
1651815755,-22,2,12,0.0
1651815757,-24,2,15,1.5
1651815759,-22,2,12,-1.5
1651815761,-24,2,15,1.5
1651815763,-24,8,15,0.0
1651815765,-25,2,16,0.5
1651815767,-23,9,13,-1.5
1651815769,-21,9,10,-1.5
1651815771,-23,9,13,1.5
1651815773,-24,9,15,1.0
1651815775,-23,9,13,-1.0
1651815777,-21,9,10,-1.5
1651815779,-24,9,15,2.5
1651815781,-18,6,7,-4.0
1651815783,-23,12,13,3.0
1651815785,-23,12,13,0.0
1651815787,-22,12,12,-0.5
1651815789,-23,12,13,0.5
1651815791,-18,1,7,-3.0
1651815793,-20,3,9,1.0
1651815795,-20,0,9,0.0
1651815797,-19,0,8,-0.5
1651815799,-19,1,8,0.0
1651815801,-20,8,9,0.5
1651815803,-19,1,8,-0.5
1651815805,-19,2,8,0.0
1651815807,-19,2,8,0.0
1651815809,-23,2,13,2.5
1651815811,-18,2,7,-3.0
1651815813,-22,2,12,2.5
1651815815,-19,2,8,-2.0
1651815817,-21,2,10,1.0
1651815819,-19,8,8,-1.0
1651815821,-20,1,9,0.5
1651815823,-18,1,7,-1.0
1651815825,-18,1,7,0.0
1651815827,-18,1,7,0.0
1651815829,-20,1,9,1.0
1651815831,-19,3,8,-0.5
1651815833,-17,1,7,-0.5
1651815835,-17,2,7,0.0
1651815837,-21,2,10,1.5
1651815839,-23,2,13,1.5
1651815841,-22,2,12,-0.5
1651815843,-22,2,12,0.0
1651815845,-19,3,8,-2.0
1651815847,-19,2,8,0.0
1651815849,-22,2,12,2.0
1651815851,-23,2,13,0.5
1651815853,-19,2,8,-2.5
1651815855,-19,2,8,0.0
1651815857,-20,2,9,0.5
1651815859,-19,2,8,-0.5
1651815861,-19,2,8,0.0
1651815863,-22,2,12,2.0
1651815865,-23,2,13,0.5
1651815867,-20,2,9,-2.0
1651815869,-23,2,13,2.0
1651815871,-22,2,12,-0.5
1651815873,-23,2,13,0.5
1651815875,-21,2,10,-1.5
1651815877,-24,9,15,2.5
1651815879,-24,0,15,0.0
1651815881,-24,0,15,0.0
1651815883,-24,0,15,0.0
1651815885,-24,0,15,0.0
1651815887,-24,0,15,0.0
1651815889,-24,0,15,0.0
1651815891,-24,0,15,0.0
1651815893,-24,0,15,0.0
1651815895,-24,0,15,0.0
1651815897,-24,0,15,0.0
1651815899,-24,0,15,0.0
1651815901,-24,0,15,0.0
1651815903,-24,0,15,0.0
1651832596,-23,0,13,-0.0
1651832598,-21,1,10,-1.5
1651832600,-22,1,12,1.0
1651832602,-23,0,13,0.5
1651832604,-22,0,12,-0.5
1651832606,-21,0,10,-1.0
1651832608,-22,0,12,1.0
1651832610,-20,0,9,-1.5
1651832612,-26,11,18,4.5
1651832614,-28,11,23,2.5
1651832616,-26,3,18,-2.5
1651832618,-32,3,37,9.5
1651832620,-32,12,37,0.0
1651832622,-25,3,16,-10.5
1651832624,-28,4,23,3.5
1651832626,-27,4,21,-1.0
1651832628,-26,4,18,-1.5
1651832630,-29,4,26,4.0
1651832632,-32,4,37,5.5
1651832634,-30,14,29,-4.0
1651832636,-29,4,26,-1.5
1651832638,-28,6,23,-1.5
1651832640,-30,6,29,3.0
1651832642,-27,6,21,-4.0
1651832644,-28,6,23,1.0
1651832646,-20,4,9,-7.0
1651832648,-32,6,37,14.0
1651832650,-27,4,21,-8.0
1651832652,-29,3,26,2.5
1651832654,-28,4,23,-1.5
1651832656,-27,3,21,-1.0
1651832658,-29,3,26,2.5
1651832660,-29,9,26,0.0
1651832662,-29,9,26,0.0
1651832664,-29,0,26,0.0
1651832666,-28,9,23,-1.5
1651832668,-29,9,26,1.5
1651832670,-27,9,21,-2.5
1651832672,-29,9,26,2.5
1651832674,-28,9,23,-1.5
1651832676,-28,7,23,0.0
1651832678,-30,3,29,3.0
1651832680,-27,3,21,-4.0
1651832682,-29,3,26,2.5
1651832684,-28,3,23,-1.5
1651832686,-28,3,23,0.0
1651832688,-27,4,21,-1.0
1651832690,-29,4,26,2.5
1651832692,-29,4,26,0.0
1651832694,-27,4,21,-2.5
1651832696,-30,4,29,4.0
1651832698,-27,11,21,-4.0
1651832700,-29,11,26,2.5
1651832702,-27,11,21,-2.5
1651832704,-25,3,16,-2.5
1651832706,-26,11,18,1.0
1651832708,-27,11,21,1.5
1651832710,-28,3,23,1.0
1651832712,-28,3,23,0.0
1651832714,-28,4,23,0.0
1651832716,-27,4,21,-1.0
1651832718,-27,2,21,0.0
1651832720,-29,4,26,2.5
1651832722,-29,4,26,0.0
1651832724,-28,10,23,-1.5
1651832726,-28,4,23,0.0
1651832728,-27,4,21,-1.0
1651832730,-27,10,21,0.0
1651832732,-28,10,23,1.0
1651832734,-28,10,23,0.0
1651832736,-27,3,21,-1.0
1651832738,-28,2,23,1.0
1651832740,-30,3,29,3.0
1651832742,-28,2,23,-3.0
1651832744,-28,2,23,0.0
1651832746,-28,5,23,0.0
1651832748,-29,5,26,1.5
1651832750,-26,2,18,-4.0
1651832752,-28,3,23,2.5
1651832754,-28,3,23,0.0
1651832756,-29,2,26,1.5
1651832758,-28,15,23,-1.5
1651832760,-29,15,26,1.5
1651832762,-30,2,29,1.5
1651832764,-29,7,26,-1.5
1651832766,-24,7,15,-5.5
1651832768,-28,7,23,4.0
1651832770,-28,7,23,0.0
1651832772,-29,15,26,1.5
1651832774,-29,7,26,0.0
1651832776,-27,7,21,-2.5
1651832778,-29,7,26,2.5
1651832780,-29,7,26,0.0
1651832782,-23,7,13,-6.5
1651832784,-24,7,15,1.0
1651832786,-30,7,29,7.0
1651832788,-31,7,33,2.0
1651832790,-28,9,23,-5.0
1651832792,-28,7,23,0.0
1651832794,-29,7,26,1.5
1651832796,-28,7,23,-1.5
1651832798,-33,7,41,9.0
1651832800,-28,7,23,-9.0
1651832802,-30,7,29,3.0
1651832804,-29,7,26,-1.5
1651832806,-30,7,29,1.5
1651832808,-28,7,23,-3.0
1651832810,-27,7,21,-1.0
1651832812,-28,7,23,1.0
1651832814,-28,7,23,0.0
1651832816,-28,7,23,0.0
1651832818,-27,7,21,-1.0
1651832820,-29,5,26,2.5
1651832822,-28,7,23,-1.5
1651832824,-27,7,21,-1.0
1651832826,-27,4,21,0.0
1651832828,-28,4,23,1.0
1651832830,-28,7,23,0.0
1651832832,-27,14,21,-1.0
1651832834,-27,7,21,0.0
1651832836,-27,6,21,0.0
1651832838,-26,6,18,-1.5
1651832840,-28,15,23,2.5
1651832842,-28,15,23,0.0
1651832844,-28,7,23,0.0
1651832846,-28,9,23,0.0
1651832848,-29,4,26,1.5
1651832850,-25,4,16,-5.0
1651832852,-25,4,16,0.0
1651832854,-22,4,12,-2.0
1651832856,-25,4,16,2.0
1651832858,-30,15,29,6.5
1651832860,-28,14,23,-3.0
1651832862,-30,9,29,3.0
1651832864,-24,9,15,-7.0
1651832866,-31,9,33,9.0
1651832868,-24,8,15,-9.0
1651832870,-26,8,18,1.5
1651832872,-24,1,15,-1.5
1651832874,-26,8,18,1.5
1651832876,-26,9,18,0.0
1651832878,-33,9,41,11.5
1651832880,-28,14,23,-9.0
1651832882,-31,9,33,5.0
1651832884,-27,9,21,-6.0
1651832886,-29,9,26,2.5
1651832888,-27,9,21,-2.5
1651832890,-25,12,16,-2.5
1651832892,-28,2,23,3.5
1651832894,-28,9,23,0.0
1651832896,-26,9,18,-2.5
1651832898,-27,9,21,1.5
1651832900,-31,2,33,6.0
1651832902,-34,2,46,6.5
1651832904,-25,2,16,-15.0
1651832906,-28,2,23,3.5
1651832908,-28,2,23,0.0
1651832910,-27,2,21,-1.0
1651832912,-28,2,23,1.0
1651832914,-21,2,10,-6.5
1651832916,-31,2,33,11.5
1651832918,-29,2,26,-3.5
1651832920,-31,2,33,3.5
1651832922,-29,2,26,-3.5
1651832924,-30,9,29,1.5
1651832926,-25,9,16,-6.5
1651832928,-29,9,26,5.0
1651832930,-29,15,26,0.0
1651832932,-29,15,26,0.0
1651832934,-28,15,23,-1.5
1651832936,-27,15,21,-1.0
1651832938,-30,15,29,4.0
1651832940,-28,15,23,-3.0
1651832942,-29,15,26,1.5
1651832944,-26,15,18,-4.0
1651832946,-29,15,26,4.0
1651832948,-27,15,21,-2.5
1651832950,-28,15,23,1.0
1651832952,-25,15,16,-3.5
1651832954,-28,15,23,3.5
1651832956,-33,15,41,9.0
1651832958,-28,15,23,-9.0
1651832960,-30,15,29,3.0
1651832962,-28,15,23,-3.0
1651832964,-28,15,23,0.0
1651832966,-27,15,21,-1.0
1651832968,-28,15,23,1.0
1651832970,-27,15,21,-1.0
1651832972,-29,15,26,2.5
1651832974,-29,15,26,0.0
1651832976,-29,14,26,0.0
1651832978,-28,13,23,-1.5
1651832980,-29,15,26,1.5
1651832982,-28,15,23,-1.5
1651832984,-27,6,21,-1.0
1651832986,-30,6,29,4.0
1651832988,-28,6,23,-3.0
1651832990,-28,11,23,0.0
1651832992,-31,11,33,5.0
1651832994,-28,11,23,-5.0
1651832996,-28,7,23,0.0
1651832998,-28,7,23,0.0
1651833000,-29,7,26,1.5
1651833002,-27,7,21,-2.5
1651833004,-26,7,18,-1.5
1651833006,-31,7,33,7.5
1651833008,-27,7,21,-6.0
1651833010,-29,7,26,2.5
1651833012,-28,7,23,-1.5
1651833014,-27,7,21,-1.0
1651833016,-29,7,26,2.5
1651833018,-27,12,21,-2.5
1651833020,-28,12,23,1.0
1651833022,-30,15,29,3.0
1651833024,-29,12,26,-1.5
1651833026,-29,12,26,0.0
1651833028,-30,12,29,1.5
1651833030,-29,12,26,-1.5
1651833032,-26,12,18,-4.0
1651833034,-28,11,23,2.5
1651833036,-26,10,18,-2.5
1651833038,-30,7,29,5.5
1651833040,-28,14,23,-3.0
1651833042,-31,7,33,5.0
1651833044,-24,7,15,-9.0
1651833046,-30,7,29,7.0
1651833048,-28,7,23,-3.0
1651833050,-26,7,18,-2.5
1651833052,-27,15,21,1.5
1651833054,-27,7,21,0.0
1651833056,-26,15,18,-1.5
1651833058,-21,15,10,-4.0
1651833060,-29,15,26,8.0
1651833062,-31,15,33,3.5
1651833064,-28,15,23,-5.0
1651833066,-28,15,23,0.0
1651833068,-28,15,23,0.0
1651833070,-28,15,23,0.0
1651833072,-28,4,23,0.0
1651833074,-28,11,23,0.0
1651833076,-28,6,23,0.0
1651833078,-28,0,23,0.0
1651833080,-28,0,23,0.0
1651833082,-28,0,23,0.0
1651833084,-28,0,23,0.0
1651833086,-28,11,23,0.0
1651833088,-28,0,23,0.0
1651833090,-28,0,23,0.0
1651833092,-28,0,23,0.0
1651833094,-28,0,23,0.0
1651833096,-28,0,23,0.0
1651833098,-28,0,23,0.0
1651833100,-28,0,23,0.0
1651833102,-28,0,23,0.0
1651833104,-28,0,23,0.0
1651833106,-28,0,23,0.0
1651833108,-28,0,23,0.0
1651833110,-28,0,23,0.0
1651833112,-28,0,23,0.0
1651833114,-28,0,23,0.0
1651833116,-28,0,23,0.0
1651833118,-28,0,23,0.0
1651833120,-28,0,23,0.0
1651833122,-28,0,23,0.0
1651833124,-28,0,23,0.0
1651833126,-28,0,23,0.0
1651833128,-28,0,23,0.0
1651833130,-28,0,23,0.0
1651833132,-28,0,23,0.0
1651833134,-28,0,23,0.0
1651833136,-28,0,23,0.0
1651833138,-28,0,23,0.0
1651833140,-28,0,23,0.0
1651833142,-28,0,23,0.0
1651833144,-28,0,23,0.0
1651833146,-28,0,23,0.0
1651833148,-28,0,23,0.0
1651833150,-28,0,23,0.0
1651833152,-28,0,23,0.0
1651833154,-28,0,23,0.0
1651833156,-28,0,23,0.0
1651833158,-28,0,23,0.0
1651833160,-28,0,23,0.0
1651833162,-28,0,23,0.0
1651833164,-28,0,23,0.0
1651833166,-28,0,23,0.0
1651833168,-28,0,23,0.0
1651833170,-28,0,23,0.0
1651833172,-28,0,23,0.0
1651833174,-28,0,23,0.0
1651833176,-28,0,23,0.0
1651833178,-28,0,23,0.0
1651833180,-28,0,23,0.0
1651833182,-28,0,23,0.0
1651833184,-28,0,23,0.0
1651833186,-28,0,23,0.0
1651833188,-28,0,23,0.0
1651833190,-28,0,23,0.0
1651833192,-28,0,23,0.0
1651833194,-28,0,23,0.0
1651833196,-28,0,23,0.0
1651833198,-28,0,23,0.0
1651833200,-28,0,23,0.0
1651833202,-28,0,23,0.0
1651833204,-28,0,23,0.0
1651833206,-28,0,23,0.0
1651833208,-28,0,23,0.0
1651833210,-28,0,23,0.0
1651833212,-28,0,23,0.0
1651833214,-28,0,23,0.0
1651833216,-28,0,23,0.0
1651833218,-28,0,23,0.0
1651833220,-28,0,23,0.0
1651833222,-28,0,23,0.0
1651833224,-28,0,23,0.0
1651833226,-28,0,23,0.0
1651833228,-28,0,23,0.0
1651833230,-28,0,23,0.0
1651833232,-28,0,23,0.0
1651833234,-28,0,23,0.0
1651833236,-28,0,23,0.0
1651833238,-28,0,23,0.0
1651833240,-28,0,23,0.0
1651833242,-28,0,23,0.0
1651833244,-28,0,23,0.0
1651833246,-28,0,23,0.0
1651833248,-28,0,23,0.0
1651833250,-28,0,23,0.0
1651833252,-28,0,23,0.0
1651833254,-28,0,23,0.0
1651833256,-28,0,23,0.0
1651833258,-28,0,23,0.0
1651833260,-28,0,23,0.0
1651833262,-28,0,23,0.0
1651833264,-28,0,23,0.0
1651833266,-28,0,23,0.0
1651833268,-28,0,23,0.0
1651833270,-28,0,23,0.0
1651833272,-28,0,23,0.0
1651833274,-28,0,23,0.0
1651833276,-28,0,23,0.0
1651833278,-28,0,23,0.0
1651833280,-28,0,23,0.0
1651833282,-28,0,23,0.0
1651833284,-28,0,23,0.0
1651833286,-28,0,23,0.0
1651833288,-28,0,23,0.0
1651833290,-28,0,23,0.0
1651833292,-28,0,23,0.0
1651833294,-28,0,23,0.0
1651833296,-28,0,23,0.0
1651833298,-28,0,23,0.0
1651833300,-28,0,23,0.0
1651833302,-28,0,23,0.0
1651833304,-28,0,23,0.0
1651833306,-28,0,23,0.0
1651833308,-28,0,23,0.0
1651833310,-28,0,23,0.0
1651833312,-28,0,23,0.0
1651833314,-28,0,23,0.0
1651833316,-28,0,23,0.0
1651833318,-28,0,23,0.0
1651833320,-28,0,23,0.0
1651833322,-28,0,23,0.0
1651833324,-28,0,23,0.0
1651833326,-28,0,23,0.0
1651833328,-28,0,23,0.0
1651833330,-28,0,23,0.0
1651833332,-28,0,23,0.0
1651833334,-28,0,23,0.0
1651833336,-28,0,23,0.0
1651833338,-28,0,23,0.0
1651833340,-28,0,23,0.0
1651833342,-28,0,23,0.0
1651833344,-28,0,23,0.0
1651833346,-28,0,23,0.0
1651833348,-28,0,23,0.0
1651833350,-28,0,23,0.0
1651833352,-28,0,23,0.0
1651833354,-28,0,23,0.0
1651833356,-28,0,23,0.0
1651833358,-28,0,23,0.0
1651833360,-28,0,23,0.0
1651833362,-28,0,23,0.0
1651833364,-28,0,23,0.0
1651833366,-28,0,23,0.0
1651833368,-28,0,23,0.0
1651833370,-28,0,23,0.0
1651833372,-28,0,23,0.0
1651833374,-28,0,23,0.0
1651833376,-28,0,23,0.0
1651833378,-28,0,23,0.0
1651833380,-28,0,23,0.0
1651833382,-28,0,23,0.0
1651833384,-28,0,23,0.0
1651833386,-28,0,23,0.0
1651833388,-28,0,23,0.0
1651833390,-28,0,23,0.0
1651833392,-28,0,23,0.0
1651833394,-28,0,23,0.0
1651833396,-28,0,23,0.0
1651833398,-28,0,23,0.0
1651833400,-28,0,23,0.0
1651833402,-28,0,23,0.0
1651833404,-28,0,23,0.0
1651833406,-28,0,23,0.0
1651833408,-28,0,23,0.0
1651833410,-28,0,23,0.0
1651833412,-28,0,23,0.0
1651833414,-28,0,23,0.0
1651833416,-28,0,23,0.0
1651833418,-28,0,23,0.0
1651833420,-28,0,23,0.0
1651833422,-28,0,23,0.0
1651833424,-28,0,23,0.0
1651833426,-28,0,23,0.0
1651834956,-25,0,16,-0.0
1651834958,-23,7,13,-1.5
1651834960,-22,7,12,-0.5
1651834962,-24,0,15,1.5
1651834964,-24,2,15,0.0
1651834966,-24,2,15,0.0
1651834968,-25,2,16,0.5
1651834970,-25,2,16,0.0
1651834972,-27,2,21,2.5
1651834974,-27,14,21,0.0
1651834976,-27,14,21,0.0
1651834978,-28,14,23,1.0
1651834980,-31,2,33,5.0
1651834982,-28,2,23,-5.0
1651834984,-27,11,21,-1.0
1651834986,-28,11,23,1.0
1651834988,-30,3,29,3.0
1651834990,-30,11,29,0.0
1651834992,-31,11,33,2.0
1651834994,-29,11,26,-3.5
1651834996,-28,11,23,-1.5
1651834998,-27,11,21,-1.0
1651835000,-28,11,23,1.0
1651835002,-26,11,18,-2.5
1651835004,-27,9,21,1.5
1651835006,-28,12,23,1.0
1651835008,-29,12,26,1.5
1651835010,-28,12,23,-1.5
1651835012,-29,3,26,1.5
1651835014,-27,3,21,-2.5
1651835016,-27,3,21,0.0
1651835018,-27,3,21,0.0
1651835020,-29,3,26,2.5
1651835022,-27,3,21,-2.5
1651835024,-30,3,29,4.0
1651835026,-30,3,29,0.0
1651835028,-28,2,23,-3.0
1651835030,-28,2,23,0.0
1651835032,-27,2,21,-1.0
1651835034,-30,2,29,4.0
1651835036,-28,2,23,-3.0
1651835038,-31,2,33,5.0
1651835040,-27,2,21,-6.0
1651835042,-28,2,23,1.0
1651835044,-28,3,23,0.0
1651835047,-28,2,23,0.0
1651835049,-29,2,26,1.5
1651835051,-27,2,21,-2.5
1651835053,-27,2,21,0.0
1651835055,-27,2,21,0.0
1651835057,-27,2,21,0.0
1651835059,-27,2,21,0.0
1651835061,-27,2,21,0.0
1651835063,-27,2,21,0.0
1651835065,-27,2,21,0.0
1651835067,-27,3,21,0.0
1651835069,-27,1,21,0.0
1651835071,-27,1,21,0.0
1651835073,-27,1,21,0.0
1651835075,-27,1,21,0.0
1651835077,-27,1,21,0.0
1651835079,-27,1,21,0.0
1651835081,-27,1,21,0.0
1651835083,-27,1,21,0.0
1651835085,-27,1,21,0.0
1651835087,-27,1,21,0.0
1651835089,-27,1,21,0.0
1651835091,-27,1,21,0.0
1651835093,-27,1,21,0.0
1651835095,-27,1,21,0.0
1651835097,-27,1,21,0.0
1651835099,-27,1,21,0.0
1651835101,-27,1,21,0.0
1651835103,-27,1,21,0.0
1651835105,-27,1,21,0.0
1651835107,-27,1,21,0.0
1651835109,-27,1,21,0.0
1651835111,-27,1,21,0.0
1651835113,-27,1,21,0.0
1651835115,-27,1,21,0.0
1651835117,-27,1,21,0.0
1651835119,-27,1,21,0.0
1651835121,-27,1,21,0.0
1651835123,-27,1,21,0.0
1651835125,-27,1,21,0.0
1651835127,-27,1,21,0.0
1651835129,-27,1,21,0.0
1651835131,-27,1,21,0.0
1651835133,-27,1,21,0.0
1651835135,-27,1,21,0.0
1651835137,-27,1,21,0.0
1651835139,-27,1,21,0.0
1651835141,-27,1,21,0.0
1651835143,-27,1,21,0.0
1651835145,-27,1,21,0.0
1651835147,-27,1,21,0.0
1651835149,-27,1,21,0.0
1651835151,-27,1,21,0.0
1651835153,-27,1,21,0.0
1651835155,-27,1,21,0.0
1651835157,-27,1,21,0.0
1651835159,-27,1,21,0.0
1651835161,-27,1,21,0.0
1651835163,-27,1,21,0.0
1651835165,-27,1,21,0.0
1651835167,-27,1,21,0.0
1651835169,-27,1,21,0.0
1651835171,-27,1,21,0.0
1651835173,-27,1,21,0.0
1651835175,-27,1,21,0.0
1651835177,-27,1,21,0.0
1651835179,-27,1,21,0.0
1651835181,-27,1,21,0.0
1651835183,-27,1,21,0.0
1651835185,-27,1,21,0.0
1651835187,-27,1,21,0.0
1651835189,-27,1,21,0.0
1651835191,-27,1,21,0.0
1651835193,-27,1,21,0.0
1651835195,-27,1,21,0.0
1651835197,-27,1,21,0.0
1651835199,-27,1,21,0.0
1651835201,-27,1,21,0.0
1651835203,-27,1,21,0.0
1651835205,-27,1,21,0.0
1651835207,-27,1,21,0.0
1651835209,-27,1,21,0.0
1651835211,-27,1,21,0.0
1651835213,-27,1,21,0.0
1651835215,-27,1,21,0.0
1651835217,-27,1,21,0.0
1651835219,-27,1,21,0.0
1651835221,-27,1,21,0.0
1651835223,-27,1,21,0.0
1651835225,-27,1,21,0.0
1651835227,-27,1,21,0.0
1651835229,-27,1,21,0.0
1651835231,-27,1,21,0.0
1651835233,-27,1,21,0.0
1651835235,-27,1,21,0.0
1651835237,-27,1,21,0.0
1651835239,-27,1,21,0.0
1651835241,-27,1,21,0.0
1651835243,-27,1,21,0.0
1651835245,-27,1,21,0.0
1651835247,-27,1,21,0.0
1651835249,-27,1,21,0.0
1651835251,-27,1,21,0.0
1651835253,-27,1,21,0.0
1651835255,-27,1,21,0.0
1651835257,-27,1,21,0.0
1651835259,-27,1,21,0.0
1651835261,-27,1,21,0.0
1651835263,-27,1,21,0.0
1651835265,-27,1,21,0.0
1651835267,-27,1,21,0.0
1651835269,-27,1,21,0.0
1651835271,-27,1,21,0.0
1651835273,-27,1,21,0.0
1651835275,-27,1,21,0.0
1651835277,-27,1,21,0.0
1651835279,-27,1,21,0.0
1651835281,-27,1,21,0.0
1651835283,-27,1,21,0.0
1651835285,-27,1,21,0.0
1651835287,-27,1,21,0.0
1651835289,-27,1,21,0.0
1651835291,-27,1,21,0.0
1651835293,-27,1,21,0.0
1651835295,-27,1,21,0.0
1651835297,-27,1,21,0.0
1651835299,-27,1,21,0.0
1651835301,-27,1,21,0.0
1651835303,-27,1,21,0.0
1651835305,-27,1,21,0.0
1651835307,-27,1,21,0.0
1651835309,-27,1,21,0.0
1651835311,-27,1,21,0.0
1651835313,-27,1,21,0.0
1651835315,-27,1,21,0.0
1651835317,-27,1,21,0.0
1651835319,-27,1,21,0.0
1651835321,-27,1,21,0.0
1651835323,-27,1,21,0.0
1651835325,-27,1,21,0.0
1651835327,-27,1,21,0.0
1651835329,-27,1,21,0.0
1651835331,-27,1,21,0.0
1651835333,-27,1,21,0.0
1651835335,-27,1,21,0.0
1651835337,-27,1,21,0.0
1651835339,-27,1,21,0.0
1651835341,-27,1,21,0.0
1651835343,-27,1,21,0.0
1651835345,-27,1,21,0.0
1651835347,-27,1,21,0.0
1651835349,-27,1,21,0.0
1651835351,-27,1,21,0.0
1651835353,-27,1,21,0.0
1651835355,-27,1,21,0.0
1651835357,-27,1,21,0.0
1651835359,-27,1,21,0.0
1651835361,-27,1,21,0.0
1651835363,-27,1,21,0.0
1651835365,-27,1,21,0.0
1651835367,-27,1,21,0.0
1651835369,-27,1,21,0.0
1651835371,-27,1,21,0.0
1651835373,-27,1,21,0.0
1651835375,-27,1,21,0.0
1651835377,-27,1,21,0.0
1651835379,-27,1,21,0.0
1651835381,-27,1,21,0.0
1651835383,-27,1,21,0.0
1651835385,-27,1,21,0.0
1651835387,-27,1,21,0.0
1651835389,-27,1,21,0.0
1651835391,-27,1,21,0.0
1651835393,-27,1,21,0.0
1651835395,-27,1,21,0.0
1651835397,-27,1,21,0.0
1651835399,-27,1,21,0.0
1651835401,-27,1,21,0.0
1651835403,-27,1,21,0.0
1651835405,-27,1,21,0.0
1651835407,-27,1,21,0.0
1651835409,-27,1,21,0.0
1651835411,-27,1,21,0.0
1651835413,-27,1,21,0.0
1651835415,-27,1,21,0.0
1651835417,-27,1,21,0.0
1651835419,-27,1,21,0.0
1651835421,-27,1,21,0.0
1651835423,-27,1,21,0.0
1651835425,-27,1,21,0.0
1651835427,-27,1,21,0.0
1651835429,-27,1,21,0.0
1651835431,-27,1,21,0.0
1651835433,-27,1,21,0.0
1651835435,-27,1,21,0.0
1651835437,-27,1,21,0.0
1651835439,-27,1,21,0.0
1651835441,-27,1,21,0.0
1651835443,-27,1,21,0.0
1651835445,-27,1,21,0.0
1651835447,-27,1,21,0.0
1651835449,-27,1,21,0.0
1651835451,-27,1,21,0.0
1651835453,-27,1,21,0.0
1651835455,-27,1,21,0.0
1651835457,-27,1,21,0.0
1651835459,-27,1,21,0.0
1651835461,-27,1,21,0.0
1651835463,-27,1,21,0.0
1651835465,-27,1,21,0.0
1651835467,-27,1,21,0.0
1651835469,-27,1,21,0.0
1651835471,-27,1,21,0.0
1651835473,-27,1,21,0.0
1651835475,-27,1,21,0.0
1651835477,-27,1,21,0.0
1651835479,-27,1,21,0.0
1651835481,-27,1,21,0.0
1651835483,-27,1,21,0.0
1651835485,-27,1,21,0.0
1651835487,-27,1,21,0.0
1651835489,-27,1,21,0.0
1651835491,-27,1,21,0.0
1651835493,-27,1,21,0.0
1651835495,-27,1,21,0.0
1651835497,-27,1,21,0.0
1651835499,-27,1,21,0.0
1651835501,-27,1,21,0.0
1651835503,-27,1,21,0.0
1651835505,-27,1,21,0.0
1651835507,-27,1,21,0.0
1651835509,-27,1,21,0.0
1651835511,-27,1,21,0.0
1651835513,-27,1,21,0.0
1651835515,-27,1,21,0.0
1651835517,-27,1,21,0.0
1651835519,-27,1,21,0.0
1651835521,-27,1,21,0.0
1651835523,-27,1,21,0.0
1651835525,-27,1,21,0.0
1651835527,-27,1,21,0.0
1651835529,-27,1,21,0.0
1651835531,-27,1,21,0.0
1651835533,-27,1,21,0.0
1651835535,-27,1,21,0.0
1651835537,-27,1,21,0.0
1651835539,-27,1,21,0.0
1651835541,-27,1,21,0.0
1651835543,-27,1,21,0.0
1651835545,-27,1,21,0.0
1651835547,-27,1,21,0.0
1651835549,-27,1,21,0.0
1651835551,-27,1,21,0.0
1651835553,-27,1,21,0.0
1651835555,-27,1,21,0.0
1651835557,-27,1,21,0.0
1651835559,-27,1,21,0.0
1651835561,-27,1,21,0.0
1651835563,-27,1,21,0.0
1651835565,-27,1,21,0.0
1651835567,-27,1,21,0.0
1651835569,-27,1,21,0.0
1651835571,-27,1,21,0.0
1651835573,-27,9,21,0.0
1651835575,-27,9,21,0.0
1651835577,-27,9,21,0.0
1651835579,-27,9,21,0.0
1651835581,-27,2,21,0.0
1651835583,-27,2,21,0.0
1651835585,-27,2,21,0.0
1651835587,-27,2,21,0.0
1651835589,-27,2,21,0.0
1651835591,-27,2,21,0.0
1651835593,-27,2,21,0.0
1651835595,-27,2,21,0.0
1651835597,-27,2,21,0.0
1651835599,-27,11,21,0.0
1651835601,-27,11,21,0.0
1651835603,-27,11,21,0.0
1651835605,-27,11,21,0.0
1651835607,-27,11,21,0.0
1651835609,-27,11,21,0.0
1651835611,-27,11,21,0.0
1651835613,-27,11,21,0.0
1651835615,-27,11,21,0.0
1651835617,-27,11,21,0.0
1651835619,-27,11,21,0.0
1651835621,-27,11,21,0.0
1651835623,-27,11,21,0.0
1651835625,-27,11,21,0.0
1651835627,-27,11,21,0.0
1651835629,-27,11,21,0.0
1651835631,-27,11,21,0.0
1651835633,-27,11,21,0.0
1651835635,-27,0,21,0.0
1651835637,-27,0,21,0.0
1651835639,-27,0,21,0.0
1651835641,-27,0,21,0.0
1651835643,-27,0,21,0.0
1651835645,-27,0,21,0.0
1651835647,-27,0,21,0.0
1651835649,-27,0,21,0.0
1651835651,-27,0,21,0.0
1651835653,-27,0,21,0.0
1651835655,-27,0,21,0.0
1651835657,-27,0,21,0.0
1651835659,-27,0,21,0.0
1651835661,-27,0,21,0.0
1651835663,-27,0,21,0.0
1651835665,-27,0,21,0.0
1651835667,-27,0,21,0.0
1651835669,-27,0,21,0.0
1651835671,-27,0,21,0.0
1651835673,-27,0,21,0.0
1651835675,-27,0,21,0.0
1651835677,-27,0,21,0.0
1651835679,-27,0,21,0.0
1651835681,-27,0,21,0.0
1651835683,-27,0,21,0.0
1651835685,-27,0,21,0.0
1651835687,-27,0,21,0.0
1651835689,-27,0,21,0.0
1651835691,-27,0,21,0.0
1651835693,-27,0,21,0.0
1651835695,-27,0,21,0.0
1651835697,-27,0,21,0.0
1651835699,-27,0,21,0.0
1651835701,-27,0,21,0.0
1651835703,-27,0,21,0.0
1651835705,-27,0,21,0.0
1651835707,-27,0,21,0.0
1651835709,-27,0,21,0.0
1651835711,-27,0,21,0.0
1651835713,-27,0,21,0.0
1651835715,-27,0,21,0.0
1651837790,-31,13,33,0.0
1651837792,-33,13,41,4.0
1651837794,-35,13,52,5.5
1651837796,-37,13,65,6.5
1651837798,-28,13,23,-21.0
1651837800,-35,13,52,14.5
1651837802,-34,15,46,-3.0
1651837804,-35,15,52,3.0
1651837806,-31,15,33,-9.5
1651837808,-34,13,46,6.5
1651837810,-34,14,46,0.0
1651837812,-31,13,33,-6.5
1651837814,-34,13,46,6.5
1651837816,-39,15,82,18.0
1651837818,-27,14,21,-30.5
1651837820,-39,13,82,30.5
1651837822,-31,15,33,-24.5
1651837824,-33,15,41,4.0
1651837826,-30,14,29,-6.0
1651837828,-31,15,33,2.0
1651837830,-28,12,23,-5.0
1651837832,-37,14,65,21.0
1651837834,-41,15,103,19.0
1651837836,-38,14,73,-15.0
1651837838,-30,14,29,-22.0
1651837840,-33,14,41,6.0
1651837842,-31,15,33,-4.0
1651837844,-29,15,26,-3.5
1651837846,-37,12,65,19.5
1651837848,-32,15,37,-14.0
1651837850,-30,15,29,-4.0
1651837852,-41,15,103,37.0
1651837854,-41,15,103,0.0
1651837856,-32,15,37,-33.0
1651837858,-25,15,16,-10.5
1651837860,-37,15,65,24.5
1651837862,-37,14,65,0.0
1651837864,-32,12,37,-14.0
1651837866,-33,15,41,2.0
1651837868,-29,15,26,-7.5
1651837870,-34,13,46,10.0
1651837872,-29,14,26,-10.0
1651837874,-19,14,8,-9.0
1651837876,-40,14,92,42.0
1651837878,-38,13,73,-9.5
1651837880,-34,13,46,-13.5
1651837882,-39,13,82,18.0
1651837884,-31,13,33,-24.5
1651837886,-34,14,46,6.5
1651837888,-33,14,41,-2.5
1651837890,-33,13,41,0.0
1651837892,-39,15,82,20.5
1651837894,-39,13,82,0.0
1651837896,-34,14,46,-18.0
1651837898,-32,15,37,-4.5
1651837900,-34,15,46,4.5
1651837902,-35,15,52,3.0
1651837904,-35,15,52,0.0
1651837906,-35,13,52,0.0
1651837908,-32,12,37,-7.5
1651837910,-33,15,41,2.0
1651837912,-34,12,46,2.5
1651837914,-33,14,41,-2.5
1651837916,-34,13,46,2.5
1651837918,-37,14,65,9.5
1651837920,-36,15,58,-3.5
1651837922,-37,15,65,3.5
1651837924,-34,15,46,-9.5
1651837926,-42,15,116,35.0
1651837928,-42,13,116,0.0
1651837930,-42,13,116,0.0
1651837932,-34,15,46,-35.0
1651837934,-39,13,82,18.0
1651837936,-31,13,33,-24.5
1651837938,-41,15,103,35.0
1651837940,-34,15,46,-28.5
1651837942,-41,14,103,28.5
1651837944,-35,13,52,-25.5
1651837946,-33,15,41,-5.5
1651837948,-34,14,46,2.5
1651837950,-32,13,37,-4.5
1651837952,-41,12,103,33.0
1651837954,-41,13,103,0.0
1651837956,-34,14,46,-28.5
1651837958,-31,15,33,-6.5
1651837960,-31,13,33,0.0
1651837962,-37,13,65,16.0
1651837964,-34,13,46,-9.5
1651837966,-29,14,26,-10.0
1651837968,-32,14,37,5.5
1651837970,-32,15,37,0.0
1651837972,-34,14,46,4.5
1651837974,-33,12,41,-2.5
1651837976,-37,12,65,12.0
1651837978,-40,14,92,13.5
1651837980,-33,6,41,-25.5
1651837982,-35,12,52,5.5
1651837984,-32,12,37,-7.5
1651837986,-30,12,29,-4.0
1651837988,-31,13,33,2.0
1651837990,-40,13,92,29.5
1651837992,-31,13,33,-29.5
1651837994,-34,13,46,6.5
1651837996,-39,12,82,18.0
1651837998,-31,14,33,-24.5
1651838000,-30,14,29,-2.0
1651838002,-31,15,33,2.0
1651838004,-40,15,92,29.5
1651838006,-32,15,37,-27.5
1651838008,-36,15,58,10.5
1651838010,-34,15,46,-6.0
1651838012,-32,13,37,-4.5
1651838014,-32,14,37,0.0
1651838016,-43,15,130,46.5
1651838018,-36,13,58,-36.0
1651838020,-35,12,52,-3.0
1651838022,-32,14,37,-7.5
1651838024,-33,13,41,2.0
1651838026,-43,15,130,44.5
1651838028,-36,13,58,-36.0
1651838030,-32,14,37,-10.5
1651838032,-34,14,46,4.5
1651838034,-33,14,41,-2.5
1651838036,-43,15,130,44.5
1651838038,-35,14,52,-39.0
1651838040,-33,7,41,-5.5
1651838042,-37,14,65,12.0
1651838044,-33,15,41,-12.0
1651838046,-40,15,92,25.5
1651838048,-34,14,46,-23.0
1651838050,-43,13,130,42.0
1651838052,-40,13,92,-19.0
1651838054,-28,12,23,-34.5
1651838056,-30,13,29,3.0
1651838058,-39,14,82,26.5
1651838060,-38,15,73,-4.5
1651838062,-30,15,29,-22.0
1651838064,-34,7,46,8.5
1651838066,-31,13,33,-6.5
1651838068,-32,12,37,2.0
1651838070,-36,13,58,10.5
1651838072,-36,12,58,0.0
1651838074,-41,12,103,22.5
1651838076,-42,13,116,6.5
1651838078,-36,13,58,-29.0
1651838080,-35,14,52,-3.0
1651838082,-34,13,46,-3.0
1651838084,-34,15,46,0.0
1651838086,-33,15,41,-2.5
1651838088,-41,13,103,31.0
1651838090,-33,13,41,-31.0
1651838092,-33,13,41,0.0
1651838094,-33,13,41,0.0
1651838096,-30,15,29,-6.0
1651838098,-30,13,29,0.0
1651838100,-30,13,29,0.0
1651838102,-39,13,82,26.5
1651838104,-39,14,82,0.0
1651838106,-33,14,41,-20.5
1651838108,-31,14,33,-4.0
1651838110,-41,14,103,35.0
1651838112,-34,15,46,-28.5
1651838114,-40,15,92,23.0
1651838116,-30,15,29,-31.5
1651838118,-29,6,26,-1.5
1651838120,-40,12,92,33.0
1651838122,-30,15,29,-31.5
1651838124,-39,13,82,26.5
1651838126,-35,11,52,-15.0
1651838128,-38,15,73,10.5
1651838130,-37,15,65,-4.0
1651838132,-38,15,73,4.0
1651838134,-42,13,116,21.5
1651838136,-43,13,130,7.0
1651838138,-41,14,103,-13.5
1651838140,-35,14,52,-25.5
1651838142,-35,15,52,0.0
1651838144,-38,15,73,10.5
1651838146,-34,15,46,-13.5
1651838148,-41,15,103,28.5
1651838150,-40,13,92,-5.5
1651838152,-37,14,65,-13.5
1651838154,-32,12,37,-14.0
1651838156,-32,15,37,0.0
1651838158,-33,14,41,2.0
1651838160,-39,14,82,20.5
1651838162,-38,14,73,-4.5
1651838164,-29,6,26,-23.5
1651838166,-40,14,92,33.0
1651838168,-40,14,92,0.0
1651838170,-30,14,29,-31.5
1651838172,-29,12,26,-1.5
1651838174,-34,13,46,10.0
1651838176,-31,13,33,-6.5
1651838178,-32,15,37,2.0
1651838180,-32,14,37,0.0
1651838182,-30,14,29,-4.0
1651838184,-30,7,29,0.0
1651838186,-37,7,65,18.0
1651838188,-32,14,37,-14.0
1651838190,-31,15,33,-2.0
1651838192,-32,14,37,2.0
1651838194,-33,13,41,2.0
1651838196,-31,13,33,-4.0
1651838198,-34,13,46,6.5
1651838200,-36,13,58,6.0
1651838202,-34,14,46,-6.0
1651838204,-39,15,82,18.0
1651838206,-34,13,46,-18.0
1651838208,-33,15,41,-2.5
1651838210,-34,15,46,2.5
1651838212,-33,14,41,-2.5
1651838214,-41,15,103,31.0
1651838216,-34,15,46,-28.5
1651838218,-42,15,116,35.0
1651838220,-32,12,37,-39.5
1651838222,-41,13,103,33.0
1651838224,-35,15,52,-25.5
1651838226,-33,14,41,-5.5
1651838228,-34,14,46,2.5
1651838230,-36,15,58,6.0
1651838232,-32,15,37,-10.5
1651838234,-35,15,52,7.5
1651838236,-35,13,52,0.0
1651838238,-45,13,164,56.0
1651838240,-44,13,146,-9.0
1651838242,-38,14,73,-36.5
1651838244,-35,14,52,-10.5
1651838246,-43,14,130,39.0
1651838248,-34,14,46,-42.0
1651838250,-36,11,58,6.0
1651838252,-31,12,33,-12.5
1651838254,-35,14,52,9.5
1651838256,-32,13,37,-7.5
1651838258,-36,15,58,10.5
1651838260,-32,15,37,-10.5
1651838262,-38,12,73,18.0
1651838264,-39,15,82,4.5
1651838266,-37,13,65,-8.5
1651838268,-33,13,41,-12.0
1651838270,-35,13,52,5.5
1651838272,-42,15,116,32.0
1651838274,-31,14,33,-41.5
1651838276,-28,7,23,-5.0
1651838278,-38,2,73,25.0
1651838280,-31,2,33,-20.0
1651838283,-33,10,41,2.7
1651838285,-34,10,46,2.5
1651838331,-35,14,52,0.1
1651838333,-34,6,46,-3.0
1651838335,-20,7,9,-18.5
1651838337,-35,6,52,21.5
1651838339,-29,13,26,-13.0
1651838341,-31,7,33,3.5
1651838343,-43,7,130,48.5
1651838345,-31,6,33,-48.5
1651838347,-37,6,65,16.0
1651838349,-33,7,41,-12.0
1651838351,-35,4,52,5.5
1651838353,-29,5,26,-13.0
1651838355,-33,4,41,7.5
1651838357,-37,5,65,12.0
1651838359,-38,7,73,4.0
1651838361,-37,14,65,-4.0
1651838363,-42,15,116,25.5
1651838365,-43,15,130,7.0
1651838367,-37,13,65,-32.5
1651838369,-35,13,52,-6.5
1651838371,-40,14,92,20.0
1651838373,-36,15,58,-17.0
1651838375,-44,12,146,44.0
1651838377,-38,15,73,-36.5
1651838379,-43,14,130,28.5
1651838381,-37,14,65,-32.5
1651838383,-35,14,52,-6.5
1651838385,-33,12,41,-5.5
1651838387,-35,6,52,5.5
1651838389,-35,14,52,0.0
1651838391,-40,11,92,20.0
1651838393,-39,15,82,-5.0
1651838395,-36,13,58,-12.0
1651838397,-44,14,146,44.0
1651838399,-41,14,103,-21.5
1651838401,-48,15,231,64.0
1651838403,-37,14,65,-83.0
1651838405,-37,14,65,0.0
1651838407,-39,15,82,8.5
1651838409,-45,15,164,41.0
1651838411,-41,15,103,-30.5
1651838413,-36,15,58,-22.5
1651838415,-37,13,65,3.5
1651838417,-38,13,73,4.0
1651838419,-34,14,46,-13.5
1651838421,-35,14,52,3.0
1651838423,-36,15,58,3.0
1651838425,-33,15,41,-8.5
1651838427,-41,13,103,31.0
1651838429,-29,14,26,-38.5
1651838431,-37,13,65,19.5
1651838433,-30,13,29,-18.0
1651838435,-30,14,29,0.0
1651838437,-36,14,58,14.5
1651838439,-30,15,29,-14.5
1651838441,-26,12,18,-5.5
1651838443,-32,14,37,9.5
1651838445,-27,14,21,-8.0
1651838447,-30,13,29,4.0
1651838449,-32,15,37,4.0
1651838451,-29,15,26,-5.5
1651838453,-28,15,23,-1.5
1651838455,-27,14,21,-1.0
1651838457,-34,15,46,12.5
1651838459,-28,13,23,-11.5
1651838461,-34,5,46,11.5
1651838463,-28,13,23,-11.5
1651838465,-34,12,46,11.5
1651838467,-34,13,46,0.0
1651838469,-30,13,29,-8.5
1651838471,-33,15,41,6.0
1651838473,-28,15,23,-9.0
1651838475,-33,6,41,9.0
1651838477,-28,15,23,-9.0
1651838479,-30,15,29,3.0
1651838481,-27,12,21,-4.0
1651838483,-35,12,52,15.5
1651838485,-28,11,23,-14.5
1651838487,-30,7,29,3.0
1651838489,-34,15,46,8.5
1651838491,-30,14,29,-8.5
1651838493,-34,11,46,8.5
1651838495,-30,14,29,-8.5
1651838497,-30,12,29,0.0
1651838499,-29,15,26,-1.5
1651838501,-28,15,23,-1.5
1651838503,-27,14,21,-1.0
1651838505,-30,14,29,4.0
1651838507,-31,14,33,2.0
1651838509,-34,14,46,6.5
1651838511,-28,6,23,-11.5
1651838513,-34,13,46,11.5
1651838515,-34,13,46,0.0
1651838517,-31,13,33,-6.5
1651838519,-32,13,37,2.0
1651838521,-38,13,73,18.0
1651838523,-26,15,18,-27.5
1651838525,-30,12,29,5.5
1651838527,-29,12,26,-1.5
1651838529,-29,13,26,0.0
1651838531,-30,13,29,1.5
1651838533,-28,13,23,-3.0
1651838535,-29,15,26,1.5
1651838537,-30,14,29,1.5
1651838539,-30,15,29,0.0
1651838541,-29,15,26,-1.5
1651838543,-29,15,26,0.0
1651838545,-36,15,58,16.0
1651838547,-29,13,26,-16.0
1651838549,-29,12,26,0.0
1651838551,-28,13,23,-1.5
1651838553,-31,13,33,5.0
1651838555,-29,14,26,-3.5
1651838557,-29,14,26,0.0
1651838559,-37,13,65,19.5
1651838561,-30,13,29,-18.0
1651838563,-31,13,33,2.0
1651838565,-31,13,33,0.0
1651838567,-27,6,21,-6.0
1651838569,-35,12,52,15.5
1651838571,-30,5,29,-11.5
1651838573,-30,15,29,0.0
1651838575,-31,15,33,2.0
1651838577,-26,13,18,-7.5
1651838579,-32,13,37,9.5
1651838581,-33,13,41,2.0
1651838583,-28,13,23,-9.0
1651838585,-34,14,46,11.5
1651838587,-33,13,41,-2.5
1651838589,-37,13,65,12.0
1651838591,-32,13,37,-14.0
1651838593,-28,15,23,-7.0
1651838595,-31,15,33,5.0
1651838597,-29,14,26,-3.5
1651838599,-29,12,26,0.0
1651838601,-32,15,37,5.5
1651838603,-28,5,23,-7.0
1651838605,-28,6,23,0.0
1651838607,-36,13,58,17.5
1651838609,-30,13,29,-14.5
1651838612,-35,15,52,7.7
1651838613,-31,15,33,-19.0
1651838616,-28,12,23,-3.3
1651838618,-33,12,41,9.0
1651838620,-31,14,33,-4.0
1651838622,-36,13,58,12.5
1651838624,-29,15,26,-16.0
1651838626,-30,14,29,1.5
1651838628,-30,14,29,0.0
1651838630,-25,15,16,-6.5
1651838632,-30,15,29,6.5
1651838634,-29,12,26,-1.5
1651838636,-30,13,29,1.5
1651838638,-30,12,29,0.0
1651838640,-28,13,23,-3.0
1651838642,-31,13,33,5.0
1651838644,-31,13,33,0.0
1651838646,-29,14,26,-3.5
1651838648,-31,13,33,3.5
1651838650,-31,13,33,0.0
1651838652,-33,15,41,4.0
1651838654,-29,14,26,-7.5
1651838656,-31,14,33,3.5
1651838658,-33,12,41,4.0
1651838660,-30,5,29,-6.0
1651838662,-31,13,33,2.0
1651838664,-38,13,73,20.0
1651838666,-35,14,52,-10.5
1651838668,-29,14,26,-13.0
1651838670,-39,15,82,28.0
1651838672,-30,14,29,-26.5
1651838674,-30,15,29,0.0
1651838676,-30,15,29,0.0
1651838678,-32,14,37,4.0
1651838680,-30,15,29,-4.0
1651838682,-30,14,29,0.0
1651838684,-30,14,29,0.0
1651838686,-31,14,33,2.0
1651838688,-30,14,29,-2.0
1651838690,-29,14,26,-1.5
1651838692,-30,14,29,1.5
1651838694,-31,15,33,2.0
1651838696,-39,14,82,24.5
1651838698,-38,14,73,-4.5
1651838700,-31,14,33,-20.0
1651838702,-38,12,73,20.0
1651838704,-31,15,33,-20.0
1651838706,-37,14,65,16.0
1651838708,-31,14,33,-16.0
1651838710,-33,14,41,4.0
1651838712,-30,12,29,-6.0
1651838714,-31,14,33,2.0
1651838716,-30,12,29,-2.0
1651838718,-31,11,33,2.0
1651838720,-32,12,37,2.0
1651838722,-33,15,41,2.0
1651838724,-33,15,41,0.0
1651838726,-31,15,33,-4.0
1651838728,-33,13,41,4.0
1651838730,-31,14,33,-4.0
1651838732,-35,14,52,9.5
1651838734,-30,13,29,-11.5
1651838736,-35,13,52,11.5
1651838738,-29,6,26,-13.0
1651838740,-37,6,65,19.5
1651838742,-26,15,18,-23.5
1651838744,-31,15,33,7.5
1651838746,-29,13,26,-3.5
1651838748,-31,12,33,3.5
1651838750,-31,15,33,0.0
1651838752,-30,13,29,-2.0
1651838754,-35,13,52,11.5
1651838756,-37,15,65,6.5
1651838758,-31,14,33,-16.0
1651838760,-29,14,26,-3.5
1651838762,-27,14,21,-2.5
1651838764,-30,12,29,4.0
1651838766,-33,15,41,6.0
1651838768,-30,15,29,-6.0
1651838770,-30,14,29,0.0
1651838772,-33,14,41,6.0
1651838774,-32,14,37,-2.0
1651838776,-31,14,33,-2.0
1651838778,-28,14,23,-5.0
1651838780,-29,7,26,1.5
1651838782,-28,13,23,-1.5
1651838784,-30,13,29,3.0
1651838786,-31,5,33,2.0
1651838788,-36,12,58,12.5
1651838790,-31,15,33,-12.5
1651838792,-31,14,33,0.0
1651838794,-29,13,26,-3.5
1651838796,-29,14,26,0.0
1651838798,-33,14,41,7.5
1651838800,-35,14,52,5.5
1651838802,-38,7,73,10.5
1651838804,-36,7,58,-7.5
1651838806,-31,14,33,-12.5
1651838808,-34,14,46,6.5
1651838810,-38,14,73,13.5
1651838812,-32,14,37,-18.0
1651838814,-30,15,29,-4.0
1651838816,-30,15,29,0.0
1651838818,-33,13,41,6.0
1651838820,-34,12,46,2.5
1651838822,-34,14,46,0.0
1651838824,-38,12,73,13.5
1651838826,-31,14,33,-20.0
1651838828,-39,14,82,24.5
1651838830,-30,14,29,-26.5
1651838832,-30,14,29,0.0
1651838834,-31,15,33,2.0
1651838836,-33,7,41,4.0
1651838838,-32,14,37,-2.0
1651838840,-31,13,33,-2.0
1651838842,-35,13,52,9.5
1651838844,-32,13,37,-7.5
1651838846,-28,13,23,-7.0
1651838848,-31,14,33,5.0
1651838850,-29,15,26,-3.5
1651838852,-32,13,37,5.5
1651838854,-30,13,29,-4.0
1651838856,-28,15,23,-3.0
1651838858,-31,12,33,5.0
1651838860,-31,12,33,0.0
1651838862,-33,12,41,4.0
1651838864,-32,13,37,-2.0
1651838866,-32,12,37,0.0
1651838868,-34,6,46,4.5
1651838870,-37,15,65,9.5
1651838872,-28,14,23,-21.0
1651838874,-30,14,29,3.0
1651838876,-29,14,26,-1.5
1651838878,-33,12,41,7.5
1651838880,-29,14,26,-7.5
1651838882,-32,14,37,5.5
1651838884,-31,14,33,-2.0
1651838886,-30,14,29,-2.0
1651838888,-32,13,37,4.0
1651838890,-31,13,33,-2.0
1651838892,-31,13,33,0.0
1651838894,-29,14,26,-3.5
1651838896,-28,15,23,-1.5
1651838898,-30,15,29,3.0
1651838900,-28,14,23,-3.0
1651838902,-30,14,29,3.0
1651838904,-34,13,46,8.5
1651838906,-26,12,18,-14.0
1651838908,-32,12,37,9.5
1651838910,-32,15,37,0.0
1651838912,-35,14,52,7.5
1651838914,-33,14,41,-5.5
1651838916,-32,6,37,-2.0
1651838918,-31,7,33,-2.0
1651838920,-33,14,41,4.0
1651838922,-39,12,82,20.5
1651838924,-40,12,92,5.0
1651838926,-45,15,164,36.0
1651838928,-41,12,103,-30.5
1651838930,-42,6,116,6.5
1651838932,-43,12,130,7.0
1651838934,-47,6,206,38.0
1651838936,-51,11,326,60.0
1651838938,-51,11,326,0.0
1651838940,-53,4,411,42.5
1651838942,-52,5,366,-22.5
1651838944,-55,12,517,75.5
1651838946,-56,12,580,31.5
1651838948,-57,5,651,35.5
1651838950,-50,11,291,-180.0
1651838952,-56,6,580,144.5
1651838954,-58,6,731,75.5
1651838956,-57,4,651,-40.0
1651838958,-58,6,731,40.0
1651838960,-59,7,820,44.5
1651838962,-58,10,731,-44.5
1651838964,-61,6,1032,150.5
1651838966,-60,6,920,-56.0
1651838968,-51,6,326,-297.0
1651838970,-60,5,920,297.0
1651838972,-58,5,731,-94.5
1651838974,-58,6,731,0.0
1651838976,-60,6,920,94.5
1651838978,-60,5,920,0.0
1651838980,-59,5,820,-50.0
1651838982,-54,5,461,-179.5
1651838984,-61,5,1032,285.5
1651838986,-61,5,1032,0.0
1651838988,-60,5,920,-56.0
1651838990,-60,4,920,0.0
1651838992,-63,4,1299,189.5
1651838994,-61,4,1032,-133.5
1651838996,-61,6,1032,0.0
1651838998,-62,6,1158,63.0
1651839000,-59,6,820,-169.0
1651839002,-61,4,1032,106.0
1651839004,-62,4,1158,63.0
1651839006,-62,5,1158,0.0
1651839008,-62,5,1158,0.0
1651839010,-65,6,1636,239.0
1651839012,-63,6,1299,-168.5
1651839014,-61,2,1032,-133.5
1651839016,-62,9,1158,63.0
1651839018,-62,6,1158,0.0
1651839020,-61,9,1032,-63.0
1651839022,-57,6,651,-190.5
1651839024,-57,3,651,0.0
1651839026,-60,3,920,134.5
1651839028,-61,9,1032,56.0
1651839030,-56,12,580,-226.0
1651839032,-61,4,1032,226.0
1651839034,-62,4,1158,63.0
1651839036,-65,4,1636,239.0
1651839038,-67,3,2059,211.5
1651839040,-65,3,1636,-211.5
1651839042,-67,3,2059,211.5
1651839044,-68,3,2311,126.0
1651839046,-65,3,1636,-337.5
1651839048,-64,3,1458,-89.0
1651839050,-62,3,1158,-150.0
1651839052,-65,4,1636,239.0
1651839054,-64,9,1458,-89.0
1651839056,-64,4,1458,0.0
1651839058,-63,9,1299,-79.5
1651839060,-62,10,1158,-70.5
1651839062,-63,9,1299,70.5
1651839064,-61,8,1032,-133.5
1651839066,-63,12,1299,133.5
1651839068,-64,2,1458,79.5
1651839070,-60,2,920,-269.0
1651839072,-63,5,1299,189.5
1651839074,-63,5,1299,0.0
1651839076,-64,5,1458,79.5
1651839078,-63,5,1299,-79.5
1651839080,-64,9,1458,79.5
1651839082,-63,0,1299,-79.5
1651839084,-70,3,2909,805.0
1651839086,-66,3,1835,-537.0
1651839088,-67,3,2059,112.0
1651839090,-68,4,2311,126.0
1651839092,-68,2,2311,0.0
1651839094,-68,2,2311,0.0
1651839096,-70,3,2909,299.0
1651839098,-67,4,2059,-425.0
1651839100,-68,1,2311,126.0
1651839102,-67,2,2059,-126.0
1651839104,-67,3,2059,0.0
1651839106,-65,1,1636,-211.5
1651839108,-69,2,2592,478.0
1651839110,-66,2,1835,-378.5
1651839112,-69,2,2592,378.5
1651839114,-68,3,2311,-140.5
1651839116,-66,3,1835,-238.0
1651839118,-69,1,2592,378.5
1651839120,-69,2,2592,0.0
1651839122,-68,0,2311,-140.5
1651839124,-67,8,2059,-126.0
1651839126,-69,8,2592,266.5
1651839128,-70,8,2909,158.5
1651839130,-68,1,2311,-299.0
1651839132,-68,1,2311,0.0
1651839134,-68,2,2311,0.0
1651839136,-68,2,2311,0.0
1651839138,-68,2,2311,0.0
1651839140,-67,8,2059,-126.0
1651839142,-65,8,1636,-211.5
1651839144,-68,8,2311,337.5
1651839146,-65,1,1636,-337.5
1651839148,-68,8,2311,337.5
1651839150,-66,8,1835,-238.0
1651839152,-65,4,1636,-99.5
1651839154,-67,2,2059,211.5
1651839156,-67,3,2059,0.0
1651839158,-70,14,2909,425.0
1651839160,-64,3,1458,-725.5
1651839162,-66,3,1835,188.5
1651839164,-67,9,2059,112.0
1651839166,-64,9,1458,-300.5
1651839168,-68,9,2311,426.5
1651839170,-66,9,1835,-238.0
1651839172,-68,1,2311,238.0
1651839174,-61,4,1032,-639.5
1651839176,-68,4,2311,639.5
1651839178,-66,4,1835,-238.0
1651839180,-68,4,2311,238.0
1651839182,-67,0,2059,-126.0
1651839184,-68,8,2311,126.0
1651839186,-68,8,2311,0.0
1651839188,-68,8,2311,0.0
1651839190,-67,3,2059,-126.0
1651839192,-69,2,2592,266.5
1651839194,-68,2,2311,-140.5
1651839196,-66,3,1835,-238.0
1651839198,-64,3,1458,-188.5
1651839200,-67,3,2059,300.5
1651839202,-69,3,2592,266.5
1651839204,-68,4,2311,-140.5
1651839206,-68,3,2311,0.0
1651839208,-67,4,2059,-126.0
1651839210,-68,4,2311,126.0
1651839212,-67,4,2059,-126.0
1651839214,-69,8,2592,266.5
1651839216,-67,2,2059,-266.5
1651839218,-66,2,1835,-112.0
1651839220,-69,2,2592,378.5
1651839222,-69,4,2592,0.0
1651839224,-67,8,2059,-266.5
1651839226,-67,4,2059,0.0
1651839228,-71,8,3264,602.5
1651839230,-69,1,2592,-336.0
1651839232,-71,0,3264,336.0
1651839234,-72,0,3662,199.0
1651839236,-72,0,3662,0.0
1651839238,-70,0,2909,-376.5
1651839240,-69,0,2592,-158.5
1651839242,-69,0,2592,0.0
1651839244,-71,14,3264,336.0
1651839246,-70,0,2909,-177.5
1651839248,-71,0,3264,177.5
1651839250,-69,0,2592,-336.0
1651839252,-71,0,3264,336.0
1651839254,-69,0,2592,-336.0
1651839256,-72,2,3662,535.0
1651839258,-73,0,4109,223.5
1651839260,-69,1,2592,-758.5
1651839262,-69,0,2592,0.0
1651839264,-70,0,2909,158.5
1651839266,-67,1,2059,-425.0
1651839268,-70,0,2909,425.0
1651839270,-70,0,2909,0.0
1651839272,-70,0,2909,0.0
1651839274,-70,0,2909,0.0
1651839276,-70,0,2909,0.0
1651839278,-70,4,2909,0.0
1651839280,-70,0,2909,0.0
1651839282,-69,0,2592,-158.5
1651839284,-69,0,2592,0.0
1651839286,-68,0,2311,-140.5
1651839288,-69,0,2592,140.5
1651839290,-70,8,2909,158.5
1651839292,-70,8,2909,0.0
1651839294,-73,0,4109,600.0
1651839296,-70,13,2909,-600.0
1651839298,-72,0,3662,376.5
1651839300,-70,8,2909,-376.5
1651839302,-68,8,2311,-299.0
1651839304,-69,8,2592,140.5
1651839306,-70,1,2909,158.5
1651839308,-69,2,2592,-158.5
1651839310,-69,8,2592,0.0
1651839312,-70,0,2909,158.5
1651839314,-72,0,3662,376.5
1651839316,-70,0,2909,-376.5
1651839318,-72,0,3662,376.5
1651839320,-69,0,2592,-535.0
1651839322,-72,0,3662,535.0
1651839324,-71,0,3264,-199.0
1651839326,-71,0,3264,0.0
1651839328,-71,0,3264,0.0
1651839330,-70,0,2909,-177.5
1651839332,-71,0,3264,177.5
1651839334,-68,0,2311,-476.5
1651839336,-71,0,3264,476.5
1651839338,-70,0,2909,-177.5
1651839340,-70,2,2909,0.0
1651839342,-68,0,2311,-299.0
1651839344,-70,0,2909,299.0
1651839346,-72,0,3662,376.5
1651839348,-71,0,3264,-199.0
1651839350,-72,0,3662,199.0
1651839352,-72,0,3662,0.0
1651839354,-73,0,4109,223.5
1651839356,-68,0,2311,-899.0
1651839358,-71,7,3264,476.5
1651839360,-72,10,3662,199.0
1651839362,-72,2,3662,0.0
1651839364,-71,0,3264,-199.0
1651839366,-67,0,2059,-602.5
1651839368,-71,0,3264,602.5
1651839370,-70,0,2909,-177.5
1651839372,-72,10,3662,376.5
1651839374,-72,0,3662,0.0
1651839376,-74,0,4610,474.0
1651839378,-72,0,3662,-474.0
1651839380,-73,0,4109,223.5
1651839382,-69,0,2592,-758.5
1651839384,-71,0,3264,336.0
1651839386,-72,0,3662,199.0
1651839388,-72,0,3662,0.0
1651839390,-71,0,3264,-199.0
1651839392,-74,0,4610,673.0
1651839394,-74,0,4610,0.0
1651839396,-74,0,4610,0.0
1651839398,-73,0,4109,-250.5
1651839400,-76,0,5804,847.5
1651839402,-72,0,3662,-1071.0
1651839404,-72,0,3662,0.0
1651839406,-73,0,4109,223.5
1651839408,-72,0,3662,-223.5
1651839410,-72,0,3662,0.0
1651839412,-70,0,2909,-376.5
1651839414,-74,0,4610,850.5
1651839416,-72,0,3662,-474.0
1651839418,-73,0,4109,223.5
1651839420,-74,0,4610,250.5
1651839422,-73,0,4109,-250.5
1651839424,-72,0,3662,-223.5
1651839426,-74,0,4610,474.0
1651839428,-72,0,3662,-474.0
1651839430,-75,0,5173,755.5
1651839432,-75,0,5173,0.0
1651839434,-73,0,4109,-532.0
1651839436,-72,11,3662,-223.5
1651839438,-71,0,3264,-199.0
1651839440,-72,0,3662,199.0
1651839442,-75,0,5173,755.5
1651839444,-71,0,3264,-954.5
1651839446,-72,0,3662,199.0
1651839448,-74,0,4610,474.0
1651839450,-73,0,4109,-250.5
1651839452,-73,0,4109,0.0
1651839454,-70,0,2909,-600.0
1651839456,-72,11,3662,376.5
1651839458,-69,0,2592,-535.0
1651839460,-73,2,4109,758.5
1651839462,-73,0,4109,0.0
1651839464,-74,0,4610,250.5
1651839466,-73,0,4109,-250.5
1651839468,-72,0,3662,-223.5
1651839470,-72,0,3662,0.0
1651839472,-73,0,4109,223.5
1651839474,-74,0,4610,250.5
1651839476,-75,0,5173,281.5
1651839478,-72,8,3662,-755.5
1651839480,-73,0,4109,223.5
1651839482,-72,0,3662,-223.5
1651839484,-73,0,4109,223.5
1651839486,-72,0,3662,-223.5
1651839488,-74,0,4610,474.0
1651839490,-74,0,4610,0.0
1651839492,-73,0,4109,-250.5
1651839494,-74,0,4610,250.5
1651839496,-74,0,4610,0.0
1651839498,-76,0,5804,597.0
1651839500,-74,0,4610,-597.0
1651839502,-73,0,4109,-250.5
1651839504,-74,0,4610,250.5
1651839506,-72,0,3662,-474.0
1651839508,-74,0,4610,474.0
1651839510,-73,0,4109,-250.5
1651839512,-73,0,4109,0.0
1651839514,-74,0,4610,250.5
1651839516,-72,0,3662,-474.0
1651839518,-74,0,4610,474.0
1651839520,-73,0,4109,-250.5
1651839522,-71,0,3264,-422.5
1651839524,-73,0,4109,422.5
1651839526,-73,0,4109,0.0
1651839528,-72,0,3662,-223.5
1651839530,-72,0,3662,0.0
1651839532,-73,0,4109,223.5
1651839534,-74,0,4610,250.5
1651839536,-72,1,3662,-474.0
1651839538,-74,1,4610,474.0
1651839540,-74,0,4610,0.0
1651839542,-73,0,4109,-250.5
1651839544,-73,1,4109,0.0
1651839546,-70,0,2909,-600.0
1651839548,-72,0,3662,376.5
1651839550,-74,0,4610,474.0
1651839552,-75,8,5173,281.5
1651839554,-70,8,2909,-1132.0
1651839556,-71,0,3264,177.5
1651839558,-72,0,3662,199.0
1651839560,-71,15,3264,-199.0
1651839562,-72,0,3662,199.0
1651839564,-71,10,3264,-199.0
1651839566,-69,0,2592,-336.0
1651839568,-72,2,3662,535.0
1651839570,-71,0,3264,-199.0
1651839572,-72,0,3662,199.0
1651839574,-73,0,4109,223.5
1651839576,-71,0,3264,-422.5
1651839578,-70,0,2909,-177.5
1651839580,-68,0,2311,-299.0
1651839582,-71,0,3264,476.5
1651839584,-72,0,3662,199.0
1651839586,-74,0,4610,474.0
1651839588,-72,0,3662,-474.0
1651839590,-73,0,4109,223.5
1651839592,-74,0,4610,250.5
1651839594,-74,0,4610,0.0
1651839596,-74,0,4610,0.0
1651839598,-76,0,5804,597.0
1651839600,-79,0,8198,1197.0
1651839602,-79,0,8198,0.0
1651839604,-79,0,8198,0.0
1651839606,-79,0,8198,0.0
1651839608,-79,0,8198,0.0
1651839610,-79,0,8198,0.0
1651839612,-79,0,8198,0.0
1651839614,-79,0,8198,0.0
1651839616,-79,0,8198,0.0
1651839618,-79,0,8198,0.0
1651839620,-79,0,8198,0.0
1651839622,-79,0,8198,0.0
1651839624,-79,0,8198,0.0
1651839626,-79,0,8198,0.0
1651839628,-79,0,8198,0.0
1651839630,-79,0,8198,0.0
1651839632,-79,0,8198,0.0
1651839634,-79,0,8198,0.0
1651839636,-79,0,8198,0.0
1651839638,-79,0,8198,0.0
1651839640,-79,0,8198,0.0
1651839642,-79,0,8198,0.0
1651839644,-79,0,8198,0.0
1651839646,-79,0,8198,0.0
1651839648,-79,0,8198,0.0
1651839650,-79,0,8198,0.0
1651839652,-79,0,8198,0.0
1651839654,-79,0,8198,0.0
1651839656,-79,0,8198,0.0
1651839658,-79,0,8198,0.0
1651839660,-79,0,8198,0.0
1651839662,-79,0,8198,0.0
1651839664,-79,0,8198,0.0
1651839666,-79,0,8198,0.0
1651839668,-79,0,8198,0.0
1651839671,-79,0,8198,0.0
1651839673,-79,0,8198,0.0
1651839675,-79,0,8198,0.0
1651839677,-79,0,8198,0.0
1651839679,-79,0,8198,0.0
1651839681,-79,0,8198,0.0
1651839683,-79,0,8198,0.0
1651839685,-79,0,8198,0.0
1651839687,-79,0,8198,0.0
1651839689,-79,0,8198,0.0
1651839691,-79,0,8198,0.0
1651839693,-79,0,8198,0.0
1651839695,-79,12,8198,0.0
1651839697,-79,0,8198,0.0
1651839699,-79,0,8198,0.0
1651839701,-79,15,8198,0.0
1651839703,-79,0,8198,0.0
1651839705,-79,0,8198,0.0
1651839707,-79,0,8198,0.0
1651839709,-79,0,8198,0.0
1651839711,-79,0,8198,0.0
1651839713,-79,0,8198,0.0
1651839715,-79,0,8198,0.0
1651839717,-79,0,8198,0.0
1651839719,-79,0,8198,0.0
1651839721,-79,0,8198,0.0
1651839723,-79,0,8198,0.0
1651839725,-79,0,8198,0.0
1651839727,-79,0,8198,0.0
1651839729,-79,0,8198,0.0
1651839731,-79,0,8198,0.0
1651839733,-79,0,8198,0.0
1651839735,-79,0,8198,0.0
1651839737,-79,0,8198,0.0
1651839739,-79,0,8198,0.0
1651839741,-79,0,8198,0.0
1651839743,-79,0,8198,0.0
1651839745,-79,0,8198,0.0
1651839747,-79,0,8198,0.0
1651839749,-79,0,8198,0.0
1651839751,-79,0,8198,0.0
1651839753,-79,0,8198,0.0
1651839755,-79,0,8198,0.0
1651839757,-79,0,8198,0.0
1651839759,-79,0,8198,0.0
1651839761,-79,0,8198,0.0
1651839763,-79,0,8198,0.0
1651839765,-79,0,8198,0.0
1651839767,-79,0,8198,0.0
1651839769,-79,0,8198,0.0
1651839771,-79,0,8198,0.0
1651839773,-79,0,8198,0.0
1651839775,-79,0,8198,0.0
1651839777,-79,0,8198,0.0
1651839779,-79,0,8198,0.0
1651839781,-79,13,8198,0.0
1651839783,-79,0,8198,0.0
1651839785,-79,0,8198,0.0
1651839787,-79,0,8198,0.0
1651839789,-79,0,8198,0.0
1651839791,-79,0,8198,0.0
1651839793,-79,0,8198,0.0
1651839795,-79,0,8198,0.0
1651839797,-79,0,8198,0.0
1651839799,-79,0,8198,0.0
1651839801,-79,0,8198,0.0
1651839803,-79,0,8198,0.0
1651839805,-79,0,8198,0.0
1651839807,-79,0,8198,0.0
1651839809,-79,0,8198,0.0
1651839811,-79,0,8198,0.0
1651839813,-79,0,8198,0.0
1651839815,-79,0,8198,0.0
1651839817,-79,0,8198,0.0
1651839819,-79,0,8198,0.0
1651839821,-79,0,8198,0.0
1651839823,-79,0,8198,0.0
1651839825,-79,0,8198,0.0
1651839827,-79,0,8198,0.0
1651839829,-79,0,8198,0.0
1651839831,-79,0,8198,0.0
1651839833,-79,0,8198,0.0
1651839835,-79,0,8198,0.0
1651839837,-79,0,8198,0.0
1651839839,-79,7,8198,0.0
1651839841,-79,0,8198,0.0
1651839843,-79,0,8198,0.0
1651839845,-79,0,8198,0.0
1651839847,-79,0,8198,0.0
1651839849,-79,0,8198,0.0
1651839851,-79,0,8198,0.0
1651839853,-79,0,8198,0.0
1651839855,-79,0,8198,0.0
1651839857,-79,0,8198,0.0
1651839859,-79,0,8198,0.0
1651839861,-79,0,8198,0.0
1651839863,-79,0,8198,0.0
1651839865,-79,0,8198,0.0
1651839867,-79,0,8198,0.0
1651839869,-79,0,8198,0.0
1651839871,-79,0,8198,0.0
1651839873,-79,0,8198,0.0
1651839875,-79,0,8198,0.0
1651839877,-79,0,8198,0.0
1651839879,-79,0,8198,0.0
1651839881,-79,0,8198,0.0
1651839883,-79,0,8198,0.0
1651839885,-79,0,8198,0.0
1651839887,-79,0,8198,0.0
1651839889,-79,0,8198,0.0
1651839891,-79,0,8198,0.0
1651839893,-79,0,8198,0.0
1651839895,-79,0,8198,0.0
1651839897,-79,0,8198,0.0
1651839899,-79,0,8198,0.0
1651839901,-79,0,8198,0.0
1651839903,-79,0,8198,0.0
1651839905,-79,0,8198,0.0
1651839907,-79,0,8198,0.0
1651839909,-79,0,8198,0.0
1651839911,-79,0,8198,0.0
1651839913,-79,0,8198,0.0
1651839915,-79,0,8198,0.0
1651839917,-79,0,8198,0.0
1651839919,-79,0,8198,0.0
1651839921,-79,0,8198,0.0
1651839923,-79,0,8198,0.0
1651839925,-79,0,8198,0.0
1651839927,-79,0,8198,0.0
1651839929,-79,0,8198,0.0
1651839931,-79,0,8198,0.0
1651839933,-79,0,8198,0.0
1651839935,-79,0,8198,0.0
1651839937,-79,0,8198,0.0
1651839939,-79,0,8198,0.0
1651839941,-79,0,8198,0.0
1651839943,-79,0,8198,0.0
1651839945,-79,0,8198,0.0
1651839947,-79,0,8198,0.0
1651839949,-79,0,8198,0.0
1651839951,-79,0,8198,0.0
1651839953,-79,0,8198,0.0
1651839955,-79,0,8198,0.0
1651839957,-79,0,8198,0.0
1651839959,-79,0,8198,0.0
1651839961,-79,0,8198,0.0
1651839963,-79,0,8198,0.0
1651839965,-79,0,8198,0.0
1651839967,-79,0,8198,0.0
1651839969,-79,0,8198,0.0
1651839971,-79,0,8198,0.0
1651839973,-79,0,8198,0.0
1651839975,-79,0,8198,0.0
1651839977,-79,0,8198,0.0
1651839979,-79,0,8198,0.0
1651839981,-79,0,8198,0.0
1651839983,-79,0,8198,0.0
1651839985,-79,0,8198,0.0
1651839987,-79,0,8198,0.0
1651839989,-79,0,8198,0.0
1651839991,-79,0,8198,0.0
1651839993,-79,0,8198,0.0
1651839995,-79,0,8198,0.0
1651839997,-79,0,8198,0.0
1651839999,-79,0,8198,0.0
1651840001,-79,0,8198,0.0
1651840003,-79,0,8198,0.0
1651840005,-79,0,8198,0.0
1651840007,-79,0,8198,0.0
1651840009,-79,0,8198,0.0
1651840011,-79,0,8198,0.0
1651840013,-79,0,8198,0.0
1651840015,-79,0,8198,0.0
1651840017,-79,0,8198,0.0
1651840019,-79,0,8198,0.0
1651840021,-79,0,8198,0.0
1651840023,-79,0,8198,0.0
1651840025,-79,0,8198,0.0
1651840027,-79,0,8198,0.0
1651840029,-79,0,8198,0.0
1651840031,-79,0,8198,0.0
1651840033,-79,0,8198,0.0
1651840035,-79,0,8198,0.0
1651840037,-79,0,8198,0.0
1651840039,-79,0,8198,0.0
1651840041,-79,0,8198,0.0
1651840043,-79,0,8198,0.0
1651840045,-79,0,8198,0.0
1651840047,-79,0,8198,0.0
1651840049,-79,0,8198,0.0
1651840051,-79,0,8198,0.0
1651840053,-79,0,8198,0.0
1651840055,-79,0,8198,0.0
1651840057,-79,0,8198,0.0
1651840059,-79,0,8198,0.0
1651840061,-79,0,8198,0.0
1651840063,-79,0,8198,0.0
1651840065,-79,0,8198,0.0
1651840067,-79,0,8198,0.0
1651840069,-79,0,8198,0.0
1651840071,-79,0,8198,0.0
1651840073,-79,0,8198,0.0
1651840075,-79,0,8198,0.0
1651840077,-79,0,8198,0.0
1651840079,-79,0,8198,0.0
1651840081,-79,0,8198,0.0
1651840083,-79,0,8198,0.0
1651840085,-79,0,8198,0.0
1651840087,-79,0,8198,0.0
1651840089,-79,0,8198,0.0
1651840091,-79,0,8198,0.0
1651840093,-79,0,8198,0.0
1651840095,-79,0,8198,0.0
1651840097,-79,0,8198,0.0
1651840099,-79,0,8198,0.0
1651840101,-79,0,8198,0.0
1651840103,-79,0,8198,0.0
1651840105,-79,0,8198,0.0
1651840107,-79,0,8198,0.0
1651840109,-79,0,8198,0.0
1651840111,-79,0,8198,0.0
1651840113,-79,0,8198,0.0
1651840115,-79,0,8198,0.0
1651840117,-79,0,8198,0.0
1651840119,-79,0,8198,0.0
1651840121,-79,0,8198,0.0
1651840123,-79,0,8198,0.0
1651840125,-79,0,8198,0.0
1651840127,-79,0,8198,0.0
1651840129,-79,0,8198,0.0
1651840131,-79,0,8198,0.0
1651840133,-79,0,8198,0.0
1651840135,-79,0,8198,0.0
1651840137,-79,0,8198,0.0
1651840139,-79,0,8198,0.0
1651840141,-79,0,8198,0.0
1651840143,-79,0,8198,0.0
1651840145,-79,0,8198,0.0
1651840147,-79,0,8198,0.0
1651840149,-79,0,8198,0.0
1651840151,-79,0,8198,0.0
1651840153,-79,0,8198,0.0
1651840155,-79,0,8198,0.0
1651840157,-79,0,8198,0.0
1651840159,-79,0,8198,0.0
1651840161,-79,0,8198,0.0
1651840163,-79,0,8198,0.0
1651840165,-79,0,8198,0.0
1651840167,-79,0,8198,0.0
1651840169,-79,0,8198,0.0
1651840171,-79,0,8198,0.0
1651840173,-79,0,8198,0.0
1651840175,-79,0,8198,0.0
1651840177,-79,0,8198,0.0
1651840179,-79,0,8198,0.0
1651840181,-79,0,8198,0.0
1651840183,-79,0,8198,0.0
1651840185,-79,0,8198,0.0
1651840187,-79,0,8198,0.0
1651840189,-79,0,8198,0.0
1651840191,-79,0,8198,0.0
1651840193,-79,0,8198,0.0
1651840195,-79,0,8198,0.0
1651840197,-79,0,8198,0.0
1651840199,-79,0,8198,0.0
1651840201,-79,0,8198,0.0
1651840203,-79,0,8198,0.0
1651840205,-79,0,8198,0.0
1651840207,-79,0,8198,0.0
1651840209,-79,0,8198,0.0
1651840211,-79,0,8198,0.0
1651840213,-79,0,8198,0.0
1651840215,-79,0,8198,0.0
1651840217,-79,0,8198,0.0
1651840219,-79,0,8198,0.0
1651840221,-79,0,8198,0.0
1651840223,-79,0,8198,0.0
1651840225,-79,0,8198,0.0
1651840227,-79,0,8198,0.0
1651840229,-79,0,8198,0.0
1651840231,-79,0,8198,0.0
1651840233,-79,0,8198,0.0
1651840235,-79,0,8198,0.0
1651840237,-79,0,8198,0.0
1651840239,-79,0,8198,0.0
1651840241,-79,0,8198,0.0
1651840243,-79,0,8198,0.0
1651840245,-79,0,8198,0.0
1651840247,-79,0,8198,0.0
1651840249,-79,0,8198,0.0
1651840251,-79,0,8198,0.0
1651840253,-79,0,8198,0.0
1651840255,-79,0,8198,0.0
1651840257,-79,0,8198,0.0
1651840259,-79,0,8198,0.0
1651840261,-79,0,8198,0.0
1651840263,-79,0,8198,0.0
1651840265,-79,0,8198,0.0
1651840267,-79,0,8198,0.0
1651840269,-79,0,8198,0.0
1651840271,-79,0,8198,0.0
1651840273,-79,0,8198,0.0
1651840275,-79,0,8198,0.0
1651840277,-79,0,8198,0.0
1651840279,-79,0,8198,0.0
1651840281,-79,0,8198,0.0
1651840283,-79,0,8198,0.0
1651840285,-79,0,8198,0.0
1651840287,-79,0,8198,0.0
1651840289,-79,0,8198,0.0
1651840291,-79,0,8198,0.0
1651840293,-79,0,8198,0.0
1651840295,-79,0,8198,0.0
1651840297,-79,0,8198,0.0
1651840299,-79,0,8198,0.0
1651840301,-79,0,8198,0.0
1651840303,-79,0,8198,0.0
1651840305,-79,0,8198,0.0
1651840307,-79,0,8198,0.0
1651840309,-79,0,8198,0.0
1651840311,-79,0,8198,0.0
1651840313,-79,0,8198,0.0
1651840315,-79,0,8198,0.0
1651840317,-79,0,8198,0.0
1651840319,-79,0,8198,0.0
1651840321,-79,0,8198,0.0
1651840323,-79,0,8198,0.0
1651840325,-79,0,8198,0.0
1651840327,-79,0,8198,0.0
1651840329,-79,0,8198,0.0
1651840331,-79,0,8198,0.0
1651840333,-79,0,8198,0.0
1651840335,-79,0,8198,0.0
1651840337,-79,0,8198,0.0
1651840339,-79,0,8198,0.0
1651840341,-79,0,8198,0.0
1651840343,-79,0,8198,0.0
1651840345,-79,0,8198,0.0
1651840347,-79,0,8198,0.0
1651840349,-79,0,8198,0.0
1651840351,-79,0,8198,0.0
1651840353,-79,0,8198,0.0
1651840355,-79,0,8198,0.0
1651840357,-79,0,8198,0.0
1651840359,-79,0,8198,0.0
1651840361,-79,0,8198,0.0
1651840363,-79,0,8198,0.0
1651840365,-79,0,8198,0.0
1651840367,-79,0,8198,0.0
1651840369,-79,0,8198,0.0
1651840371,-79,0,8198,0.0
1651840373,-79,0,8198,0.0
1651840375,-79,0,8198,0.0
1651840377,-79,0,8198,0.0
1651840379,-79,0,8198,0.0
1651840381,-79,0,8198,0.0
1651840383,-79,0,8198,0.0
1651840385,-79,0,8198,0.0
1651840387,-79,0,8198,0.0
1651840389,-79,0,8198,0.0
1651840391,-79,0,8198,0.0
1651840393,-79,0,8198,0.0
1651840395,-79,0,8198,0.0
1651840397,-79,0,8198,0.0
1651840399,-79,0,8198,0.0
1651840401,-79,0,8198,0.0
1651840403,-79,0,8198,0.0
1651840405,-79,0,8198,0.0
1651840407,-79,0,8198,0.0
1651840409,-79,0,8198,0.0
1651840411,-79,0,8198,0.0
1651840413,-79,0,8198,0.0
1651840415,-79,0,8198,0.0
1651840417,-79,0,8198,0.0
1651840419,-79,0,8198,0.0
1651840421,-79,0,8198,0.0
1651840423,-79,0,8198,0.0
1651840425,-79,0,8198,0.0
1651840427,-79,0,8198,0.0
1651840429,-79,0,8198,0.0
1651840431,-79,0,8198,0.0
1651840433,-79,0,8198,0.0
1651840435,-79,0,8198,0.0
1651840437,-79,0,8198,0.0
1651840439,-79,0,8198,0.0
1651840441,-79,0,8198,0.0
1651840443,-79,0,8198,0.0
1651840445,-79,0,8198,0.0
1651840447,-79,0,8198,0.0
1651840449,-79,0,8198,0.0
1651840451,-79,0,8198,0.0
1651840453,-79,0,8198,0.0
1651840455,-79,0,8198,0.0
1651840457,-79,0,8198,0.0
1651840459,-79,0,8198,0.0
1651840461,-79,0,8198,0.0
1651840463,-79,0,8198,0.0
1651840465,-79,0,8198,0.0
1651840467,-79,0,8198,0.0
1651840469,-79,0,8198,0.0
1651840471,-79,0,8198,0.0
1651840473,-79,0,8198,0.0
1651840475,-79,0,8198,0.0
1651840477,-79,0,8198,0.0
1651840479,-79,0,8198,0.0
1651840481,-79,0,8198,0.0
1651840483,-79,0,8198,0.0
1651840485,-79,0,8198,0.0
1651840487,-79,0,8198,0.0
1651840489,-79,0,8198,0.0
1651840491,-79,0,8198,0.0
1651840493,-79,0,8198,0.0
1651840495,-79,0,8198,0.0
1651840497,-79,0,8198,0.0
1651840499,-79,0,8198,0.0
1651840501,-79,0,8198,0.0
1651840503,-79,0,8198,0.0
1651840505,-79,0,8198,0.0
1651840507,-79,11,8198,0.0
1651840509,-79,0,8198,0.0
1651840511,-79,0,8198,0.0
1651840513,-79,0,8198,0.0
1651840515,-79,0,8198,0.0
1651840517,-79,0,8198,0.0
1651840519,-79,0,8198,0.0
1651840521,-79,0,8198,0.0
1651840523,-79,0,8198,0.0
1651840525,-79,0,8198,0.0
1651840527,-79,0,8198,0.0
1651840529,-79,0,8198,0.0
1651840531,-79,0,8198,0.0
1651840533,-79,0,8198,0.0
1651840535,-79,0,8198,0.0
1651840537,-79,0,8198,0.0
1651840539,-79,0,8198,0.0
1651840541,-79,0,8198,0.0
1651840543,-79,0,8198,0.0
1651840545,-79,0,8198,0.0
1651840547,-79,0,8198,0.0
1651840549,-79,0,8198,0.0
1651840551,-79,0,8198,0.0
1651840553,-79,0,8198,0.0
1651840555,-79,0,8198,0.0
1651840557,-79,0,8198,0.0
1651840559,-79,0,8198,0.0
1651840561,-79,0,8198,0.0
1651840563,-79,0,8198,0.0
1651840565,-79,0,8198,0.0
1651840567,-79,0,8198,0.0
1651840569,-79,0,8198,0.0
1651840571,-79,0,8198,0.0
1651840573,-79,0,8198,0.0
1651840575,-79,0,8198,0.0
1651840577,-79,0,8198,0.0
1651840579,-79,0,8198,0.0
1651840581,-79,0,8198,0.0
1651840583,-79,0,8198,0.0
1651840585,-79,0,8198,0.0
1651840587,-79,0,8198,0.0
1651840589,-79,0,8198,0.0
1651840591,-79,0,8198,0.0
1651840593,-79,0,8198,0.0
1651840595,-79,0,8198,0.0
1651840597,-79,0,8198,0.0
1651840599,-79,0,8198,0.0
1651840601,-79,0,8198,0.0
1651840603,-79,0,8198,0.0
1651840605,-79,0,8198,0.0
1651840607,-79,0,8198,0.0
1651840609,-79,0,8198,0.0
1651840611,-79,0,8198,0.0
1651840613,-79,0,8198,0.0
1651840615,-79,0,8198,0.0
1651840617,-79,0,8198,0.0
1651840619,-79,0,8198,0.0
1651840621,-79,0,8198,0.0
1651840623,-79,0,8198,0.0
1651840625,-79,0,8198,0.0
1651840627,-79,0,8198,0.0
1651840629,-79,0,8198,0.0
1651840631,-79,0,8198,0.0
1651840633,-79,0,8198,0.0
1651840635,-79,0,8198,0.0
1651840637,-79,0,8198,0.0
1651840639,-79,0,8198,0.0
1651840641,-79,0,8198,0.0
1651840643,-79,0,8198,0.0
1651840645,-79,0,8198,0.0
1651840647,-79,0,8198,0.0
1651840649,-79,0,8198,0.0
1651840651,-79,0,8198,0.0
1651840653,-79,0,8198,0.0
1651840655,-79,0,8198,0.0
1651840657,-79,0,8198,0.0
1651840659,-79,0,8198,0.0
1651840661,-79,0,8198,0.0
1651840663,-79,0,8198,0.0
1651840665,-79,0,8198,0.0
1651840667,-79,0,8198,0.0
1651840669,-79,0,8198,0.0
1651840671,-79,0,8198,0.0
1651840673,-79,0,8198,0.0
1651840675,-79,0,8198,0.0
1651840677,-79,0,8198,0.0
1651840679,-79,0,8198,0.0
1651840681,-79,0,8198,0.0
1651840683,-79,0,8198,0.0
1651840685,-79,0,8198,0.0
1651840687,-79,0,8198,0.0
1651840689,-79,0,8198,0.0
1651840691,-79,0,8198,0.0
1651840693,-79,0,8198,0.0
1651840695,-79,0,8198,0.0
1651840697,-79,0,8198,0.0
1651840699,-79,0,8198,0.0
1651840701,-79,0,8198,0.0
1651840703,-79,0,8198,0.0
1651840705,-79,0,8198,0.0
1651840707,-79,0,8198,0.0
1651840709,-79,0,8198,0.0
1651840711,-79,0,8198,0.0
1651840713,-79,0,8198,0.0
1651840715,-79,0,8198,0.0
1651840717,-79,0,8198,0.0
1651840719,-79,0,8198,0.0
1651840721,-79,0,8198,0.0
1651840723,-79,0,8198,0.0
1651840725,-79,0,8198,0.0
1651840727,-79,0,8198,0.0
1651840729,-79,0,8198,0.0
1651840731,-79,0,8198,0.0
1651840733,-79,0,8198,0.0
1651840735,-79,0,8198,0.0
1651840737,-79,0,8198,0.0
1651840739,-79,0,8198,0.0
1651840741,-79,0,8198,0.0
1651840743,-79,0,8198,0.0
1651840745,-79,0,8198,0.0
1651840747,-79,0,8198,0.0
1651840749,-79,0,8198,0.0
1651840751,-79,0,8198,0.0
1651840753,-79,0,8198,0.0
1651840755,-79,0,8198,0.0
1651840757,-79,0,8198,0.0
1651840759,-79,0,8198,0.0
1651840761,-79,0,8198,0.0
1651840763,-79,0,8198,0.0
1651840765,-79,0,8198,0.0
1651840767,-79,0,8198,0.0
1651840769,-79,0,8198,0.0
1651840771,-79,0,8198,0.0
1651840773,-79,0,8198,0.0
1651840775,-79,0,8198,0.0
1651840777,-79,0,8198,0.0
1651840779,-79,0,8198,0.0
1651840781,-79,0,8198,0.0
1651840783,-79,0,8198,0.0
1651840785,-79,0,8198,0.0
1651840787,-79,0,8198,0.0
1651840789,-79,0,8198,0.0
1651840791,-79,0,8198,0.0
1651840793,-79,0,8198,0.0
1651840795,-79,0,8198,0.0
1651840797,-79,0,8198,0.0
1651840799,-79,0,8198,0.0
1651840801,-79,0,8198,0.0
1651840803,-79,0,8198,0.0
1651840805,-79,0,8198,0.0
1651840807,-79,0,8198,0.0
1651840809,-79,0,8198,0.0
1651840811,-79,0,8198,0.0
1651840813,-79,0,8198,0.0
1651840815,-79,0,8198,0.0
1651840817,-79,0,8198,0.0
1651840819,-79,0,8198,0.0
1651840821,-79,0,8198,0.0
1651840823,-79,0,8198,0.0
1651840825,-79,0,8198,0.0
1651840827,-79,0,8198,0.0
1651840829,-79,0,8198,0.0
1651840831,-79,0,8198,0.0
1651840833,-79,0,8198,0.0
1651840835,-79,0,8198,0.0
1651840838,-79,0,8198,0.0
1651840840,-79,0,8198,0.0
1651840842,-79,0,8198,0.0
1651840844,-79,0,8198,0.0
1651840846,-79,0,8198,0.0
1651840848,-79,0,8198,0.0
1651840850,-79,0,8198,0.0
1651840852,-79,0,8198,0.0
1651840854,-79,0,8198,0.0
1651840856,-79,0,8198,0.0
1651840858,-79,0,8198,0.0
1651840860,-79,0,8198,0.0
1651840862,-79,0,8198,0.0
1651840864,-79,0,8198,0.0
1651840866,-79,0,8198,0.0
1651840868,-79,0,8198,0.0
1651840870,-79,0,8198,0.0
1651840872,-79,0,8198,0.0
1651840874,-79,0,8198,0.0
1651840876,-79,0,8198,0.0
1651840878,-79,0,8198,0.0
1651840880,-79,0,8198,0.0
1651840882,-79,0,8198,0.0
1651840884,-79,0,8198,0.0
1651840886,-79,0,8198,0.0
1651840888,-79,0,8198,0.0
1651840890,-79,0,8198,0.0
1651840892,-79,0,8198,0.0
1651840894,-79,0,8198,0.0
1651840896,-79,0,8198,0.0
1651840898,-79,0,8198,0.0
1651840900,-79,0,8198,0.0
1651840902,-79,0,8198,0.0
1651840904,-79,0,8198,0.0
1651840906,-79,0,8198,0.0
1651840908,-79,0,8198,0.0
1651840910,-79,0,8198,0.0
1651840912,-79,0,8198,0.0
1651840914,-79,0,8198,0.0
1651840916,-79,0,8198,0.0
1651840918,-79,0,8198,0.0
1651840920,-79,0,8198,0.0
1651840922,-79,0,8198,0.0
1651840924,-79,0,8198,0.0
1651840926,-79,0,8198,0.0
1651840928,-79,0,8198,0.0
1651840930,-79,0,8198,0.0
1651840932,-79,0,8198,0.0
1651840934,-79,0,8198,0.0
1651840936,-79,0,8198,0.0
1651840938,-79,0,8198,0.0
1651840940,-79,0,8198,0.0
1651840942,-79,0,8198,0.0
1651840944,-79,0,8198,0.0
1651840946,-79,0,8198,0.0
1651840948,-79,0,8198,0.0
1651840950,-79,0,8198,0.0
1651840952,-79,0,8198,0.0
