utc,rssi_dbm,mcs,implied_range_m,rate_m_per_s
1651803404,-19,0,8,
1651803406,-21,6,10,1.0
1651803408,-21,6,10,0.0
1651803410,-19,7,8,-1.0
1651803412,-19,0,8,0.0
1651803414,-19,0,8,0.0
1651803416,-24,0,15,3.5
1651803418,-24,0,15,0.0
1651803420,-25,4,16,0.5
1651803422,-29,13,26,5.0
1651803424,-27,13,21,-2.5
1651803426,-29,5,26,2.5
1651803428,-29,5,26,0.0
1651803430,-28,5,23,-1.5
1651803432,-29,5,26,1.5
1651803434,-20,14,9,-8.5
1651803436,-29,14,26,8.5
1651803438,-28,14,23,-1.5
1651803440,-23,14,13,-5.0
1651803442,-28,10,23,5.0
1651803444,-29,14,26,1.5
1651803446,-29,14,26,0.0
1651803448,-28,15,23,-1.5
1651803450,-29,15,26,1.5
1651803452,-29,15,26,0.0
1651803454,-26,15,18,-4.0
1651803456,-26,14,18,0.0
1651803458,-27,12,21,1.5
1651803460,-27,4,21,0.0
1651803462,-28,6,23,1.0
1651803464,-27,6,21,-1.0
1651803466,-30,6,29,4.0
1651803468,-27,6,21,-4.0
1651803470,-27,12,21,0.0
1651803472,-28,12,23,1.0
1651803474,-30,12,29,3.0
1651803476,-29,12,26,-1.5
1651803478,-30,7,29,1.5
1651803480,-28,7,23,-3.0
1651803482,-29,12,26,1.5
1651803484,-28,7,23,-1.5
1651803486,-28,7,23,0.0
1651803488,-29,7,26,1.5
1651803490,-28,11,23,-1.5
1651803492,-27,7,21,-1.0
1651803494,-29,12,26,2.5
1651803496,-29,12,26,0.0
1651803498,-29,14,26,0.0
1651803500,-28,12,23,-1.5
1651803502,-30,13,29,3.0
1651803504,-30,13,29,0.0
1651803506,-29,13,26,-1.5
1651803508,-27,13,21,-2.5
1651803510,-26,13,18,-1.5
1651803512,-27,14,21,1.5
1651803514,-23,14,13,-4.0
1651803516,-31,5,33,10.0
1651803518,-29,6,26,-3.5
1651803520,-29,12,26,0.0
1651803522,-32,6,37,5.5
1651803524,-29,6,26,-5.5
1651803526,-29,6,26,0.0
1651803528,-26,7,18,-4.0
1651803530,-30,7,29,5.5
1651803532,-31,13,33,2.0
1651803534,-28,11,23,-5.0
1651803536,-29,11,26,1.5
1651803538,-28,7,23,-1.5
1651803540,-33,7,41,9.0
1651803542,-28,11,23,-9.0
1651803544,-28,11,23,0.0
1651803546,-29,11,26,1.5
1651803548,-29,7,26,0.0
1651803550,-27,7,21,-2.5
1651803552,-27,7,21,0.0
1651803554,-30,14,29,4.0
1651803556,-30,14,29,0.0
1651803558,-21,14,10,-9.5
1651803560,-33,6,41,15.5
1651803562,-28,6,23,-9.0
1651803564,-27,3,21,-1.0
1651803566,-30,5,29,4.0
1651803568,-24,5,15,-7.0
1651803570,-33,5,41,13.0
1651803572,-29,5,26,-7.5
1651803574,-27,5,21,-2.5
1651803576,-28,5,23,1.0
1651803578,-20,14,9,-7.0
1651803580,-30,5,29,10.0
1651803582,-29,5,26,-1.5
1651803584,-28,5,23,-1.5
1651803586,-28,11,23,0.0
1651803588,-30,11,29,3.0
1651803590,-21,5,10,-9.5
1651803592,-31,11,33,11.5
1651803594,-29,11,26,-3.5
1651803596,-28,10,23,-1.5
1651803598,-23,12,13,-5.0
1651803600,-27,12,21,4.0
1651803602,-29,12,26,2.5
1651803604,-27,12,21,-2.5
1651803606,-31,6,33,6.0
1651803608,-30,13,29,-2.0
1651803610,-31,13,33,2.0
1651803612,-28,14,23,-5.0
1651803614,-29,10,26,1.5
1651803616,-25,14,16,-5.0
1651803618,-30,14,29,6.5
1651803620,-30,7,29,0.0
1651803622,-27,6,21,-4.0
1651803624,-28,6,23,1.0
1651803626,-27,11,21,-1.0
1651803628,-27,11,21,0.0
1651803630,-28,7,23,1.0
1651803632,-27,7,21,-1.0
1651803634,-29,7,26,2.5
1651803636,-27,7,21,-2.5
1651803638,-28,7,23,1.0
1651803640,-28,7,23,0.0
1651803642,-29,7,26,1.5
1651803644,-28,13,23,-1.5
1651803646,-31,13,33,5.0
1651803648,-28,13,23,-5.0
1651803650,-29,13,26,1.5
1651803652,-28,13,23,-1.5
1651803654,-28,13,23,0.0
1651803656,-28,13,23,0.0
1651803658,-29,13,26,1.5
1651803660,-28,7,23,-1.5
1651803662,-28,12,23,0.0
1651803664,-29,7,26,1.5
1651803666,-31,5,33,3.5
1651803668,-33,5,41,4.0
1651803670,-30,6,29,-6.0
1651803672,-29,6,26,-1.5
1651803674,-30,7,29,1.5
1651803676,-28,7,23,-3.0
1651803678,-26,13,18,-2.5
1651803680,-28,13,23,2.5
1651803682,-29,15,26,1.5
1651803684,-29,13,26,0.0
1651803686,-29,13,26,0.0
1651803688,-29,13,26,0.0
1651803690,-28,14,23,-1.5
1651803692,-28,12,23,0.0
1651803694,-28,13,23,0.0
1651803696,-28,15,23,0.0
1651803751,-23,0,13,-0.2
1651803753,-23,7,13,0.0
1651803755,-24,7,15,1.0
1651803757,-22,9,12,-1.5
1651803759,-21,9,10,-1.0
1651803761,-21,9,10,0.0
1651803763,-23,9,13,1.5
1651803765,-20,9,9,-2.0
1651803767,-29,9,26,8.5
1651803769,-31,4,33,3.5
1651803771,-28,4,23,-5.0
1651803773,-29,4,26,1.5
1651803775,-28,4,23,-1.5
1651803777,-27,9,21,-1.0
1651803779,-20,14,9,-6.0
1651803781,-19,14,8,-0.5
1651803783,-23,11,13,2.5
1651803785,-28,5,23,5.0
1651803787,-30,15,29,3.0
1651803789,-31,7,33,2.0
1651803791,-29,15,26,-3.5
1651803793,-30,9,29,1.5
1651803795,-28,14,23,-3.0
1651803797,-30,15,29,3.0
1651803799,-28,15,23,-3.0
1651803801,-28,5,23,0.0
1651803803,-29,12,26,1.5
1651803805,-28,12,23,-1.5
1651803807,-28,12,23,0.0
1651803809,-30,12,29,3.0
1651803811,-29,14,26,-1.5
1651803813,-29,12,26,0.0
1651803815,-27,14,21,-2.5
1651803817,-28,14,23,1.0
1651803819,-30,14,29,3.0
1651803821,-30,14,29,0.0
1651803823,-28,15,23,-3.0
1651803825,-23,13,13,-5.0
1651803827,-29,15,26,6.5
1651803829,-29,13,26,0.0
1651803831,-28,13,23,-1.5
1651803833,-27,10,21,-1.0
1651803835,-27,12,21,0.0
1651803837,-29,12,26,2.5
1651803839,-28,12,23,-1.5
1651803841,-29,6,26,1.5
1651803843,-28,7,23,-1.5
1651803845,-30,12,29,3.0
1651803847,-29,13,26,-1.5
1651803849,-28,5,23,-1.5
1651803851,-29,13,26,1.5
1651803853,-28,12,23,-1.5
1651803855,-28,12,23,0.0
1651803857,-28,13,23,0.0
1651803859,-29,13,26,1.5
1651803861,-27,13,21,-2.5
1651803863,-31,13,33,6.0
1651803865,-30,11,29,-2.0
1651803867,-28,13,23,-3.0
1651803869,-28,13,23,0.0
1651803871,-27,13,21,-1.0
1651803873,-29,13,26,2.5
1651803875,-27,13,21,-2.5
1651803877,-29,13,26,2.5
1651803879,-30,7,29,1.5
1651803881,-28,14,23,-3.0
1651803883,-29,14,26,1.5
1651803885,-32,6,37,5.5
1651803887,-29,11,26,-5.5
1651803889,-29,12,26,0.0
1651803891,-29,14,26,0.0
1651803893,-28,14,23,-1.5
1651803895,-30,14,29,3.0
1651803897,-29,14,26,-1.5
1651803899,-31,13,33,3.5
1651803901,-29,13,26,-3.5
1651803903,-19,14,8,-9.0
1651803905,-23,14,13,2.5
1651803907,-32,13,37,12.0
1651803909,-23,13,13,-12.0
1651803911,-35,13,52,19.5
1651803913,-30,7,29,-11.5
1651803915,-29,13,26,-1.5
1651803917,-26,13,18,-4.0
1651803919,-20,13,9,-4.5
1651803921,-23,14,13,2.0
1651803923,-22,14,12,-0.5
1651803925,-22,13,12,0.0
1651803927,-24,13,15,1.5
1651803929,-27,13,21,3.0
1651803931,-29,13,26,2.5
1651803933,-29,13,26,0.0
1651803935,-28,14,23,-1.5
1651803937,-30,14,29,3.0
1651803939,-27,13,21,-4.0
1651803941,-27,13,21,0.0
1651803943,-28,13,23,1.0
1651803945,-22,12,12,-5.5
1651803947,-30,12,29,8.5
1651803949,-28,7,23,-3.0
1651803951,-30,15,29,3.0
1651803953,-27,14,21,-4.0
1651803955,-28,11,23,1.0
1651803957,-26,15,18,-2.5
1651803959,-27,6,21,1.5
1651803961,-28,6,23,1.0
1651803963,-28,7,23,0.0
1651803965,-29,10,26,1.5
1651803967,-29,11,26,0.0
1651803969,-27,6,21,-2.5
1651803971,-21,6,10,-5.5
1651803973,-26,6,18,4.0
1651803975,-32,6,37,9.5
1651803977,-27,7,21,-8.0
1651803979,-26,7,18,-1.5
1651803981,-27,7,21,1.5
1651803983,-27,13,21,0.0
1651803985,-31,13,33,6.0
1651803987,-31,11,33,0.0
1651803989,-29,11,26,-3.5
1651803991,-29,12,26,0.0
1651803993,-28,12,23,-1.5
1651803995,-28,14,23,0.0
1651803997,-28,14,23,0.0
1651803999,-28,14,23,0.0
1651804001,-30,12,29,3.0
1651804003,-29,6,26,-1.5
1651804005,-31,15,33,3.5
1651804007,-28,6,23,-5.0
1651804009,-28,6,23,0.0
1651804011,-28,6,23,0.0
1651804013,-22,7,12,-5.5
1651804015,-30,7,29,8.5
1651804017,-28,12,23,-3.0
1651804019,-31,13,33,5.0
1651804021,-23,13,13,-10.0
1651804023,-27,13,21,4.0
1651804025,-31,14,33,6.0
1651804027,-29,14,26,-3.5
1651804029,-29,14,26,0.0
1651804031,-20,14,9,-8.5
1651804033,-19,14,8,-0.5
1651804035,-30,14,29,10.5
1651804037,-31,5,33,2.0
1651804039,-31,7,33,0.0
1651804041,-29,7,26,-3.5
1651804043,-26,7,18,-4.0
1651804045,-29,11,26,4.0
1651804047,-29,7,26,0.0
1651804049,-28,15,23,-1.5
1651804051,-29,13,26,1.5
1651804053,-29,13,26,0.0
1651804055,-28,6,23,-1.5
1651804058,-30,12,29,2.0
1651804060,-31,12,33,2.0
1651804062,-30,4,29,-2.0
1651804064,-27,6,21,-4.0
1651804066,-28,6,23,1.0
1651804068,-27,6,21,-1.0
1651804070,-26,7,18,-1.5
1651804072,-30,7,29,5.5
1651804074,-28,5,23,-3.0
1651804076,-29,5,26,1.5
1651804078,-29,12,26,0.0
1651804080,-29,12,26,0.0
1651804082,-28,12,23,-1.5
1651804084,-27,12,21,-1.0
1651804086,-28,12,23,1.0
1651804088,-29,12,26,1.5
1651804090,-27,12,21,-2.5
1651804092,-32,12,37,8.0
1651804094,-29,12,26,-5.5
1651804096,-28,7,23,-1.5
1651804098,-29,7,26,1.5
1651804100,-30,7,29,1.5
1651804102,-27,7,21,-4.0
1651804104,-30,11,29,4.0
1651804106,-27,11,21,-4.0
1651804108,-29,12,26,2.5
1651804110,-30,12,29,1.5
1651804112,-29,14,26,-1.5
1651804114,-28,14,23,-1.5
1651804116,-29,14,26,1.5
1651804118,-28,14,23,-1.5
1651804120,-29,15,26,1.5
1651804122,-28,10,23,-1.5
1651804124,-30,11,29,3.0
1651804126,-21,5,10,-9.5
1651804128,-28,4,23,6.5
1651804130,-29,11,26,1.5
1651804132,-28,5,23,-1.5
1651804134,-28,5,23,0.0
1651804136,-28,5,23,0.0
1651804138,-23,15,13,-5.0
1651804140,-28,11,23,5.0
1651804142,-26,15,18,-2.5
1651804144,-29,15,26,4.0
1651804146,-27,15,21,-2.5
1651804148,-29,15,26,2.5
1651804150,-25,12,16,-5.0
1651804152,-26,12,18,1.0
1651804154,-25,12,16,-1.0
1651804156,-25,12,16,0.0
1651804158,-33,13,41,12.5
1651804160,-32,14,37,-2.0
1651804162,-30,14,29,-4.0
1651804164,-31,14,33,2.0
1651804166,-29,14,26,-3.5
1651804168,-29,14,26,0.0
1651804170,-28,13,23,-1.5
1651804172,-28,13,23,0.0
1651804174,-29,13,26,1.5
1651804176,-29,14,26,0.0
1651804178,-29,14,26,0.0
1651804180,-28,11,23,-1.5
1651804182,-28,12,23,0.0
1651804184,-28,12,23,0.0
1651804186,-30,12,29,3.0
1651804188,-30,12,29,0.0
1651804190,-28,12,23,-3.0
1651804192,-19,12,8,-7.5
1651804194,-22,5,12,2.0
1651804196,-31,7,33,10.5
1651804198,-25,6,16,-8.5
1651804200,-27,12,21,2.5
1651804202,-31,12,33,6.0
1651804204,-30,12,29,-2.0
1651804206,-27,14,21,-4.0
1651804208,-28,14,23,1.0
1651804210,-29,13,26,1.5
1651804212,-31,13,33,3.5
1651804214,-32,13,37,2.0
1651804216,-29,14,26,-5.5
1651804218,-28,14,23,-1.5
1651804220,-31,13,33,5.0
1651804222,-18,13,7,-13.0
1651804224,-31,13,33,13.0
1651804226,-23,6,13,-10.0
1651804228,-29,14,26,6.5
1651804230,-24,13,15,-5.5
1651804232,-31,13,33,9.0
1651804234,-28,13,23,-5.0
1651804236,-27,14,21,-1.0
1651804238,-25,15,16,-2.5
1651804240,-25,13,16,0.0
1651804242,-31,15,33,8.5
1651804244,-32,15,37,2.0
1651804246,-25,14,16,-10.5
1651804248,-27,14,21,2.5
1651804250,-25,14,16,-2.5
1651804252,-28,7,23,3.5
1651804254,-29,13,26,1.5
1651804256,-29,13,26,0.0
1651804258,-29,13,26,0.0
1651804260,-29,13,26,0.0
1651804262,-28,14,23,-1.5
1651804264,-29,14,26,1.5
1651804266,-27,14,21,-2.5
1651804268,-28,15,23,1.0
1651804270,-28,15,23,0.0
1651804272,-29,15,26,1.5
1651804274,-28,15,23,-1.5
1651804276,-30,15,29,3.0
1651804278,-28,15,23,-3.0
1651804280,-29,15,26,1.5
1651804282,-29,6,26,0.0
1651804284,-29,15,26,0.0
1651804286,-29,6,26,0.0
1651804288,-29,6,26,0.0
1651804290,-24,6,15,-5.5
1651804292,-33,4,41,13.0
1651804294,-34,4,46,2.5
1651804296,-28,15,23,-11.5
1651804298,-29,3,26,1.5
1651804300,-21,6,10,-8.0
1651804302,-23,6,13,1.5
1651804304,-31,14,33,10.0
1651804306,-28,14,23,-5.0
1651804308,-29,14,26,1.5
1651804310,-28,14,23,-1.5
1651804312,-22,14,12,-5.5
1651804314,-29,14,26,7.0
1651804316,-30,14,29,1.5
1651804318,-28,14,23,-3.0
1651804320,-26,14,18,-2.5
1651804322,-21,14,10,-4.0
1651804324,-28,14,23,6.5
1651804326,-28,14,23,0.0
1651804328,-29,14,26,1.5
1651804330,-27,14,21,-2.5
1651804332,-29,13,26,2.5
1651804334,-27,15,21,-2.5
1651804336,-28,15,23,1.0
1651804338,-25,15,16,-3.5
1651804340,-25,15,16,0.0
1651804342,-32,15,37,10.5
1651804344,-28,15,23,-7.0
1651804346,-28,15,23,0.0
1651804348,-27,15,21,-1.0
1651804350,-29,15,26,2.5
1651804352,-27,11,21,-2.5
1651804354,-24,15,15,-3.0
1651804356,-29,15,26,5.5
1651804358,-32,15,37,5.5
1651804360,-31,15,33,-2.0
1651804362,-30,15,29,-2.0
1651804364,-29,15,26,-1.5
1651804366,-30,15,29,1.5
1651804368,-28,4,23,-3.0
1651804370,-28,4,23,0.0
1651804372,-25,7,16,-3.5
1651804374,-28,7,23,3.5
1651804376,-29,7,26,1.5
1651804378,-28,7,23,-1.5
1651804380,-30,7,29,3.0
1651804382,-29,7,26,-1.5
1651804384,-30,12,29,1.5
1651804386,-28,7,23,-3.0
1651804388,-28,12,23,0.0
1651804390,-30,12,29,3.0
1651804392,-28,12,23,-3.0
1651804394,-29,14,26,1.5
1651804396,-32,14,37,5.5
1651804398,-32,12,37,0.0
1651804400,-29,6,26,-5.5
1651804402,-28,6,23,-1.5
1651804404,-22,6,12,-5.5
1651804406,-33,6,41,14.5
1651804408,-28,6,23,-9.0
1651804410,-29,7,26,1.5
1651804412,-25,7,16,-5.0
1651804414,-27,11,21,2.5
1651804416,-28,14,23,1.0
1651804418,-30,14,29,3.0
1651804420,-28,11,23,-3.0
1651804422,-27,11,21,-1.0
1651804424,-30,13,29,4.0
1651804426,-28,11,23,-3.0
1651804428,-26,11,18,-2.5
1651804430,-29,12,26,4.0
1651804432,-28,12,23,-1.5
1651804434,-29,12,26,1.5
1651804436,-29,12,26,0.0
1651804438,-28,5,23,-1.5
1651804440,-30,12,29,3.0
1651804442,-26,12,18,-5.5
1651804444,-29,12,26,4.0
1651804446,-29,14,26,0.0
1651804448,-29,14,26,0.0
1651804450,-31,14,33,3.5
1651804452,-28,12,23,-5.0
1651804454,-29,13,26,1.5
1651804456,-30,13,29,1.5
1651804458,-28,15,23,-3.0
1651804460,-27,11,21,-1.0
1651804462,-41,14,103,41.0
1651804464,-33,6,41,-31.0
1651804466,-24,14,15,-13.0
1651804468,-30,14,29,7.0
1651804470,-33,14,41,6.0
1651804472,-26,4,18,-11.5
1651804474,-29,5,26,4.0
1651804476,-28,5,23,-1.5
1651804478,-27,5,21,-1.0
1651804480,-29,5,26,2.5
1651804482,-28,5,23,-1.5
1651804484,-22,5,12,-5.5
1651804486,-33,13,41,14.5
1651804488,-27,13,21,-10.0
1651804490,-20,15,9,-6.0
1651804492,-31,15,33,12.0
1651804494,-27,7,21,-6.0
1651804496,-28,7,23,1.0
1651804498,-28,15,23,0.0
1651804500,-27,7,21,-1.0
1651804502,-27,7,21,0.0
1651804504,-26,13,18,-1.5
1651804506,-27,3,21,1.5
1651804508,-26,3,18,-1.5
1651804510,-30,3,29,5.5
1651804512,-18,2,7,-11.0
1651804514,-26,3,18,5.5
1651804516,-29,5,26,4.0
1651804518,-27,5,21,-2.5
1651804520,-27,5,21,0.0
1651804522,-25,5,16,-2.5
1651804524,-28,5,23,3.5
1651804526,-31,5,33,5.0
1651804528,-29,5,26,-3.5
1651804530,-28,12,23,-1.5
1651804532,-26,12,18,-2.5
1651804534,-28,12,23,2.5
1651804536,-21,12,10,-6.5
1651804538,-29,12,26,8.0
1651804540,-28,12,23,-1.5
1651804542,-28,12,23,0.0
1651804544,-29,12,26,1.5
1651804546,-30,12,29,1.5
1651804548,-29,12,26,-1.5
1651804550,-29,12,26,0.0
1651804552,-27,12,21,-2.5
1651804554,-28,12,23,1.0
1651804556,-30,14,29,3.0
1651804558,-31,12,33,2.0
1651804560,-30,12,29,-2.0
1651804562,-28,14,23,-3.0
1651804564,-29,12,26,1.5
1651804566,-27,12,21,-2.5
1651804568,-28,12,23,1.0
1651804570,-27,12,21,-1.0
1651804572,-26,12,18,-1.5
1651804574,-33,12,41,11.5
1651804576,-25,12,16,-12.5
1651804578,-26,2,18,1.0
1651804580,-27,12,21,1.5
1651804582,-32,12,37,8.0
1651804584,-26,12,18,-9.5
1651804586,-27,12,21,1.5
1651804588,-29,13,26,2.5
1651804590,-29,15,26,0.0
1651804592,-27,5,21,-2.5
1651804594,-27,5,21,0.0
1651804596,-27,7,21,0.0
1651804598,-28,7,23,1.0
1651804600,-28,7,23,0.0
1651804602,-28,7,23,0.0
1651804604,-27,5,21,-1.0
1651804606,-29,5,26,2.5
1651804608,-29,5,26,0.0
1651804610,-29,5,26,0.0
1651804612,-29,5,26,0.0
1651804614,-27,5,21,-2.5
1651804616,-29,11,26,2.5
1651804618,-29,11,26,0.0
1651804620,-27,5,21,-2.5
1651804622,-26,5,18,-1.5
1651804624,-26,13,18,0.0
1651804626,-29,12,26,4.0
1651804628,-30,13,29,1.5
1651804630,-30,10,29,0.0
1651804632,-31,10,33,2.0
1651804634,-30,5,29,-2.0
1651804636,-25,12,16,-6.5
1651804638,-29,12,26,5.0
1651804640,-27,12,21,-2.5
1651804642,-30,12,29,4.0
1651804644,-27,12,21,-4.0
1651804646,-27,12,21,0.0
1651804648,-29,12,26,2.5
1651804650,-30,12,29,1.5
1651804652,-22,12,12,-8.5
1651804654,-23,12,13,0.5
1651804656,-31,12,33,10.0
1651804658,-29,12,26,-3.5
1651804660,-26,12,18,-4.0
1651804662,-28,7,23,2.5
1651804664,-26,10,18,-2.5
1651804666,-31,6,33,7.5
1651804668,-27,6,21,-6.0
1651804670,-26,6,18,-1.5
1651804672,-21,6,10,-4.0
1651804674,-27,12,21,5.5
1651804676,-22,12,12,-4.5
1651804678,-26,12,18,3.0
1651804680,-26,12,18,0.0
1651804682,-29,5,26,4.0
1651804684,-27,13,21,-2.5
1651804686,-30,5,29,4.0
1651804688,-30,7,29,0.0
1651804690,-26,12,18,-5.5
1651804692,-25,7,16,-1.0
1651804694,-26,7,18,1.0
1651804696,-29,7,26,4.0
1651804698,-28,7,23,-1.5
1651804700,-27,7,21,-1.0
1651804702,-28,7,23,1.0
1651804704,-26,5,18,-2.5
1651804706,-30,5,29,5.5
1651804708,-28,5,23,-3.0
1651804710,-27,13,21,-1.0
1651804712,-26,5,18,-1.5
1651804714,-26,7,18,0.0
1651804716,-28,5,23,2.5
1651804718,-27,15,21,-1.0
1651804720,-29,5,26,2.5
1651804722,-24,5,15,-5.5
1651804724,-26,7,18,1.5
1651804726,-26,7,18,0.0
1651804728,-29,7,26,4.0
1651804730,-24,7,15,-5.5
1651804732,-24,11,15,0.0
1651804734,-24,7,15,0.0
1651804736,-31,7,33,9.0
1651804738,-26,7,18,-7.5
1651804740,-26,12,18,0.0
1651804742,-28,11,23,2.5
1651804744,-27,12,21,-1.0
1651804746,-29,7,26,2.5
1651804748,-29,7,26,0.0
1651804750,-29,12,26,0.0
1651804752,-26,12,18,-4.0
1651804754,-28,7,23,2.5
1651804756,-26,7,18,-2.5
1651804758,-30,7,29,5.5
1651804760,-28,7,23,-3.0
1651804762,-29,12,26,1.5
1651804764,-27,12,21,-2.5
1651804766,-31,12,33,6.0
1651804768,-31,12,33,0.0
1651804770,-26,12,18,-7.5
1651804772,-28,12,23,2.5
1651804774,-29,12,26,1.5
1651804776,-28,13,23,-1.5
1651804778,-28,12,23,0.0
1651804780,-23,4,13,-5.0
1651804782,-25,6,16,1.5
1651804784,-29,6,26,5.0
1651804786,-27,6,21,-2.5
1651804788,-29,13,26,2.5
1651804790,-28,13,23,-1.5
1651804792,-27,13,21,-1.0
1651804794,-27,13,21,0.0
1651804796,-29,12,26,2.5
1651804798,-27,10,21,-2.5
1651804800,-28,6,23,1.0
1651804802,-26,6,18,-2.5
1651804804,-28,6,23,2.5
1651804806,-28,4,23,0.0
1651804808,-29,4,26,1.5
1651804810,-27,7,21,-2.5
1651804812,-27,14,21,0.0
1651804814,-27,4,21,0.0
1651804816,-27,4,21,0.0
1651804818,-27,7,21,0.0
1651804820,-26,7,18,-1.5
1651804822,-28,7,23,2.5
1651804824,-28,7,23,0.0
1651804826,-28,7,23,0.0
1651804828,-27,7,21,-1.0
1651804830,-28,7,23,1.0
1651804832,-27,12,21,-1.0
1651804834,-28,6,23,1.0
1651804836,-27,6,21,-1.0
1651804838,-26,6,18,-1.5
1651804840,-27,7,21,1.5
1651804842,-29,3,26,2.5
1651804844,-27,10,21,-2.5
1651804846,-27,3,21,0.0
1651804848,-27,2,21,0.0
1651804850,-26,4,18,-1.5
1651804852,-21,4,10,-4.0
1651804854,-28,9,23,6.5
1651804856,-27,4,21,-1.0
1651804858,-26,12,18,-1.5
1651804860,-27,12,21,1.5
1651804862,-29,7,26,2.5
1651804864,-28,12,23,-1.5
1651804866,-27,12,21,-1.0
1651804868,-27,12,21,0.0
1651804870,-25,12,16,-2.5
1651804872,-29,12,26,5.0
1651804874,-26,4,18,-4.0
1651804876,-25,4,16,-1.0
1651804878,-26,4,18,1.0
1651804880,-28,4,23,2.5
1651804882,-27,11,21,-1.0
1651804884,-24,11,15,-3.0
1651804886,-25,11,16,0.5
1651804888,-27,4,21,2.5
1651804890,-28,7,23,1.0
1651804892,-26,4,18,-2.5
1651804894,-28,5,23,2.5
1651804896,-27,5,21,-1.0
1651804898,-25,7,16,-2.5
1651804900,-27,7,21,2.5
1651804902,-26,7,18,-1.5
1651804904,-26,7,18,0.0
1651804906,-28,7,23,2.5
1651804908,-20,7,9,-7.0
1651804910,-29,9,26,8.5
1651804912,-26,11,18,-4.0
1651804914,-26,11,18,0.0
1651804916,-25,11,16,-1.0
1651804918,-29,12,26,5.0
1651804920,-27,11,21,-2.5
1651804922,-25,11,16,-2.5
1651804924,-27,11,21,2.5
1651804926,-27,7,21,0.0
1651804928,-29,7,26,2.5
1651804930,-27,7,21,-2.5
1651804932,-26,11,18,-1.5
1651804934,-28,12,23,2.5
1651804936,-26,14,18,-2.5
1651804938,-28,5,23,2.5
1651804940,-28,5,23,0.0
1651804942,-27,5,21,-1.0
1651804944,-27,6,21,0.0
1651804946,-27,6,21,0.0
1651804948,-26,6,18,-1.5
1651804950,-26,6,18,0.0
1651804952,-30,6,29,5.5
1651804954,-27,5,21,-4.0
1651804956,-26,5,18,-1.5
1651804958,-21,5,10,-4.0
1651804960,-27,7,21,5.5
1651804962,-27,7,21,0.0
1651804964,-28,7,23,1.0
1651804966,-27,7,21,-1.0
1651804968,-27,7,21,0.0
1651804970,-22,7,12,-4.5
1651804972,-27,11,21,4.5
1651804974,-28,11,23,1.0
1651804976,-28,11,23,0.0
1651804978,-30,11,29,3.0
1651804980,-26,12,18,-5.5
1651804982,-27,12,21,1.5
1651804984,-26,12,18,-1.5
1651804986,-26,12,18,0.0
1651804988,-28,7,23,2.5
1651804990,-27,7,21,-1.0
1651804992,-28,7,23,1.0
1651804994,-25,15,16,-3.5
1651804996,-27,7,21,2.5
1651804998,-27,7,21,0.0
1651805000,-28,7,23,1.0
1651805002,-26,6,18,-2.5
1651805004,-76,6,5804,2893.0
1651805006,-27,6,21,-2891.5
1651805008,-26,6,18,-1.5
1651805010,-26,6,18,0.0
1651805012,-28,10,23,2.5
1651805014,-27,5,21,-1.0
1651805016,-28,12,23,1.0
1651805018,-28,12,23,0.0
1651805020,-27,12,21,-1.0
1651805022,-26,12,18,-1.5
1651805024,-26,5,18,0.0
1651805026,-27,5,21,1.5
1651805028,-27,11,21,0.0
1651805030,-25,7,16,-2.5
1651805032,-25,7,16,0.0
1651805034,-27,6,21,2.5
1651805036,-28,5,23,1.0
1651805038,-30,5,29,3.0
1651805040,-27,5,21,-4.0
1651805042,-28,5,23,1.0
1651805044,-27,9,21,-1.0
1651805046,-28,5,23,1.0
1651805048,-26,12,18,-2.5
1651805050,-19,12,8,-5.0
1651805052,-20,12,9,0.5
1651805054,-27,12,21,6.0
1651805056,-26,12,18,-1.5
1651805058,-25,12,16,-1.0
1651805060,-27,12,21,2.5
1651805062,-26,12,18,-1.5
1651805064,-27,12,21,1.5
1651805066,-27,12,21,0.0
1651805068,-25,12,16,-2.5
1651805070,-28,12,23,3.5
1651805072,-27,12,21,-1.0
1651805074,-23,12,13,-4.0
1651805076,-27,12,21,4.0
1651805078,-26,12,18,-1.5
1651805080,-26,12,18,0.0
1651805082,-28,12,23,2.5
1651805084,-27,12,21,-1.0
1651805086,-27,12,21,0.0
1651805088,-27,12,21,0.0
1651805090,-29,12,26,2.5
1651805092,-28,12,23,-1.5
1651805094,-26,12,18,-2.5
1651805096,-27,12,21,1.5
1651805098,-27,12,21,0.0
1651805100,-28,12,23,1.0
1651805102,-28,12,23,0.0
1651805104,-30,12,29,3.0
1651805106,-26,12,18,-5.5
1651805108,-25,12,16,-1.0
1651805110,-27,13,21,2.5
1651805112,-26,12,18,-1.5
1651805114,-25,12,16,-1.0
1651805116,-28,12,23,3.5
1651805118,-28,12,23,0.0
1651805120,-27,11,21,-1.0
1651805122,-27,12,21,0.0
1651805124,-27,11,21,0.0
1651805126,-26,11,18,-1.5
1651805128,-28,6,23,2.5
1651805130,-27,6,21,-1.0
1651805132,-28,6,23,1.0
1651805134,-27,6,21,-1.0
1651805136,-27,6,21,0.0
1651805138,-27,11,21,0.0
1651805140,-30,11,29,4.0
1651805142,-26,6,18,-5.5
1651805144,-28,6,23,2.5
1651805146,-26,11,18,-2.5
1651805148,-30,12,29,5.5
1651805150,-27,12,21,-4.0
1651805152,-27,7,21,0.0
1651805154,-26,7,18,-1.5
1651805156,-25,14,16,-1.0
1651805158,-28,6,23,3.5
1651805160,-26,7,18,-2.5
1651805162,-28,7,23,2.5
1651805164,-27,7,21,-1.0
1651805166,-30,7,29,4.0
1651805168,-26,7,18,-5.5
1651805170,-27,7,21,1.5
1651805172,-26,7,18,-1.5
1651805174,-27,9,21,1.5
1651805176,-28,4,23,1.0
1651805178,-19,4,8,-7.5
1651805180,-30,3,29,10.5
1651805182,-25,2,16,-6.5
1651805184,-27,3,21,2.5
1651805186,-28,7,23,1.0
1651805188,-26,7,18,-2.5
1651805190,-27,7,21,1.5
1651805192,-26,7,18,-1.5
1651805194,-26,7,18,0.0
1651805196,-28,7,23,2.5
1651805198,-26,7,18,-2.5
1651805200,-28,7,23,2.5
1651805202,-28,7,23,0.0
1651805204,-29,7,26,1.5
1651805206,-25,7,16,-5.0
1651805208,-28,7,23,3.5
1651805210,-26,7,18,-2.5
1651805212,-27,7,21,1.5
1651805214,-23,7,13,-4.0
1651805216,-28,7,23,5.0
1651805218,-27,7,21,-1.0
1651805220,-26,10,18,-1.5
1651805222,-26,7,18,0.0
1651805224,-28,7,23,2.5
1651805226,-28,12,23,0.0
1651805228,-26,12,18,-2.5
1651805230,-28,12,23,2.5
1651805232,-27,12,21,-1.0
1651805234,-27,12,21,0.0
1651805236,-26,12,18,-1.5
1651805238,-28,12,23,2.5
1651805240,-28,12,23,0.0
1651805242,-28,12,23,0.0
1651805244,-28,13,23,0.0
1651805246,-27,12,21,-1.0
1651805248,-26,12,18,-1.5
1651805250,-28,12,23,2.5
1651805252,-27,12,21,-1.0
1651805254,-29,15,26,2.5
1651805256,-28,12,23,-1.5
1651805258,-28,12,23,0.0
1651805260,-27,12,21,-1.0
1651805262,-27,12,21,0.0
1651805264,-27,7,21,0.0
1651805266,-28,7,23,1.0
1651805268,-26,7,18,-2.5
1651805270,-27,6,21,1.5
1651805272,-26,6,18,-1.5
1651805274,-27,6,21,1.5
1651805276,-26,6,18,-1.5
1651805278,-26,6,18,0.0
1651805280,-18,7,7,-5.5
1651805282,-26,6,18,5.5
1651805284,-26,12,18,0.0
1651805286,-22,6,12,-3.0
1651805288,-25,6,16,2.0
1651805290,-30,6,29,6.5
1651805292,-27,6,21,-4.0
1651805295,-25,6,16,-1.7
1651805297,-27,12,21,2.5
1651805299,-26,12,18,-1.5
1651805301,-27,12,21,1.5
1651805303,-27,12,21,0.0
1651805305,-29,6,26,2.5
1651805307,-21,6,10,-8.0
1651805309,-26,6,18,4.0
1651805311,-27,13,21,1.5
1651805313,-27,12,21,0.0
1651805315,-28,12,23,1.0
1651805317,-27,12,21,-1.0
1651805319,-26,5,18,-1.5
1651805321,-28,5,23,2.5
1651805323,-28,5,23,0.0
1651805325,-28,5,23,0.0
1651805327,-29,6,26,1.5
1651805329,-26,6,18,-4.0
1651805331,-26,6,18,0.0
1651805333,-28,6,23,2.5
1651805335,-27,6,21,-1.0
1651805337,-27,6,21,0.0
1651805339,-27,6,21,0.0
1651805341,-28,14,23,1.0
1651805343,-27,14,21,-1.0
1651805345,-26,6,18,-1.5
1651805347,-26,6,18,0.0
1651805349,-26,6,18,0.0
1651805351,-27,5,21,1.5
1651805353,-27,5,21,0.0
1651805355,-27,5,21,0.0
1651805357,-28,5,23,1.0
1651805359,-28,6,23,0.0
1651805361,-28,6,23,0.0
1651805363,-28,12,23,0.0
1651805365,-28,12,23,0.0
1651805367,-27,12,21,-1.0
1651805369,-22,6,12,-4.5
1651805371,-26,6,18,3.0
1651805373,-28,6,23,2.5
1651805375,-27,6,21,-1.0
1651805377,-26,6,18,-1.5
1651805379,-17,6,7,-5.5
1651805381,-24,12,15,4.0
1651805383,-37,5,65,25.0
1651805385,-31,5,33,-16.0
1651805387,-23,5,13,-10.0
1651805389,-23,5,13,0.0
1651805391,-25,14,16,1.5
1651805393,-25,6,16,0.0
1651805395,-28,6,23,3.5
1651805397,-27,6,21,-1.0
1651805399,-24,7,15,-3.0
1651805401,-27,7,21,3.0
1651805403,-25,7,16,-2.5
1651805405,-26,13,18,1.0
1651805407,-28,7,23,2.5
1651805409,-27,10,21,-1.0
1651805411,-29,10,26,2.5
1651805413,-28,7,23,-1.5
1651805415,-27,7,21,-1.0
1651805417,-29,7,26,2.5
1651805419,-30,10,29,1.5
1651805421,-25,6,16,-6.5
1651805423,-25,6,16,0.0
1651805425,-25,10,16,0.0
1651805427,-29,10,26,5.0
1651805429,-26,6,18,-4.0
1651805431,-30,6,29,5.5
1651805433,-26,6,18,-5.5
1651805435,-28,6,23,2.5
1651805437,-26,6,18,-2.5
1651805439,-28,6,23,2.5
1651805441,-25,6,16,-3.5
1651805443,-28,6,23,3.5
1651805445,-28,6,23,0.0
1651805447,-28,6,23,0.0
1651805449,-22,11,12,-5.5
1651805451,-24,6,15,1.5
1651805453,-26,6,18,1.5
1651805455,-25,6,16,-1.0
1651805457,-21,6,10,-3.0
1651805459,-23,6,13,1.5
1651805461,-24,6,15,1.0
1651805463,-23,11,13,-1.0
1651805465,-23,6,13,0.0
1651805467,-24,6,15,1.0
1651805469,-25,6,16,0.5
1651805471,-25,5,16,0.0
1651805473,-26,6,18,1.0
1651805475,-21,5,10,-4.0
1651805477,-24,6,15,2.5
1651805479,-21,7,10,-2.5
1651805481,-21,7,10,0.0
1651805483,-25,7,16,3.0
1651805485,-25,7,16,0.0
1651805487,-26,7,18,1.0
1651805489,-27,7,21,1.5
1651805491,-25,11,16,-2.5
1651805493,-26,11,18,1.0
1651805495,-26,11,18,0.0
1651805497,-23,11,13,-2.5
1651805499,-25,11,16,1.5
1651805501,-25,11,16,0.0
1651805503,-23,11,13,-1.5
1651805505,-24,11,15,1.0
1651805507,-25,11,16,0.5
1651805509,-24,11,15,-0.5
1651805511,-25,11,16,0.5
1651805513,-24,4,15,-0.5
1651805515,-24,4,15,0.0
1651805517,-23,11,13,-1.0
1651805519,-15,12,5,-4.0
1651805521,-26,12,18,6.5
1651805523,-25,12,16,-1.0
1651805525,-24,12,15,-0.5
1651805527,-24,13,15,0.0
1651805529,-24,13,15,0.0
1651805531,-24,13,15,0.0
1651805533,-23,13,13,-1.0
1651805535,-24,13,15,1.0
1651805537,-21,5,10,-2.5
1651805539,-26,13,18,4.0
1651805541,-26,13,18,0.0
1651805543,-26,13,18,0.0
1651805545,-26,14,18,0.0
1651805547,-25,14,16,-1.0
1651805549,-23,15,13,-1.5
1651805551,-24,5,15,1.0
1651805553,-24,5,15,0.0
1651805555,-24,5,15,0.0
1651805557,-25,5,16,0.5
1651805559,-24,4,15,-0.5
1651805561,-25,4,16,0.5
1651805563,-24,4,15,-0.5
1651805565,-25,10,16,0.5
1651805567,-26,10,18,1.0
1651805569,-23,10,13,-2.5
1651805571,-23,10,13,0.0
1651805573,-24,10,15,1.0
1651805575,-24,10,15,0.0
1651805577,-25,13,16,0.5
1651805579,-24,5,15,-0.5
1651805581,-24,5,15,0.0
1651805583,-23,10,13,-1.0
1651805585,-22,10,12,-0.5
1651805587,-25,12,16,2.0
1651805589,-24,12,15,-0.5
1651805591,-24,12,15,0.0
1651805593,-25,12,16,0.5
1651805595,-24,12,15,-0.5
1651805597,-24,12,15,0.0
1651805599,-24,12,15,0.0
1651805601,-26,12,18,1.5
1651805603,-24,4,15,-1.5
1651805605,-24,4,15,0.0
1651805607,-25,5,16,0.5
1651805609,-24,5,15,-0.5
1651805611,-24,5,15,0.0
1651805613,-25,5,16,0.5
1651805615,-21,13,10,-3.0
1651805617,-25,2,16,3.0
1651805619,-23,3,13,-1.5
1651805621,-25,3,16,1.5
1651805623,-23,5,13,-1.5
1651805625,-23,5,13,0.0
1651805627,-24,5,15,1.0
1651805629,-24,5,15,0.0
1651805631,-23,14,13,-1.0
1651805633,-25,5,16,1.5
1651805635,-24,5,15,-0.5
1651805637,-25,13,16,0.5
1651805639,-24,5,15,-0.5
1651805641,-24,15,15,0.0
1651805643,-24,6,15,0.0
1651805645,-23,6,13,-1.0
1651805647,-24,6,15,1.0
1651805649,-23,6,13,-1.0
1651805651,-27,6,21,4.0
1651805653,-26,6,18,-1.5
1651805655,-25,6,16,-1.0
1651805657,-24,6,15,-0.5
1651805659,-23,13,13,-1.0
1651805661,-25,13,16,1.5
1651805663,-26,13,18,1.0
1651805665,-25,6,16,-1.0
1651805667,-26,6,18,1.0
1651805669,-24,6,15,-1.5
1651805671,-24,6,15,0.0
1651805673,-22,6,12,-1.5
1651805675,-22,6,12,0.0
1651805677,-23,11,13,0.5
1651805679,-24,6,15,1.0
1651805681,-24,6,15,0.0
1651805683,-24,6,15,0.0
1651805685,-24,13,15,0.0
1651805687,-25,11,16,0.5
1651805689,-19,9,8,-4.0
1651805691,-27,9,21,6.5
1651805693,-26,5,18,-1.5
1651805695,-27,5,21,1.5
1651805697,-26,5,18,-1.5
1651805699,-21,5,10,-4.0
1651805701,-15,12,5,-2.5
1651805703,-22,12,12,3.5
1651805705,-25,12,16,2.0
1651805707,-24,14,15,-0.5
1651805709,-22,10,12,-1.5
1651805711,-23,14,13,0.5
1651805713,-22,14,12,-0.5
1651805715,-17,14,7,-2.5
1651805717,-25,14,16,4.5
1651805719,-23,14,13,-1.5
1651805721,-24,14,15,1.0
1651805723,-24,11,15,0.0
1651805725,-24,11,15,0.0
1651805727,-24,15,15,0.0
1651805729,-23,11,13,-1.0
1651805731,-24,11,15,1.0
1651805733,-17,11,7,-4.0
1651805735,-27,7,21,7.0
1651805737,-22,12,12,-4.5
1651805739,-24,12,15,1.5
1651805741,-23,12,13,-1.0
1651805743,-25,12,16,1.5
1651805745,-24,12,15,-0.5
1651805747,-24,4,15,0.0
1651805749,-22,11,12,-1.5
1651805751,-26,11,18,3.0
1651805753,-25,11,16,-1.0
1651805755,-25,11,16,0.0
1651805757,-26,10,18,1.0
1651805759,-23,4,13,-2.5
1651805761,-23,10,13,0.0
1651805763,-24,10,15,1.0
1651805765,-22,10,12,-1.5
1651805767,-24,10,15,1.5
1651805769,-25,10,16,0.5
1651805771,-25,10,16,0.0
1651805773,-25,10,16,0.0
1651805775,-23,10,13,-1.5
1651805777,-25,7,16,1.5
1651805779,-25,7,16,0.0
1651805781,-25,7,16,0.0
1651805783,-24,7,15,-0.5
1651805785,-23,14,13,-1.0
1651805787,-25,14,16,1.5
1651805789,-20,2,9,-3.5
1651805791,-23,13,13,2.0
1651805793,-25,2,16,1.5
1651805795,-23,2,13,-1.5
1651805797,-16,5,6,-3.5
1651805799,-24,5,15,4.5
1651805801,-25,5,16,0.5
1651805803,-25,5,16,0.0
1651805805,-21,5,10,-3.0
1651805807,-22,5,12,1.0
1651805809,-23,5,13,0.5
1651805811,-26,5,18,2.5
1651805813,-23,5,13,-2.5
1651805815,-23,5,13,0.0
1651805817,-24,5,15,1.0
1651805819,-26,9,18,1.5
1651805821,-24,5,15,-1.5
1651805823,-24,5,15,0.0
1651805825,-25,4,16,0.5
1651805827,-27,5,21,2.5
1651805829,-27,5,21,0.0
1651805831,-25,5,16,-2.5
1651805833,-24,9,15,-0.5
1651805835,-26,12,18,1.5
1651805837,-29,12,26,4.0
1651805839,-26,5,18,-4.0
1651805841,-25,12,16,-1.0
1651805843,-24,7,15,-0.5
1651805845,-23,4,13,-1.0
1651805847,-25,4,16,1.5
1651805849,-23,15,13,-1.5
1651805851,-25,6,16,1.5
1651805853,-25,4,16,0.0
1651805855,-24,3,15,-0.5
1651805857,-21,6,10,-2.5
1651805859,-26,11,18,4.0
1651805861,-24,11,15,-1.5
1651805863,-26,6,18,1.5
1651805865,-25,6,16,-1.0
1651805867,-25,6,16,0.0
1651805869,-25,11,16,0.0
1651805871,-26,6,18,1.0
1651805873,-25,11,16,-1.0
1651805875,-26,6,18,1.0
1651805877,-24,6,15,-1.5
1651805879,-25,6,16,0.5
1651805881,-23,11,13,-1.5
1651805883,-24,6,15,1.0
1651805885,-24,6,15,0.0
1651805887,-25,6,16,0.5
1651805889,-25,6,16,0.0
1651805891,-18,6,7,-4.5
1651805893,-26,2,18,5.5
1651805895,-24,9,15,-1.5
1651805897,-25,9,16,0.5
1651805899,-23,9,13,-1.5
1651805901,-26,9,18,2.5
1651805903,-23,5,13,-2.5
1651805905,-25,5,16,1.5
1651805907,-22,5,12,-2.0
1651805909,-23,14,13,0.5
1651805911,-24,14,15,1.0
1651805913,-23,6,13,-1.0
1651805915,-24,7,15,1.0
1651805917,-25,13,16,0.5
1651805919,-24,7,15,-0.5
1651805921,-23,7,13,-1.0
1651805923,-12,5,4,-4.5
1651805925,-25,5,16,6.0
1651805927,-25,5,16,0.0
1651805929,-25,5,16,0.0
1651805931,-25,5,16,0.0
1651805933,-24,5,15,-0.5
1651805935,-23,5,13,-1.0
1651805937,-23,2,13,0.0
1651805939,-24,5,15,1.0
1651805941,-24,12,15,0.0
1651805943,-23,12,13,-1.0
1651805945,-23,12,13,0.0
1651805947,-23,5,13,0.0
1651805949,-24,5,15,1.0
1651805951,-24,12,15,0.0
1651805953,-24,5,15,0.0
1651805955,-25,12,16,0.5
1651805957,-24,12,15,-0.5
1651805959,-25,12,16,0.5
1651805961,-26,12,18,1.0
1651805963,-25,12,16,-1.0
1651805965,-27,12,21,2.5
1651805967,-30,12,29,4.0
1651806022,-28,13,23,-0.1
1651806024,-26,13,18,-2.5
1651806026,-27,13,21,1.5
1651806028,-29,13,26,2.5
1651806030,-26,13,18,-4.0
1651806032,-25,2,16,-1.0
1651806034,-25,2,16,0.0
1651806036,-26,10,18,1.0
1651806038,-25,5,16,-1.0
1651806040,-22,5,12,-2.0
1651806042,-27,2,21,4.5
1651806044,-27,12,21,0.0
1651806046,-26,12,18,-1.5
1651806048,-25,12,16,-1.0
1651806050,-27,12,21,2.5
1651806052,-26,14,18,-1.5
1651806054,-26,11,18,0.0
1651806056,-26,11,18,0.0
1651806058,-23,11,13,-2.5
1651806060,-26,11,18,2.5
1651806062,-25,11,16,-1.0
1651806064,-28,11,23,3.5
1651806066,-27,11,21,-1.0
1651806068,-26,11,18,-1.5
1651806070,-24,11,15,-1.5
1651806072,-24,11,15,0.0
1651806074,-25,11,16,0.5
1651806076,-24,11,15,-0.5
1651806078,-25,11,16,0.5
1651806080,-26,11,18,1.0
1651806082,-24,12,15,-1.5
1651806084,-26,5,18,1.5
1651806086,-26,5,18,0.0
1651806088,-26,4,18,0.0
1651806090,-27,4,21,1.5
1651806092,-26,4,18,-1.5
1651806094,-26,4,18,0.0
1651806096,-26,4,18,0.0
1651806098,-26,4,18,0.0
1651806100,-25,4,16,-1.0
1651806102,-26,4,18,1.0
1651806104,-27,4,21,1.5
1651806106,-26,4,18,-1.5
1651806108,-24,7,15,-1.5
1651806110,-26,5,18,1.5
1651806112,-26,5,18,0.0
1651806114,-26,5,18,0.0
1651806116,-25,4,16,-1.0
1651806118,-22,4,12,-2.0
1651806120,-30,4,29,8.5
1651806122,-22,4,12,-8.5
1651806124,-27,4,21,4.5
1651806126,-29,4,26,2.5
1651806128,-26,4,18,-4.0
1651806130,-26,4,18,0.0
1651806132,-28,5,23,2.5
1651806134,-27,5,21,-1.0
1651806136,-27,4,21,0.0
1651806138,-25,4,16,-2.5
1651806140,-28,4,23,3.5
1651806142,-27,5,21,-1.0
1651806144,-21,5,10,-5.5
1651806146,-27,5,21,5.5
1651806148,-26,5,18,-1.5
1651806150,-30,7,29,5.5
1651806152,-26,7,18,-5.5
1651806154,-28,9,23,2.5
1651806156,-28,7,23,0.0
1651806158,-26,7,18,-2.5
1651806160,-28,7,23,2.5
1651806162,-29,12,26,1.5
1651806164,-28,12,23,-1.5
1651806166,-24,12,15,-4.0
1651806168,-27,7,21,3.0
1651806170,-27,14,21,0.0
1651806172,-24,9,15,-3.0
1651806174,-27,5,21,3.0
1651806176,-24,5,15,-3.0
1651806178,-25,5,16,0.5
1651806180,-25,5,16,0.0
1651806182,-26,2,18,1.0
1651806184,-27,12,21,1.5
1651806186,-26,12,18,-1.5
1651806188,-26,12,18,0.0
1651806190,-25,12,16,-1.0
1651806192,-29,4,26,5.0
1651806194,-29,4,26,0.0
1651806196,-25,4,16,-5.0
1651806198,-29,7,26,5.0
1651806200,-24,7,15,-5.5
1651806202,-27,7,21,3.0
1651806204,-29,7,26,2.5
1651806206,-25,7,16,-5.0
1651806208,-26,7,18,1.0
1651806210,-30,7,29,5.5
1651806212,-29,7,26,-1.5
1651806214,-28,7,23,-1.5
1651806216,-27,7,21,-1.0
1651806218,-32,7,37,8.0
1651806220,-26,10,18,-9.5
1651806222,-28,13,23,2.5
1651806224,-28,15,23,0.0
1651806226,-27,13,21,-1.0
1651806228,-28,7,23,1.0
1651806230,-28,7,23,0.0
1651806232,-29,7,26,1.5
1651806234,-30,7,29,1.5
1651806236,-29,7,26,-1.5
1651806238,-28,7,23,-1.5
1651806240,-27,11,21,-1.0
1651806242,-27,7,21,0.0
1651806244,-28,7,23,1.0
1651806246,-30,7,29,3.0
1651806248,-26,7,18,-5.5
1651806250,-28,7,23,2.5
1651806252,-27,8,21,-1.0
1651806254,-33,7,41,10.0
1651806256,-28,7,23,-9.0
1651806258,-25,7,16,-3.5
1651806260,-31,7,33,8.5
1651806262,-29,7,26,-3.5
1651806264,-23,7,13,-6.5
1651806266,-23,7,13,0.0
1651806268,-29,7,26,6.5
1651806270,-26,12,18,-4.0
1651806272,-26,4,18,0.0
1651806274,-25,5,16,-1.0
1651806276,-25,5,16,0.0
1651806278,-25,5,16,0.0
1651806280,-26,5,18,1.0
1651806282,-25,11,16,-1.0
1651806284,-27,6,21,2.5
1651806286,-26,6,18,-1.5
1651806288,-26,15,18,0.0
1651806290,-28,11,23,2.5
1651806292,-27,11,21,-1.0
1651806294,-30,11,29,4.0
1651806296,-27,13,21,-4.0
1651806298,-28,11,23,1.0
1651806300,-29,6,26,1.5
1651806302,-27,15,21,-2.5
1651806304,-23,8,13,-4.0
1651806306,-23,10,13,0.0
1651806308,-24,5,15,1.0
1651806310,-24,5,15,0.0
1651806312,-23,5,13,-1.0
1651806314,-23,5,13,0.0
1651806316,-21,5,10,-1.5
1651806318,-26,5,18,4.0
1651806320,-24,5,15,-1.5
1651806322,-25,5,16,0.5
1651806324,-24,5,15,-0.5
1651806326,-27,5,21,3.0
1651806328,-24,5,15,-3.0
1651806330,-27,6,21,3.0
1651806332,-25,10,16,-2.5
1651806334,-24,10,15,-0.5
1651806336,-24,10,15,0.0
1651806338,-24,10,15,0.0
1651806340,-27,10,21,3.0
1651806342,-23,10,13,-4.0
1651806344,-23,8,13,0.0
1651806346,-29,10,26,6.5
1651806348,-27,10,21,-2.5
1651806350,-27,10,21,0.0
1651806352,-27,10,21,0.0
1651806354,-27,10,21,0.0
1651806356,-25,10,16,-2.5
1651806358,-24,10,15,-0.5
1651806360,-24,10,15,0.0
1651806362,-27,10,21,3.0
1651806364,-26,7,18,-1.5
1651806366,-23,7,13,-2.5
1651806368,-25,10,16,1.5
1651806370,-26,10,18,1.0
1651806372,-16,7,6,-6.0
1651806374,-25,10,16,5.0
1651806376,-27,10,21,2.5
1651806378,-26,10,18,-1.5
1651806380,-23,10,13,-2.5
1651806382,-24,10,15,1.0
1651806384,-24,10,15,0.0
1651806386,-25,10,16,0.5
1651806388,-25,12,16,0.0
1651806390,-26,12,18,1.0
1651806392,-24,12,15,-1.5
1651806394,-24,10,15,0.0
1651806396,-23,10,13,-1.0
1651806398,-24,10,15,1.0
1651806400,-25,3,16,0.5
1651806402,-26,9,18,1.0
1651806404,-24,3,15,-1.5
1651806406,-24,3,15,0.0
1651806408,-24,10,15,0.0
1651806410,-24,10,15,0.0
1651806412,-22,10,12,-1.5
1651806414,-24,10,15,1.5
1651806416,-25,10,16,0.5
1651806418,-23,10,13,-1.5
1651806420,-26,10,18,2.5
1651806422,-24,10,15,-1.5
1651806424,-20,10,9,-3.0
1651806426,-23,3,13,2.0
1651806428,-24,11,15,1.0
1651806430,-23,11,13,-1.0
1651806432,-24,11,15,1.0
1651806434,-20,6,9,-3.0
1651806436,-23,11,13,2.0
1651806438,-24,6,15,1.0
1651806440,-24,11,15,0.0
1651806442,-24,4,15,0.0
1651806444,-25,4,16,0.5
1651806446,-25,11,16,0.0
1651806448,-18,4,7,-4.5
1651806450,-19,4,8,0.5
1651806452,-21,4,10,1.0
1651806454,-16,4,6,-2.0
1651806456,-25,4,16,5.0
1651806458,-26,4,18,1.0
1651806460,-23,4,13,-2.5
1651806462,-19,4,8,-2.5
1651806464,-29,4,26,9.0
1651806466,-24,2,15,-5.5
1651806468,-26,3,18,1.5
1651806470,-24,4,15,-1.5
1651806472,-25,4,16,0.5
1651806474,-22,4,12,-2.0
1651806476,-25,4,16,2.0
1651806478,-23,4,13,-1.5
1651806481,-25,4,16,1.0
1651806483,-25,4,16,0.0
1651806485,-24,4,15,-0.5
1651806487,-25,2,16,0.5
1651806489,-24,2,15,-0.5
1651806491,-24,4,15,0.0
1651806493,-19,4,8,-3.5
1651806495,-25,4,16,4.0
1651806497,-26,4,18,1.0
1651806499,-28,4,23,2.5
1651806501,-26,4,18,-2.5
1651806503,-23,4,13,-2.5
1651806505,-24,4,15,1.0
1651806507,-23,3,13,-1.0
1651806509,-24,4,15,1.0
1651806511,-22,11,12,-1.5
1651806513,-23,11,13,0.5
1651806515,-23,4,13,0.0
1651806517,-25,11,16,1.5
1651806519,-24,11,15,-0.5
1651806521,-25,11,16,0.5
1651806523,-25,5,16,0.0
1651806525,-24,5,15,-0.5
1651806527,-25,5,16,0.5
1651806529,-26,5,18,1.0
1651806531,-22,10,12,-3.0
1651806533,-25,10,16,2.0
1651806535,-26,5,18,1.0
1651806537,-24,5,15,-1.5
1651806539,-25,5,16,0.5
1651806541,-19,0,8,-4.0
1651806543,-25,5,16,4.0
1651806545,-23,5,13,-1.5
1651806547,-25,5,16,1.5
1651806549,-24,5,15,-0.5
1651806551,-26,5,18,1.5
1651806553,-26,5,18,0.0
1651806555,-24,5,15,-1.5
1651806557,-24,5,15,0.0
1651806559,-25,5,16,0.5
1651806561,-25,14,16,0.0
1651806563,-25,14,16,0.0
1651806565,-24,2,15,-0.5
1651806567,-20,3,9,-3.0
1651806569,-26,3,18,4.5
1651806571,-27,3,21,1.5
1651806573,-22,3,12,-4.5
1651806575,-25,3,16,2.0
1651806577,-25,3,16,0.0
1651806579,-25,3,16,0.0
1651806581,-24,3,15,-0.5
1651806583,-25,8,16,0.5
1651806585,-26,9,18,1.0
1651806587,-25,9,16,-1.0
1651806589,-25,7,16,0.0
1651806591,-24,3,15,-0.5
1651806593,-26,6,18,1.5
1651806595,-24,6,15,-1.5
1651806597,-25,6,16,0.5
1651806599,-23,7,13,-1.5
1651806601,-25,3,16,1.5
1651806603,-26,3,18,1.0
1651806605,-26,3,18,0.0
1651806607,-28,7,23,2.5
1651806609,-28,7,23,0.0
1651806611,-27,7,21,-1.0
1651806613,-17,7,7,-7.0
1651806615,-18,7,7,0.0
1651806617,-27,7,21,7.0
1651806619,-27,7,21,0.0
1651806621,-27,7,21,0.0
1651806623,-26,7,18,-1.5
1651806625,-27,7,21,1.5
1651806627,-26,7,18,-1.5
1651806629,-24,7,15,-1.5
1651806631,-25,11,16,0.5
1651806633,-25,11,16,0.0
1651806635,-25,11,16,0.0
1651806637,-24,7,15,-0.5
1651806639,-20,7,9,-3.0
1651806641,-19,5,8,-0.5
1651806643,-24,5,15,3.5
1651806645,-26,10,18,1.5
1651806647,-25,10,16,-1.0
1651806649,-26,10,18,1.0
1651806651,-26,5,18,0.0
1651806653,-26,5,18,0.0
1651806655,-24,5,15,-1.5
1651806657,-24,6,15,0.0
1651806659,-77,8,6512,3248.5
1651806661,-22,2,12,-3250.0
1651806663,-28,9,23,5.5
1651806665,-26,12,18,-2.5
1651806667,-26,4,18,0.0
1651806669,-24,4,15,-1.5
1651806671,-24,4,15,0.0
1651806673,-25,4,16,0.5
1651806675,-25,4,16,0.0
1651806677,-25,4,16,0.0
1651806679,-24,4,15,-0.5
1651806681,-26,9,18,1.5
1651806683,-25,9,16,-1.0
1651806685,-24,9,15,-0.5
1651806687,-19,9,8,-3.5
1651806689,-24,4,15,3.5
1651806691,-26,15,18,1.5
1651806693,-24,6,15,-1.5
1651806695,-26,6,18,1.5
1651806697,-26,6,18,0.0
1651806699,-26,6,18,0.0
1651806701,-28,6,23,2.5
1651806703,-20,4,9,-7.0
1651806705,-25,4,16,3.5
1651806707,-25,4,16,0.0
1651806709,-26,11,18,1.0
1651806711,-24,4,15,-1.5
1651806713,-24,4,15,0.0
1651806715,-20,4,9,-3.0
1651806717,-25,4,16,3.5
1651806719,-26,4,18,1.0
1651806721,-25,5,16,-1.0
1651806723,-27,5,21,2.5
1651806725,-25,5,16,-2.5
1651806727,-26,5,18,1.0
1651806729,-24,12,15,-1.5
1651806731,-27,12,21,3.0
1651806733,-24,5,15,-3.0
1651806735,-22,7,12,-1.5
1651806737,-23,3,13,0.5
1651806739,-21,3,10,-1.5
1651806741,-23,3,13,1.5
1651806743,-26,3,18,2.5
1651806745,-25,3,16,-1.0
1651806747,-25,3,16,0.0
1651806749,-21,0,10,-3.0
1651806751,-25,2,16,3.0
1651806753,-24,13,15,-0.5
1651806755,-24,2,15,0.0
1651806757,-25,5,16,0.5
1651806759,-25,5,16,0.0
1651806761,-25,5,16,0.0
1651806763,-24,5,15,-0.5
1651806765,-24,5,15,0.0
1651806767,-26,5,18,1.5
1651806769,-22,5,12,-3.0
1651806771,-22,5,12,0.0
1651806773,-25,7,16,2.0
1651806775,-26,9,18,1.0
1651806777,-27,9,21,1.5
1651806779,-24,9,15,-3.0
1651806781,-21,9,10,-2.5
1651806783,-26,9,18,4.0
1651806785,-24,9,15,-1.5
1651806787,-25,4,16,0.5
1651806789,-24,12,15,-0.5
1651806791,-22,12,12,-1.5
1651806793,-25,3,16,2.0
1651806795,-26,3,18,1.0
1651806797,-19,3,8,-5.0
1651806799,-20,3,9,0.5
1651806801,-23,5,13,2.0
1651806803,-25,5,16,1.5
1651806805,-25,5,16,0.0
1651806807,-26,5,18,1.0
1651806809,-23,5,13,-2.5
1651806811,-23,5,13,0.0
1651806813,-24,5,15,1.0
1651806815,-25,5,16,0.5
1651806817,-26,5,18,1.0
1651806819,-25,5,16,-1.0
1651806821,-24,5,15,-0.5
1651806823,-23,5,13,-1.0
1651806825,-24,5,15,1.0
1651806827,-25,9,16,0.5
1651806829,-24,4,15,-0.5
1651806831,-25,4,16,0.5
1651806833,-25,4,16,0.0
1651806835,-25,7,16,0.0
1651806837,-24,7,15,-0.5
1651806839,-25,7,16,0.5
1651806841,-26,11,18,1.0
1651806843,-26,6,18,0.0
1651806845,-24,6,15,-1.5
1651806847,-67,11,2059,1022.0
1651806849,-25,6,16,-1021.5
1651806851,-26,6,18,1.0
1651806853,-26,7,18,0.0
1651806855,-24,6,15,-1.5
1651806857,-21,3,10,-2.5
1651806859,-24,10,15,2.5
1651806861,-25,3,16,0.5
1651806863,-25,3,16,0.0
1651806865,-26,4,18,1.0
1651806867,-27,4,21,1.5
1651806869,-25,7,16,-2.5
1651806871,-26,7,18,1.0
1651806873,-24,7,15,-1.5
1651806875,-26,7,18,1.5
1651806877,-23,12,13,-2.5
1651806879,-26,4,18,2.5
1651806881,-23,4,13,-2.5
1651806883,-25,4,16,1.5
1651806885,-18,3,7,-4.5
1651806887,-18,3,7,0.0
1651806889,-26,4,18,5.5
1651806891,-25,10,16,-1.0
1651806893,-18,4,7,-4.5
1651806895,-26,4,18,5.5
1651806897,-25,4,16,-1.0
1651806899,-24,4,15,-0.5
1651806901,-25,4,16,0.5
1651806903,-24,1,15,-0.5
1651806905,-24,4,15,0.0
1651806907,-25,8,16,0.5
1651806909,-26,4,18,1.0
1651806911,-24,4,15,-1.5
1651806913,-25,4,16,0.5
1651806915,-25,4,16,0.0
1651806917,-25,10,16,0.0
1651806919,-26,10,18,1.0
1651806921,-24,10,15,-1.5
1651806923,-25,10,16,0.5
1651806925,-25,10,16,0.0
1651806927,-26,4,18,1.0
1651806929,-25,11,16,-1.0
1651806931,-26,9,18,1.0
1651806933,-24,9,15,-1.5
1651806935,-25,9,16,0.5
1651806937,-24,9,15,-0.5
1651806939,-24,9,15,0.0
1651806941,-24,10,15,0.0
1651806943,-25,10,16,0.5
1651806945,-25,7,16,0.0
1651806947,-25,7,16,0.0
1651806949,-25,7,16,0.0
1651806951,-23,7,13,-1.5
1651806953,-24,5,15,1.0
1651806955,-23,10,13,-1.0
1651806957,-25,5,16,1.5
1651806959,-23,11,13,-1.5
1651806961,-25,11,16,1.5
1651806963,-25,5,16,0.0
1651806965,-23,10,13,-1.5
1651806967,-23,10,13,0.0
1651806969,-23,5,13,0.0
1651806971,-26,5,18,2.5
1651806973,-25,5,16,-1.0
1651806975,-25,4,16,0.0
1651806977,-25,4,16,0.0
1651806979,-25,4,16,0.0
1651806981,-26,10,18,1.0
1651806983,-25,11,16,-1.0
1651806985,-23,1,13,-1.5
1651806987,-25,2,16,1.5
1651806989,-23,2,13,-1.5
1651806991,-18,6,7,-3.0
1651806993,-24,6,15,4.0
1651806995,-25,6,16,0.5
1651806997,-22,6,12,-2.0
1651806999,-24,6,15,1.5
1651807001,-25,4,16,0.5
1651807003,-24,6,15,-0.5
1651807005,-25,6,16,0.5
1651807007,-70,9,2909,1446.5
1651807009,-25,7,16,-1446.5
1651807011,-26,7,18,1.0
1651807013,-24,7,15,-1.5
1651807015,-24,7,15,0.0
1651807017,-26,7,18,1.5
1651807019,-24,7,15,-1.5
1651807021,-27,7,21,3.0
1651807023,-24,7,15,-3.0
1651807025,-25,5,16,0.5
1651807027,-25,7,16,0.0
1651807029,-26,7,18,1.0
1651807031,-26,14,18,0.0
1651807033,-26,7,18,0.0
1651807035,-19,7,8,-5.0
1651807037,-20,7,9,0.5
1651807039,-25,5,16,3.5
1651807041,-25,5,16,0.0
1651807043,-25,5,16,0.0
1651807045,-26,5,18,1.0
1651807047,-26,5,18,0.0
1651807049,-23,5,13,-2.5
1651807051,-22,5,12,-0.5
1651807053,-25,9,16,2.0
1651807055,-25,3,16,0.0
1651807057,-25,3,16,0.0
1651807059,-25,3,16,0.0
1651807061,-26,3,18,1.0
1651807063,-24,3,15,-1.5
1651807065,-23,3,13,-1.0
1651807067,-25,3,16,1.5
1651807069,-24,10,15,-0.5
1651807071,-25,10,16,0.5
1651807073,-24,5,15,-0.5
1651807075,-23,5,13,-1.0
1651807077,-77,5,6512,3249.5
1651807079,-26,5,18,-3247.0
1651807081,-24,8,15,-1.5
1651807083,-22,8,12,-1.5
1651807085,-26,4,18,3.0
1651807087,-25,6,16,-1.0
1651807089,-22,6,12,-2.0
1651807091,-25,6,16,2.0
1651807093,-24,6,15,-0.5
1651807095,-24,6,15,0.0
1651807097,-25,6,16,0.5
1651807099,-24,6,15,-0.5
1651807101,-24,6,15,0.0
1651807103,-24,6,15,0.0
1651807105,-25,6,16,0.5
1651807107,-25,6,16,0.0
1651807109,-26,6,18,1.0
1651807111,-24,6,15,-1.5
1651807113,-24,6,15,0.0
1651807115,-24,6,15,0.0
1651807117,-25,6,16,0.5
1651807119,-24,6,15,-0.5
1651807121,-26,6,18,1.5
1651807123,-26,6,18,0.0
1651807125,-25,6,16,-1.0
1651807127,-25,6,16,0.0
1651807129,-24,5,15,-0.5
1651807131,-25,5,16,0.5
1651807133,-24,10,15,-0.5
1651807135,-24,5,15,0.0
1651807137,-26,10,18,1.5
1651807139,-26,2,18,0.0
1651807141,-26,2,18,0.0
1651807143,-25,2,16,-1.0
1651807145,-26,2,18,1.0
1651807147,-25,9,16,-1.0
1651807149,-27,9,21,2.5
1651807151,-26,7,18,-1.5
1651807153,-26,7,18,0.0
1651807155,-18,7,7,-5.5
1651807157,-24,7,15,4.0
1651807159,-25,7,16,0.5
1651807161,-26,7,18,1.0
1651807163,-24,9,15,-1.5
1651807165,-24,7,15,0.0
1651807167,-26,2,18,1.5
1651807169,-24,14,15,-1.5
1651807171,-26,14,18,1.5
1651807173,-23,11,13,-2.5
1651807175,-24,11,15,1.0
1651807177,-25,11,16,0.5
1651807179,-24,11,15,-0.5
1651807181,-24,11,15,0.0
1651807183,-25,11,16,0.5
1651807185,-26,0,18,1.0
1651807187,-26,11,18,0.0
1651807189,-26,11,18,0.0
1651807191,-25,11,16,-1.0
1651807193,-24,11,15,-0.5
1651807195,-25,11,16,0.5
1651807197,-23,7,13,-1.5
1651807199,-25,11,16,1.5
1651807201,-23,11,13,-1.5
1651807203,-24,5,15,1.0
1651807205,-24,3,15,0.0
1651807207,-25,3,16,0.5
1651807209,-24,3,15,-0.5
1651807211,-25,3,16,0.5
1651807213,-23,12,13,-1.5
1651807215,-24,12,15,1.0
1651807217,-26,12,18,1.5
1651807219,-21,12,10,-4.0
1651807221,-24,12,15,2.5
1651807223,-25,11,16,0.5
1651807225,-23,4,13,-1.5
1651807227,-25,4,16,1.5
1651807229,-24,4,15,-0.5
1651807231,-24,4,15,0.0
1651807233,-23,4,13,-1.0
1651807235,-23,4,13,0.0
1651807237,-24,4,15,1.0
1651807239,-25,4,16,0.5
1651807241,-26,4,18,1.0
1651807243,-26,12,18,0.0
1651807245,-25,12,16,-1.0
1651807247,-23,12,13,-1.5
1651807249,-22,12,12,-0.5
1651807251,-23,4,13,0.5
1651807253,-25,4,16,1.5
1651807255,-23,4,13,-1.5
1651807257,-24,6,15,1.0
1651807259,-26,6,18,1.5
1651807261,-25,6,16,-1.0
1651807263,-27,6,21,2.5
1651807265,-26,4,18,-1.5
1651807267,-25,4,16,-1.0
1651807269,-27,11,21,2.5
1651807271,-23,11,13,-4.0
1651807273,-26,11,18,2.5
1651807275,-26,5,18,0.0
1651807277,-23,11,13,-2.5
1651807279,-25,11,16,1.5
1651807281,-24,11,15,-0.5
1651807283,-23,11,13,-1.0
1651807285,-24,2,15,1.0
1651807287,-26,2,18,1.5
1651807289,-25,7,16,-1.0
1651807291,-26,7,18,1.0
1651807293,-26,7,18,0.0
1651807295,-22,7,12,-3.0
1651807297,-24,7,15,1.5
1651807299,-25,2,16,0.5
1651807301,-24,2,15,-0.5
1651807303,-26,9,18,1.5
1651807305,-25,12,16,-1.0
1651807307,-25,12,16,0.0
1651807309,-25,12,16,0.0
1651807311,-25,12,16,0.0
1651807313,-25,12,16,0.0
1651807315,-25,5,16,0.0
1651807317,-24,5,15,-0.5
1651807319,-25,9,16,0.5
1651807321,-23,5,13,-1.5
1651807323,-26,5,18,2.5
1651807325,-25,5,16,-1.0
1651807327,-24,5,15,-0.5
1651807329,-26,5,18,1.5
1651807331,-24,5,15,-1.5
1651807333,-24,10,15,0.0
1651807335,-28,9,23,4.0
1651807337,-25,5,16,-3.5
1651807339,-22,12,12,-2.0
1651807341,-25,12,16,2.0
1651807343,-26,12,18,1.0
1651807345,-22,7,12,-3.0
1651807347,-25,7,16,2.0
1651807349,-24,7,15,-0.5
1651807351,-24,7,15,0.0
1651807353,-26,7,18,1.5
1651807355,-25,7,16,-1.0
1651807357,-24,5,15,-0.5
1651807359,-26,5,18,1.5
1651807361,-25,5,16,-1.0
1651807363,-25,5,16,0.0
1651807365,-24,5,15,-0.5
1651807367,-25,5,16,0.5
1651807369,-25,11,16,0.0
1651807371,-25,6,16,0.0
1651807373,-24,11,15,-0.5
1651807375,-24,8,15,0.0
1651807377,-24,10,15,0.0
1651807379,-26,10,18,1.5
1651807381,-24,7,15,-1.5
1651807383,-22,9,12,-1.5
1651807385,-23,7,13,0.5
1651807387,-24,10,15,1.0
1651807389,-25,8,16,0.5
1651807391,-24,2,15,-0.5
1651807393,-24,2,15,0.0
1651807395,-26,6,18,1.5
1651807397,-21,6,10,-4.0
1651807399,-24,6,15,2.5
1651807401,-24,9,15,0.0
1651807403,-24,6,15,0.0
1651807405,-23,6,13,-1.0
1651807407,-21,6,10,-1.5
1651807409,-26,6,18,4.0
1651807411,-26,4,18,0.0
1651807413,-23,4,13,-2.5
1651807415,-24,4,15,1.0
1651807417,-23,12,13,-1.0
1651807419,-26,12,18,2.5
1651807421,-23,12,13,-2.5
1651807423,-23,12,13,0.0
1651807425,-25,12,16,1.5
1651807427,-23,6,13,-1.5
1651807429,-23,3,13,0.0
1651807431,-25,11,16,1.5
1651807433,-25,11,16,0.0
1651807435,-25,11,16,0.0
1651807437,-27,11,21,2.5
1651807439,-24,11,15,-3.0
1651807441,-25,11,16,0.5
1651807443,-27,11,21,2.5
1651807445,-26,11,18,-1.5
1651807447,-25,11,16,-1.0
1651807449,-20,11,9,-3.5
1651807451,-25,12,16,3.5
1651807453,-26,12,18,1.0
1651807455,-24,12,15,-1.5
1651807457,-26,11,18,1.5
1651807459,-25,11,16,-1.0
1651807461,-24,12,15,-0.5
1651807463,-23,12,13,-1.0
1651807465,-26,6,18,2.5
1651807467,-24,6,15,-1.5
1651807469,-23,6,13,-1.0
1651807471,-20,12,9,-2.0
1651807473,-23,4,13,2.0
1651807475,-25,4,16,1.5
1651807477,-24,10,15,-0.5
1651807479,-25,10,16,0.5
1651807481,-24,4,15,-0.5
1651807483,-24,7,15,0.0
1651807485,-27,7,21,3.0
1651807487,-26,7,18,-1.5
1651807489,-25,7,16,-1.0
1651807491,-25,5,16,0.0
1651807493,-24,4,15,-0.5
1651807495,-25,14,16,0.5
1651807497,-25,9,16,0.0
1651807499,-24,9,15,-0.5
1651807501,-23,9,13,-1.0
1651807503,-22,4,12,-0.5
1651807505,-25,4,16,2.0
1651807507,-25,5,16,0.0
1651807509,-25,4,16,0.0
1651807511,-25,4,16,0.0
1651807513,-24,4,15,-0.5
1651807515,-27,4,21,3.0
1651807517,-26,11,18,-1.5
1651807519,-22,6,12,-3.0
1651807521,-25,10,16,2.0
1651807523,-26,10,18,1.0
1651807525,-27,4,21,1.5
1651807527,-25,4,16,-2.5
1651807529,-25,4,16,0.0
1651807531,-24,5,15,-0.5
1651807533,-24,5,15,0.0
1651807535,-26,5,18,1.5
1651807537,-23,7,13,-2.5
1651807539,-24,5,15,1.0
1651807541,-26,5,18,1.5
1651807543,-26,5,18,0.0
1651807545,-25,2,16,-1.0
1651807547,-26,9,18,1.0
1651807549,-25,10,16,-1.0
1651807551,-26,10,18,1.0
1651807553,-25,11,16,-1.0
1651807555,-23,11,13,-1.5
1651807557,-24,10,15,1.0
1651807559,-24,10,15,0.0
1651807561,-25,10,16,0.5
1651807563,-17,10,7,-4.5
1651807565,-17,3,7,0.0
1651807567,-23,9,13,3.0
1651807569,-25,9,16,1.5
1651807571,-76,9,5804,2894.0
1651807573,-25,9,16,-2894.0
1651807575,-25,9,16,0.0
1651807577,-23,13,13,-1.5
1651807579,-25,13,16,1.5
1651807581,-26,13,18,1.0
1651807583,-24,13,15,-1.5
1651807585,-22,5,12,-1.5
1651807587,-22,5,12,0.0
1651807589,-25,5,16,2.0
1651807591,-23,5,13,-1.5
1651807593,-24,5,15,1.0
1651807595,-23,5,13,-1.0
1651807597,-25,9,16,1.5
1651807599,-26,5,18,1.0
1651807601,-25,5,16,-1.0
1651807603,-26,12,18,1.0
1651807605,-26,12,18,0.0
1651807607,-25,12,16,-1.0
1651807609,-24,12,15,-0.5
1651807611,-25,12,16,0.5
1651807613,-25,12,16,0.0
1651807615,-25,14,16,0.0
1651807617,-21,11,10,-3.0
1651807619,-24,11,15,2.5
1651807622,-22,11,12,-1.0
1651807624,-26,11,18,3.0
1651807626,-25,11,16,-1.0
1651807628,-26,4,18,1.0
1651807630,-23,8,13,-2.5
1651807632,-26,4,18,2.5
1651807634,-24,7,15,-1.5
1651807636,-21,4,10,-2.5
1651807638,-27,4,21,5.5
1651807640,-24,4,15,-3.0
1651807642,-23,10,13,-1.0
1651807644,-25,10,16,1.5
1651807646,-24,10,15,-0.5
1651807648,-25,10,16,0.5
1651807650,-24,10,15,-0.5
1651807652,-25,10,16,0.5
1651807654,-23,10,13,-1.5
1651807656,-26,5,18,2.5
1651807658,-25,6,16,-1.0
1651807660,-25,6,16,0.0
1651807662,-24,6,15,-0.5
1651807664,-24,6,15,0.0
1651807666,-24,6,15,0.0
1651807668,-25,6,16,0.5
1651807670,-23,6,13,-1.5
1651807672,-26,6,18,2.5
1651807674,-27,11,21,1.5
1651807676,-25,11,16,-2.5
1651807678,-25,11,16,0.0
1651807680,-25,4,16,0.0
1651807682,-16,4,6,-5.0
1651807684,-27,5,21,7.5
1651807686,-27,2,21,0.0
1651807688,-26,12,18,-1.5
1651807690,-26,12,18,0.0
1651807692,-18,1,7,-5.5
1651807694,-25,2,16,4.5
1651807696,-24,2,15,-0.5
1651807698,-25,12,16,0.5
1651807700,-24,12,15,-0.5
1651807702,-25,12,16,0.5
1651807704,-25,12,16,0.0
1651807706,-24,12,15,-0.5
1651807708,-26,10,18,1.5
1651807710,-27,12,21,1.5
1651807712,-27,14,21,0.0
1651807714,-25,4,16,-2.5
1651807716,-25,7,16,0.0
1651807718,-23,7,13,-1.5
1651807720,-26,7,18,2.5
1651807722,-25,7,16,-1.0
1651807724,-27,7,21,2.5
1651807726,-27,7,21,0.0
1651807728,-27,7,21,0.0
1651807730,-25,3,16,-2.5
1651807732,-25,3,16,0.0
1651807734,-26,12,18,1.0
1651807736,-23,12,13,-2.5
1651807738,-25,12,16,1.5
1651807740,-26,10,18,1.0
1651807742,-25,5,16,-1.0
1651807744,-24,12,15,-0.5
1651807746,-25,12,16,0.5
1651807748,-24,5,15,-0.5
1651807750,-24,5,15,0.0
1651807752,-25,0,16,0.5
1651807754,-25,5,16,0.0
1651807756,-26,5,18,1.0
1651807758,-25,5,16,-1.0
1651807760,-26,11,18,1.0
1651807762,-25,11,16,-1.0
1651807764,-21,11,10,-3.0
1651807766,-25,5,16,3.0
1651807768,-26,5,18,1.0
1651807770,-24,5,15,-1.5
1651807772,-26,5,18,1.5
1651807774,-24,11,15,-1.5
1651807776,-24,5,15,0.0
1651807778,-26,5,18,1.5
1651807780,-26,4,18,0.0
1651807782,-25,11,16,-1.0
1651807784,-26,4,18,1.0
1651807786,-25,4,16,-1.0
1651807788,-26,4,18,1.0
1651807790,-24,4,15,-1.5
1651807792,-25,10,16,0.5
1651807794,-25,10,16,0.0
1651807796,-24,10,15,-0.5
1651807798,-24,10,15,0.0
1651807800,-24,6,15,0.0
1651807802,-25,6,16,0.5
1651807804,-25,6,16,0.0
1651807806,-26,6,18,1.0
1651807808,-20,11,9,-4.5
1651807810,-25,11,16,3.5
1651807812,-27,5,21,2.5
1651807814,-24,11,15,-3.0
1651807816,-25,11,16,0.5
1651807818,-26,11,18,1.0
1651807820,-26,11,18,0.0
1651807822,-24,11,15,-1.5
1651807824,-25,5,16,0.5
1651807826,-25,11,16,0.0
1651807828,-24,5,15,-0.5
1651807830,-25,5,16,0.5
1651807832,-21,11,10,-3.0
1651807834,-23,11,13,1.5
1651807836,-22,9,12,-0.5
1651807838,-26,11,18,3.0
1651807840,-24,7,15,-1.5
1651807842,-25,7,16,0.5
1651807844,-18,7,7,-4.5
1651807846,-19,10,8,0.5
1651807848,-25,10,16,4.0
1651807850,-26,10,18,1.0
1651807852,-26,10,18,0.0
1651807854,-26,10,18,0.0
1651807856,-26,10,18,0.0
1651807858,-26,10,18,0.0
1651807860,-23,6,13,-2.5
1651807862,-24,6,15,1.0
1651807864,-25,11,16,0.5
1651807866,-24,11,15,-0.5
1651807868,-23,11,13,-1.0
1651807870,-23,11,13,0.0
1651807872,-25,11,16,1.5
1651807874,-25,11,16,0.0
1651807876,-17,11,7,-4.5
1651807878,-28,11,23,8.0
1651807880,-27,11,21,-1.0
1651807882,-28,2,23,1.0
1651807884,-26,2,18,-2.5
1651807886,-26,10,18,0.0
1651807888,-24,10,15,-1.5
1651807890,-24,10,15,0.0
1651807892,-25,5,16,0.5
1651807894,-26,7,18,1.0
1651807896,-24,5,15,-1.5
1651807898,-24,5,15,0.0
1651807900,-25,7,16,0.5
1651807902,-27,7,21,2.5
1651807904,-28,7,23,1.0
1651807906,-24,7,15,-4.0
1651807908,-24,7,15,0.0
1651807910,-27,7,21,3.0
1651807912,-25,5,16,-2.5
1651807914,-25,5,16,0.0
1651807916,-24,5,15,-0.5
1651807918,-23,6,13,-1.0
1651807920,-25,7,16,1.5
1651807922,-24,12,15,-0.5
1651807924,-22,4,12,-1.5
1651807926,-24,15,15,1.5
1651807928,-27,2,21,3.0
1651807930,-23,9,13,-4.0
1651807932,-25,9,16,1.5
1651807934,-26,9,18,1.0
1651807936,-25,9,16,-1.0
1651807938,-24,3,15,-0.5
1651807940,-25,4,16,0.5
1651807942,-26,4,18,1.0
1651807944,-25,4,16,-1.0
1651807946,-26,4,18,1.0
1651807948,-26,4,18,0.0
1651807950,-25,15,16,-1.0
1651807952,-27,4,21,2.5
1651807954,-19,4,8,-6.5
1651807956,-26,9,18,5.0
1651807958,-26,5,18,0.0
1651807960,-27,5,21,1.5
1651807962,-24,5,15,-3.0
1651807964,-26,9,18,1.5
1651807966,-24,5,15,-1.5
1651807968,-25,5,16,0.5
1651807970,-27,5,21,2.5
1651807972,-26,5,18,-1.5
1651807974,-27,7,21,1.5
1651807976,-26,5,18,-1.5
1651807978,-24,6,15,-1.5
1651807980,-24,6,15,0.0
1651807982,-27,6,21,3.0
1651807984,-27,6,21,0.0
1651807986,-25,7,16,-2.5
1651807988,-25,6,16,0.0
1651807990,-24,5,15,-0.5
1651807992,-23,5,13,-1.0
1651807994,-25,5,16,1.5
1651807996,-24,6,15,-0.5
1651807998,-26,6,18,1.5
1651808000,-26,6,18,0.0
1651808002,-25,6,16,-1.0
1651808004,-25,5,16,0.0
1651808006,-24,12,15,-0.5
1651808008,-25,5,16,0.5
1651808010,-25,5,16,0.0
1651808012,-24,5,15,-0.5
1651808014,-25,12,16,0.5
1651808016,-25,12,16,0.0
1651808018,-20,12,9,-3.5
1651808020,-22,4,12,1.5
1651808022,-25,10,16,2.0
1651808024,-27,10,21,2.5
1651808026,-25,10,16,-2.5
1651808028,-24,6,15,-0.5
1651808030,-25,6,16,0.5
1651808032,-24,10,15,-0.5
1651808034,-24,10,15,0.0
1651808036,-25,7,16,0.5
1651808038,-27,7,21,2.5
1651808040,-24,7,15,-3.0
1651808042,-25,7,16,0.5
1651808044,-27,7,21,2.5
1651808046,-27,7,21,0.0
1651808048,-23,7,13,-4.0
1651808050,-28,7,23,5.0
1651808052,-23,7,13,-5.0
1651808054,-17,12,7,-3.0
1651808056,-26,7,18,5.5
1651808058,-25,5,16,-1.0
1651808060,-27,7,21,2.5
1651808062,-24,12,15,-3.0
1651808064,-24,7,15,0.0
1651808066,-25,6,16,0.5
1651808068,-24,7,15,-0.5
1651808070,-26,7,18,1.5
1651808072,-26,11,18,0.0
1651808074,-26,13,18,0.0
1651808076,-25,5,16,-1.0
1651808078,-23,5,13,-1.5
1651808080,-24,5,15,1.0
1651808082,-23,5,13,-1.0
1651808084,-26,7,18,2.5
1651808086,-26,5,18,0.0
1651808088,-24,12,15,-1.5
1651808090,-25,12,16,0.5
1651808092,-24,12,15,-0.5
1651808094,-25,6,16,0.5
1651808096,-25,6,16,0.0
1651808098,-27,4,21,2.5
1651808100,-24,4,15,-3.0
1651808102,-26,4,18,1.5
1651808104,-26,9,18,0.0
1651808106,-26,4,18,0.0
1651808108,-29,13,26,4.0
1651808110,-26,11,18,-4.0
1651808112,-21,11,10,-4.0
1651808114,-28,11,23,6.5
1651808116,-26,11,18,-2.5
1651808118,-25,13,16,-1.0
1651808120,-26,11,18,1.0
1651808122,-26,11,18,0.0
1651808124,-28,9,23,2.5
1651808126,-26,9,18,-2.5
1651808128,-25,9,16,-1.0
1651808130,-23,9,13,-1.5
1651808132,-28,9,23,5.0
1651808134,-27,9,21,-1.0
1651808136,-29,9,26,2.5
1651808138,-27,5,21,-2.5
1651808140,-28,5,23,1.0
1651808142,-28,5,23,0.0
1651808144,-22,5,12,-5.5
1651808146,-32,5,37,12.5
1651808148,-29,5,26,-5.5
1651808150,-29,5,26,0.0
1651808152,-27,15,21,-2.5
1651808154,-21,7,10,-5.5
1651808156,-23,7,13,1.5
1651808158,-21,11,10,-1.5
1651808160,-24,11,15,2.5
1651808162,-25,11,16,0.5
1651808164,-24,11,15,-0.5
1651808166,-24,11,15,0.0
1651808168,-23,6,13,-1.0
1651808170,-24,6,15,1.0
1651808172,-26,6,18,1.5
1651808174,-24,6,15,-1.5
1651808176,-25,6,16,0.5
1651808178,-23,6,13,-1.5
1651808180,-24,6,15,1.0
1651808182,-24,6,15,0.0
1651808184,-26,6,18,1.5
1651808186,-22,6,12,-3.0
1651808188,-24,6,15,1.5
1651808190,-24,6,15,0.0
1651808192,-27,6,21,3.0
1651808194,-26,6,18,-1.5
1651808196,-26,6,18,0.0
1651808198,-24,6,15,-1.5
1651808200,-26,6,18,1.5
1651808202,-26,6,18,0.0
1651808204,-25,6,16,-1.0
1651808206,-26,6,18,1.0
1651808208,-26,10,18,0.0
1651808210,-24,6,15,-1.5
1651808212,-26,6,18,1.5
1651808214,-26,6,18,0.0
1651808216,-23,6,13,-2.5
1651808218,-24,4,15,1.0
1651808220,-23,6,13,-1.0
1651808222,-25,15,16,1.5
1651808224,-24,6,15,-0.5
1651808226,-27,6,21,3.0
1651808228,-24,6,15,-3.0
1651808230,-26,7,18,1.5
1651808232,-14,7,5,-6.5
1651808234,-26,7,18,6.5
1651808236,-25,7,16,-1.0
1651808238,-26,7,18,1.0
1651808240,-23,7,13,-2.5
1651808242,-26,7,18,2.5
1651808244,-27,7,21,1.5
1651808246,-25,7,16,-2.5
1651808248,-26,7,18,1.0
1651808250,-24,14,15,-1.5
1651808252,-16,14,6,-4.5
1651808254,-26,14,18,6.0
1651808256,-24,14,15,-1.5
1651808258,-21,7,10,-2.5
1651808260,-21,6,10,0.0
1651808262,-23,6,13,1.5
1651808264,-23,5,13,0.0
1651808266,-25,6,16,1.5
1651808268,-24,4,15,-0.5
1651808270,-25,11,16,0.5
1651808272,-24,4,15,-0.5
1651808274,-25,4,16,0.5
1651808276,-18,12,7,-4.5
1651808278,-20,2,9,1.0
1651808280,-21,1,10,0.5
1651808282,-24,2,15,2.5
1651808284,-25,6,16,0.5
1651808286,-25,12,16,0.0
1651808288,-26,12,18,1.0
1651808290,-23,7,13,-2.5
1651808292,-25,12,16,1.5
1651808294,-25,14,16,0.0
1651808296,-25,12,16,0.0
1651808298,-25,12,16,0.0
1651808300,-24,12,15,-0.5
1651808302,-23,13,13,-1.0
1651808304,-27,12,21,4.0
1651808306,-25,10,16,-2.5
1651808308,-24,12,15,-0.5
1651808310,-25,12,16,0.5
1651808312,-24,5,15,-0.5
1651808314,-24,12,15,0.0
1651808316,-26,14,18,1.5
1651808318,-25,5,16,-1.0
1651808320,-24,7,15,-0.5
1651808322,-26,12,18,1.5
1651808324,-25,13,16,-1.0
1651808326,-25,13,16,0.0
1651808328,-73,11,4109,2046.5
1651808330,-17,11,7,-2051.0
1651808332,-16,6,6,-0.5
1651808334,-17,2,7,0.5
1651808336,-22,15,12,2.5
1651808338,-23,2,13,0.5
1651808340,-25,9,16,1.5
1651808342,-23,7,13,-1.5
1651808344,-20,7,9,-2.0
1651808346,-15,4,5,-2.0
1651808348,-25,11,16,5.5
1651808350,-24,11,15,-0.5
1651808352,-24,6,15,0.0
1651808354,-25,11,16,0.5
1651808356,-25,14,16,0.0
1651808358,-24,12,15,-0.5
1651808360,-26,10,18,1.5
1651808362,-26,12,18,0.0
1651808364,-22,5,12,-3.0
1651808366,-22,5,12,0.0
1651808368,-25,5,16,2.0
1651808370,-25,14,16,0.0
1651808372,-27,7,21,2.5
1651808374,-24,6,15,-3.0
1651808376,-26,5,18,1.5
1651808378,-24,6,15,-1.5
1651808380,-26,11,18,1.5
1651808382,-25,5,16,-1.0
1651808384,-24,12,15,-0.5
1651808386,-25,12,16,0.5
1651808388,-22,12,12,-2.0
1651808390,-23,12,13,0.5
1651808392,-25,12,16,1.5
1651808394,-24,10,15,-0.5
1651808396,-25,12,16,0.5
1651808398,-25,11,16,0.0
1651808400,-24,12,15,-0.5
1651808402,-26,5,18,1.5
1651808404,-25,7,16,-1.0
1651808406,-26,13,18,1.0
1651808408,-24,7,15,-1.5
1651808410,-26,6,18,1.5
1651808412,-77,12,6512,3247.0
1651808414,-25,6,16,-3248.0
1651808416,-24,11,15,-0.5
1651808418,-24,12,15,0.0
1651808420,-24,7,15,0.0
1651808422,-26,12,18,1.5
1651808424,-24,10,15,-1.5
1651808426,-24,7,15,0.0
1651808428,-24,7,15,0.0
1651808430,-25,7,16,0.5
1651808432,-26,7,18,1.0
1651808434,-26,7,18,0.0
1651808436,-24,7,15,-1.5
1651808438,-24,7,15,0.0
1651808440,-24,11,15,0.0
1651808442,-16,7,6,-4.5
1651808444,-25,7,16,5.0
1651808446,-25,7,16,0.0
1651808448,-22,7,12,-2.0
1651808450,-27,11,21,4.5
1651808452,-25,11,16,-2.5
1651808454,-25,11,16,0.0
1651808456,-25,11,16,0.0
1651808458,-25,11,16,0.0
1651808460,-26,11,18,1.0
1651808462,-25,11,16,-1.0
1651808464,-27,11,21,2.5
1651808466,-25,11,16,-2.5
1651808468,-22,11,12,-2.0
1651808470,-28,11,23,5.5
1651808472,-25,11,16,-3.5
1651808474,-26,11,18,1.0
1651808476,-26,11,18,0.0
1651808478,-26,3,18,0.0
1651808480,-27,11,21,1.5
1651808482,-24,11,15,-3.0
1651808484,-27,11,21,3.0
1651808486,-24,11,15,-3.0
1651808488,-24,11,15,0.0
1651808490,-23,11,13,-1.0
1651808492,-25,4,16,1.5
1651808494,-23,4,13,-1.5
1651808496,-22,10,12,-0.5
1651808498,-23,3,13,0.5
1651808500,-24,0,15,1.0
1651808502,-28,3,23,4.0
1651808504,-23,3,13,-5.0
1651808506,-24,3,15,1.0
1651808508,-24,9,15,0.0
1651808510,-24,9,15,0.0
1651808512,-25,9,16,0.5
1651808514,-25,9,16,0.0
1651808516,-23,3,13,-1.5
1651808518,-24,3,15,1.0
1651808520,-26,9,18,1.5
1651808522,-28,13,23,2.5
1651808524,-76,9,5804,2890.5
1651808526,-26,5,18,-2893.0
1651808528,-24,7,15,-1.5
1651808530,-27,11,21,3.0
1651808532,-27,11,21,0.0
1651808534,-26,11,18,-1.5
1651808536,-23,11,13,-2.5
1651808538,-24,14,15,1.0
1651808540,-18,11,7,-4.0
1651808542,-25,11,16,4.5
1651808544,-26,11,18,1.0
1651808546,-26,5,18,0.0
1651808548,-25,11,16,-1.0
1651808550,-25,11,16,0.0
1651808552,-23,10,13,-1.5
1651808554,-23,10,13,0.0
1651808556,-24,13,15,1.0
1651808558,-26,13,18,1.5
1651808560,-23,13,13,-2.5
1651808562,-24,10,15,1.0
1651808564,-19,7,8,-3.5
1651808566,-25,7,16,4.0
1651808568,-26,7,18,1.0
1651808570,-22,7,12,-3.0
1651808572,-24,9,15,1.5
1651808574,-24,7,15,0.0
1651808576,-25,7,16,0.5
1651808578,-24,7,15,-0.5
1651808580,-25,12,16,0.5
1651808582,-25,12,16,0.0
1651808584,-17,12,7,-4.5
1651808586,-25,12,16,4.5
1651808588,-24,7,15,-0.5
1651808590,-25,12,16,0.5
1651808592,-19,12,8,-4.0
1651808594,-19,3,8,0.0
1651808596,-32,11,37,14.5
1651808598,-27,11,21,-8.0
1651808600,-24,11,15,-3.0
1651808602,-25,11,16,0.5
1651808604,-25,11,16,0.0
1651808606,-23,11,13,-1.5
1651808608,-23,11,13,0.0
1651808610,-25,11,16,1.5
1651808612,-25,11,16,0.0
1651808614,-25,11,16,0.0
1651808616,-25,5,16,0.0
1651808618,-26,5,18,1.0
1651808620,-25,11,16,-1.0
1651808622,-25,12,16,0.0
1651808624,-24,12,15,-0.5
1651808626,-24,12,15,0.0
1651808628,-24,12,15,0.0
1651808630,-26,12,18,1.5
1651808632,-26,12,18,0.0
1651808634,-26,6,18,0.0
1651808636,-25,6,16,-1.0
1651808638,-23,12,13,-1.5
1651808640,-25,12,16,1.5
1651808642,-26,12,18,1.0
1651808644,-25,11,16,-1.0
1651808646,-23,11,13,-1.5
1651808648,-24,11,15,1.0
1651808650,-20,11,9,-3.0
1651808652,-29,5,26,8.5
1651808654,-27,12,21,-2.5
1651808656,-27,12,21,0.0
1651808658,-27,12,21,0.0
1651808660,-27,5,21,0.0
1651808662,-26,4,18,-1.5
1651808664,-24,4,15,-1.5
1651808666,-28,6,23,4.0
1651808668,-23,11,13,-5.0
1651808670,-26,11,18,2.5
1651808672,-26,11,18,0.0
1651808674,-24,11,15,-1.5
1651808676,-25,11,16,0.5
1651808678,-26,11,18,1.0
1651808680,-25,4,16,-1.0
1651808682,-24,11,15,-0.5
1651808684,-24,1,15,0.0
1651808686,-24,0,15,0.0
1651812025,-22,0,12,-0.0
1651812027,-22,0,12,0.0
1651812029,-22,0,12,0.0
1651812031,-22,9,12,0.0
1651812033,-21,1,10,-1.0
1651812035,-22,0,12,1.0
1651812037,-25,0,16,2.0
1651812039,-25,10,16,0.0
1651812041,-27,10,21,2.5
1651812043,-27,10,21,0.0
1651812045,-26,10,18,-1.5
1651812047,-22,10,12,-3.0
1651812049,-30,10,29,8.5
1651812051,-25,15,16,-6.5
1651812053,-27,15,21,2.5
1651812055,-27,10,21,0.0
1651812057,-24,11,15,-3.0
1651812059,-29,11,26,5.5
1651812061,-26,10,18,-4.0
1651812063,-26,10,18,0.0
1651812065,-24,12,15,-1.5
1651812067,-25,4,16,0.5
1651812069,-27,4,21,2.5
1651812071,-28,10,23,1.0
1651812073,-26,10,18,-2.5
1651812076,-27,10,21,1.0
1651812078,-26,11,18,-1.5
1651812080,-25,11,16,-1.0
1651812082,-30,10,29,6.5
1651812084,-22,11,12,-8.5
1651812086,-27,12,21,4.5
1651812088,-27,12,21,0.0
1651812090,-26,12,18,-1.5
1651812092,-25,12,16,-1.0
1651812094,-26,12,18,1.0
1651812096,-28,12,23,2.5
1651812098,-24,12,15,-4.0
1651812100,-26,12,18,1.5
1651812102,-27,12,21,1.5
1651812104,-27,12,21,0.0
1651812106,-26,12,18,-1.5
1651812108,-26,12,18,0.0
1651812110,-24,12,15,-1.5
1651812112,-28,4,23,4.0
1651812114,-28,12,23,0.0
1651812116,-27,12,21,-1.0
1651812118,-29,12,26,2.5
1651812120,-24,12,15,-5.5
1651812122,-28,4,23,4.0
1651812124,-25,4,16,-3.5
1651812126,-27,12,21,2.5
1651812128,-30,12,29,4.0
1651812130,-26,12,18,-5.5
1651812132,-27,12,21,1.5
1651812134,-27,12,21,0.0
1651812136,-28,12,23,1.0
1651812138,-28,12,23,0.0
1651812140,-28,12,23,0.0
1651812142,-29,12,26,1.5
1651812144,-26,12,18,-4.0
1651812146,-27,12,21,1.5
1651812148,-23,12,13,-4.0
1651812150,-28,12,23,5.0
1651812152,-76,10,5804,2890.5
1651812154,-24,6,15,-2894.5
1651812156,-27,15,21,3.0
1651812158,-28,6,23,1.0
1651812160,-28,6,23,0.0
1651812162,-30,7,29,3.0
1651812164,-28,7,23,-3.0
1651812166,-27,14,21,-1.0
1651812168,-28,5,23,1.0
1651812170,-26,7,18,-2.5
1651812172,-16,5,6,-6.0
1651812174,-20,5,9,1.5
1651812176,-30,7,29,10.0
1651812178,-27,11,21,-4.0
1651812180,-26,11,18,-1.5
1651812182,-26,11,18,0.0
1651812184,-29,11,26,4.0
1651812186,-25,11,16,-5.0
1651812188,-27,5,21,2.5
1651812190,-28,5,23,1.0
1651812192,-24,5,15,-4.0
1651812194,-25,10,16,0.5
1651812196,-28,10,23,3.5
1651812198,-28,7,23,0.0
1651812200,-28,7,23,0.0
1651812202,-27,7,21,-1.0
1651812204,-27,4,21,0.0
1651812206,-37,4,65,22.0
1651812208,-37,4,65,0.0
1651812210,-37,15,65,0.0
1651812212,-37,0,65,0.0
1651812214,-37,0,65,0.0
1651812216,-37,0,65,0.0
1651812218,-37,13,65,0.0
1651812220,-37,0,65,0.0
1651812222,-37,0,65,0.0
1651812224,-37,0,65,0.0
1651812226,-37,0,65,0.0
1651812228,-37,0,65,0.0
1651812230,-37,0,65,0.0
1651812232,-37,0,65,0.0
1651812234,-37,0,65,0.0
1651812236,-37,0,65,0.0
1651812238,-37,0,65,0.0
1651812240,-37,0,65,0.0
1651812242,-37,0,65,0.0
1651812244,-37,0,65,0.0
1651812246,-37,0,65,0.0
1651812248,-37,0,65,0.0
1651812250,-37,0,65,0.0
1651812252,-37,0,65,0.0
1651812254,-37,0,65,0.0
1651812256,-37,0,65,0.0
1651812258,-37,0,65,0.0
1651812260,-37,0,65,0.0
1651812262,-37,0,65,0.0
1651812264,-37,0,65,0.0
1651812266,-37,0,65,0.0
1651812268,-37,0,65,0.0
1651812270,-37,0,65,0.0
1651812272,-37,0,65,0.0
1651812274,-37,0,65,0.0
1651812276,-37,0,65,0.0
1651812278,-37,0,65,0.0
1651812280,-37,0,65,0.0
1651812282,-37,0,65,0.0
1651812284,-37,0,65,0.0
1651812286,-37,0,65,0.0
1651812288,-37,0,65,0.0
1651812290,-37,0,65,0.0
1651812292,-37,0,65,0.0
1651812294,-37,0,65,0.0
1651812296,-37,0,65,0.0
1651812298,-37,0,65,0.0
1651812300,-37,0,65,0.0
1651812302,-37,0,65,0.0
1651812304,-37,0,65,0.0
1651812306,-37,0,65,0.0
1651812308,-37,0,65,0.0
1651812310,-37,0,65,0.0
1651812312,-37,0,65,0.0
1651812314,-37,0,65,0.0
1651812316,-37,0,65,0.0
1651812318,-37,0,65,0.0
1651812320,-37,0,65,0.0
1651812322,-37,0,65,0.0
1651812324,-37,0,65,0.0
1651812326,-37,0,65,0.0
1651812328,-37,0,65,0.0
1651812330,-37,0,65,0.0
1651812332,-37,0,65,0.0
1651812334,-37,0,65,0.0
1651812336,-37,0,65,0.0
1651812338,-37,0,65,0.0
1651812340,-37,0,65,0.0
1651812342,-37,0,65,0.0
1651812344,-37,0,65,0.0
1651812346,-37,0,65,0.0
1651812348,-37,0,65,0.0
1651812350,-37,0,65,0.0
1651812352,-37,0,65,0.0
1651812354,-37,0,65,0.0
1651812356,-37,0,65,0.0
1651812358,-37,0,65,0.0
1651812360,-37,0,65,0.0
1651812362,-37,0,65,0.0
1651812364,-37,0,65,0.0
1651812366,-37,0,65,0.0
1651812368,-37,0,65,0.0
1651812370,-37,0,65,0.0
1651812372,-37,0,65,0.0
1651812374,-37,0,65,0.0
1651812376,-37,0,65,0.0
1651812378,-37,0,65,0.0
1651812380,-37,0,65,0.0
1651812382,-37,0,65,0.0
1651812384,-37,0,65,0.0
1651812386,-37,0,65,0.0
1651812388,-37,0,65,0.0
1651812390,-37,0,65,0.0
1651812392,-37,0,65,0.0
1651812394,-37,0,65,0.0
1651812396,-37,0,65,0.0
1651812398,-37,0,65,0.0
1651812400,-37,0,65,0.0
1651812402,-37,0,65,0.0
1651812404,-37,0,65,0.0
1651812406,-37,0,65,0.0
1651812408,-37,0,65,0.0
1651812410,-37,0,65,0.0
1651812412,-37,0,65,0.0
1651812414,-37,0,65,0.0
1651812416,-37,0,65,0.0
1651812418,-37,0,65,0.0
1651812420,-37,0,65,0.0
1651812422,-37,0,65,0.0
1651814782,-21,0,10,-0.0
1651814784,-22,0,12,1.0
1651814786,-21,1,10,-1.0
1651814788,-20,15,9,-0.5
1651814790,-20,6,9,0.0
1651814792,-21,0,10,0.5
1651814794,-21,0,10,0.0
1651814796,-23,0,13,1.5
1651814798,-29,7,26,6.5
1651814800,-30,7,29,1.5
1651814802,-27,12,21,-4.0
1651814804,-30,7,29,4.0
1651814806,-29,7,26,-1.5
1651814808,-27,13,21,-2.5
1651814810,-25,13,16,-2.5
1651814812,-30,12,29,6.5
1651814814,-28,13,23,-3.0
1651814816,-28,13,23,0.0
1651814818,-25,12,16,-3.5
1651814820,-27,12,21,2.5
1651814822,-28,13,23,1.0
1651814824,-29,5,26,1.5
1651814826,-28,7,23,-1.5
1651814828,-27,7,21,-1.0
1651814830,-26,13,18,-1.5
1651814832,-29,14,26,4.0
1651814834,-28,12,23,-1.5
1651814836,-28,13,23,0.0
1651814838,-27,12,21,-1.0
1651814840,-27,12,21,0.0
1651814842,-28,5,23,1.0
1651814844,-27,5,21,-1.0
1651814846,-30,7,29,4.0
1651814848,-28,10,23,-3.0
1651814850,-29,11,26,1.5
1651814852,-28,11,23,-1.5
1651814854,-26,12,18,-2.5
1651814856,-28,12,23,2.5
1651814858,-29,12,26,1.5
1651814860,-26,7,18,-4.0
1651814862,-27,5,21,1.5
1651814864,-27,7,21,0.0
1651814866,-27,5,21,0.0
1651814868,-29,5,26,2.5
1651814870,-27,5,21,-2.5
1651814872,-29,5,26,2.5
1651814874,-27,11,21,-2.5
1651814876,-25,12,16,-2.5
1651814878,-27,5,21,2.5
1651814880,-30,5,29,4.0
1651814882,-29,12,26,-1.5
1651814884,-27,12,21,-2.5
1651814886,-26,12,18,-1.5
1651814888,-27,12,21,1.5
1651814890,-28,12,23,1.0
1651814892,-27,12,21,-1.0
1651814894,-28,12,23,1.0
1651814896,-29,12,26,1.5
1651814898,-28,11,23,-1.5
1651814900,-23,4,13,-5.0
1651814902,-27,11,21,4.0
1651814904,-31,11,33,6.0
1651814906,-25,11,16,-8.5
1651814908,-27,12,21,2.5
1651814910,-28,12,23,1.0
1651814912,-31,12,33,5.0
1651814914,-31,12,33,0.0
1651814916,-27,6,21,-6.0
1651814918,-26,5,18,-1.5
1651814920,-30,5,29,5.5
1651814922,-28,5,23,-3.0
1651814924,-23,7,13,-5.0
1651814926,-30,12,29,8.0
1651814928,-28,12,23,-3.0
1651814930,-30,6,29,3.0
1651814932,-21,6,10,-9.5
1651814934,-25,5,16,3.0
1651814936,-30,6,29,6.5
1651814938,-28,7,23,-3.0
1651814940,-28,7,23,0.0
1651814942,-29,6,26,1.5
1651814944,-29,12,26,0.0
1651814946,-27,12,21,-2.5
1651814948,-28,12,23,1.0
1651814950,-28,12,23,0.0
1651814952,-28,12,23,0.0
1651814954,-28,6,23,0.0
1651814956,-28,7,23,0.0
1651814958,-27,7,21,-1.0
1651814960,-29,7,26,2.5
1651814962,-28,12,23,-1.5
1651814964,-29,12,26,1.5
1651814966,-33,12,41,7.5
1651814968,-28,12,23,-9.0
1651814970,-29,5,26,1.5
1651814972,-29,5,26,0.0
1651814974,-26,5,18,-4.0
1651814976,-23,7,13,-2.5
1651814978,-26,7,18,2.5
1651814980,-28,7,23,2.5
1651814982,-28,7,23,0.0
1651814984,-24,7,15,-4.0
1651814986,-28,5,23,4.0
1651814988,-24,5,15,-4.0
1651814990,-29,6,26,5.5
1651814992,-31,6,33,3.5
1651814994,-27,14,21,-6.0
1651814996,-28,6,23,1.0
1651814998,-30,6,29,3.0
1651815000,-29,6,26,-1.5
1651815002,-29,6,26,0.0
1651815004,-29,13,26,0.0
1651815006,-28,7,23,-1.5
1651815008,-32,7,37,7.0
1651815010,-27,7,21,-8.0
1651815012,-28,7,23,1.0
1651815014,-29,7,26,1.5
1651815016,-29,7,26,0.0
1651815018,-27,7,21,-2.5
1651815020,-27,7,21,0.0
1651815022,-27,6,21,0.0
1651815024,-28,6,23,1.0
1651815026,-28,6,23,0.0
1651815028,-26,7,18,-2.5
1651815030,-25,7,16,-1.0
1651815032,-32,7,37,10.5
1651815034,-29,6,26,-5.5
1651815036,-27,6,21,-2.5
1651815038,-28,7,23,1.0
1651815040,-29,7,26,1.5
1651815042,-28,13,23,-1.5
1651815044,-29,7,26,1.5
1651815046,-29,7,26,0.0
1651815048,-26,7,18,-4.0
1651815050,-24,7,15,-1.5
1651815052,-28,7,23,4.0
1651815054,-29,7,26,1.5
1651815056,-27,7,21,-2.5
1651815058,-20,6,9,-6.0
1651815060,-21,2,10,0.5
1651815062,-31,9,33,11.5
1651815064,-27,3,21,-6.0
1651815066,-32,13,37,8.0
1651815068,-27,5,21,-8.0
1651815070,-26,5,18,-1.5
1651815072,-28,3,23,2.5
1651815074,-27,11,21,-1.0
1651815076,-28,11,23,1.0
1651815078,-26,11,18,-2.5
1651815080,-24,7,15,-1.5
1651815082,-26,4,18,1.5
1651815084,-26,12,18,0.0
1651815086,-25,4,16,-1.0
1651815088,-24,9,15,-0.5
1651815090,-26,9,18,1.5
1651815092,-27,7,21,1.5
1651815094,-28,7,23,1.0
1651815096,-19,9,8,-7.5
1651815098,-22,12,12,2.0
1651815100,-28,14,23,5.5
1651815102,-25,5,16,-3.5
1651815104,-25,4,16,0.0
1651815106,-28,12,23,3.5
1651815108,-27,2,21,-1.0
1651815110,-26,3,18,-1.5
1651815112,-25,2,16,-1.0
1651815114,-26,2,18,1.0
1651815116,-26,1,18,0.0
1651815118,-16,1,6,-6.0
1651815120,-27,2,21,7.5
1651815122,-23,9,13,-4.0
1651815124,-27,2,21,4.0
1651815126,-25,9,16,-2.5
1651815128,-27,3,21,2.5
1651815130,-26,9,18,-1.5
1651815132,-26,12,18,0.0
1651815134,-29,10,26,4.0
1651815136,-29,9,26,0.0
1651815138,-27,10,21,-2.5
1651815140,-27,4,21,0.0
1651815142,-28,10,23,1.0
1651815144,-27,4,21,-1.0
1651815146,-26,10,18,-1.5
1651815148,-26,10,18,0.0
1651815150,-27,11,21,1.5
1651815152,-27,11,21,0.0
1651815154,-22,4,12,-4.5
1651815156,-25,11,16,2.0
1651815158,-30,11,29,6.5
1651815160,-27,11,21,-4.0
1651815162,-28,11,23,1.0
1651815164,-27,11,21,-1.0
1651815166,-27,9,21,0.0
1651815168,-27,14,21,0.0
1651815170,-27,10,21,0.0
1651815172,-27,12,21,0.0
1651815174,-27,0,21,0.0
1651815176,-27,0,21,0.0
1651815178,-27,0,21,0.0
1651815180,-27,0,21,0.0
1651815182,-27,0,21,0.0
1651815184,-27,0,21,0.0
1651815186,-27,0,21,0.0
1651815188,-27,0,21,0.0
1651815190,-27,0,21,0.0
1651815192,-27,0,21,0.0
1651815194,-27,0,21,0.0
1651815196,-27,0,21,0.0
1651815198,-27,0,21,0.0
1651815200,-27,0,21,0.0
1651815202,-27,0,21,0.0
1651815204,-27,0,21,0.0
1651815206,-27,0,21,0.0
1651815208,-27,0,21,0.0
1651815210,-27,0,21,0.0
1651815212,-27,0,21,0.0
1651815214,-27,0,21,0.0
1651815216,-27,0,21,0.0
1651815218,-27,0,21,0.0
1651815220,-27,0,21,0.0
1651815222,-27,0,21,0.0
1651815224,-27,0,21,0.0
1651815226,-27,0,21,0.0
1651815228,-27,0,21,0.0
1651815230,-27,0,21,0.0
1651815232,-27,0,21,0.0
1651815234,-27,0,21,0.0
1651815236,-27,0,21,0.0
1651815238,-27,0,21,0.0
1651815240,-27,0,21,0.0
1651815242,-27,0,21,0.0
1651815244,-27,0,21,0.0
1651815246,-27,0,21,0.0
1651815248,-27,0,21,0.0
1651815250,-27,0,21,0.0
1651815252,-27,0,21,0.0
1651815254,-27,0,21,0.0
1651815256,-27,0,21,0.0
1651815258,-27,0,21,0.0
1651815260,-27,0,21,0.0
1651815262,-27,0,21,0.0
1651815264,-27,0,21,0.0
1651815266,-27,0,21,0.0
1651815268,-27,0,21,0.0
1651815270,-27,0,21,0.0
1651815272,-27,0,21,0.0
1651815274,-27,0,21,0.0
1651815276,-27,0,21,0.0
1651815278,-27,0,21,0.0
1651815280,-27,0,21,0.0
1651815282,-27,0,21,0.0
1651815284,-27,0,21,0.0
1651815286,-27,0,21,0.0
1651815288,-27,0,21,0.0
1651815290,-27,0,21,0.0
1651815292,-27,0,21,0.0
1651815294,-27,0,21,0.0
1651815296,-27,0,21,0.0
1651815298,-27,0,21,0.0
1651815300,-27,0,21,0.0
1651815302,-27,0,21,0.0
1651815304,-27,0,21,0.0
1651815306,-27,0,21,0.0
1651815308,-27,0,21,0.0
1651815310,-27,0,21,0.0
1651815312,-27,0,21,0.0
1651815314,-27,0,21,0.0
1651815316,-27,0,21,0.0
1651815318,-27,0,21,0.0
1651815320,-27,0,21,0.0
1651815322,-27,0,21,0.0
1651815324,-27,0,21,0.0
1651815326,-27,0,21,0.0
1651815328,-27,0,21,0.0
1651815330,-27,0,21,0.0
1651815332,-27,0,21,0.0
1651815334,-27,0,21,0.0
1651815336,-27,0,21,0.0
1651815338,-27,0,21,0.0
1651815340,-27,0,21,0.0
1651815343,-27,0,21,0.0
1651815345,-27,0,21,0.0
1651815347,-27,0,21,0.0
1651815349,-27,0,21,0.0
1651815351,-27,0,21,0.0
1651815353,-27,0,21,0.0
1651815355,-27,0,21,0.0
1651815357,-27,0,21,0.0
1651815359,-27,0,21,0.0
1651815361,-27,0,21,0.0
1651815363,-27,0,21,0.0
1651815365,-27,0,21,0.0
1651815367,-27,0,21,0.0
1651815369,-27,0,21,0.0
1651815371,-27,0,21,0.0
1651815373,-27,0,21,0.0
1651815375,-27,0,21,0.0
1651815377,-27,0,21,0.0
1651815379,-27,0,21,0.0
1651815381,-27,0,21,0.0
1651815383,-27,0,21,0.0
1651815385,-27,0,21,0.0
1651815387,-27,0,21,0.0
1651815389,-27,0,21,0.0
1651815391,-27,0,21,0.0
1651815393,-27,0,21,0.0
1651815395,-27,0,21,0.0
1651815397,-27,0,21,0.0
1651815399,-27,0,21,0.0
1651815401,-27,0,21,0.0
1651815403,-27,0,21,0.0
1651815405,-27,0,21,0.0
1651815407,-27,0,21,0.0
1651815409,-27,0,21,0.0
1651815411,-27,0,21,0.0
1651815413,-27,0,21,0.0
1651815415,-27,0,21,0.0
1651815417,-27,0,21,0.0
1651815419,-27,0,21,0.0
1651815421,-22,1,12,-4.5
1651815423,-23,15,13,0.5
1651815425,-22,15,12,-0.5
1651815427,-24,15,15,1.5
1651815429,-23,15,13,-1.0
1651815431,-26,1,18,2.5
1651815433,-28,7,23,2.5
1651815435,-33,7,41,9.0
1651815437,-30,7,29,-6.0
1651815439,-30,7,29,0.0
1651815441,-29,12,26,-1.5
1651815443,-33,7,41,7.5
1651815445,-28,7,23,-9.0
1651815447,-32,7,37,7.0
1651815449,-30,4,29,-4.0
1651815451,-29,5,26,-1.5
1651815453,-29,7,26,0.0
1651815455,-26,10,18,-4.0
1651815457,-28,12,23,2.5
1651815459,-34,12,46,11.5
1651815461,-27,12,21,-12.5
1651815463,-33,5,41,10.0
1651815465,-22,1,12,-14.5
1651815467,-16,2,6,-3.0
1651815469,-24,2,15,4.5
1651815471,-24,2,15,0.0
1651815473,-15,2,5,-5.0
1651815475,-27,2,21,8.0
1651815477,-22,2,12,-4.5
1651815479,-22,2,12,0.0
1651815481,-23,1,13,0.5
1651815483,-22,2,12,-0.5
1651815485,-24,1,15,1.5
1651815487,-21,1,10,-2.5
1651815489,-26,1,18,4.0
1651815491,-27,1,21,1.5
1651815493,-22,1,12,-4.5
1651815495,-32,1,37,12.5
1651815497,-22,1,12,-12.5
1651815499,-20,1,9,-1.5
1651815501,-23,1,13,2.0
1651815503,-22,1,12,-0.5
1651815505,-22,1,12,0.0
1651815507,-24,1,15,1.5
1651815509,-23,1,13,-1.0
1651815511,-23,1,13,0.0
1651815513,-26,1,18,2.5
1651815515,-26,1,18,0.0
1651815517,-27,1,21,1.5
1651815519,-24,1,15,-3.0
1651815521,-23,1,13,-1.0
1651815523,-25,1,16,1.5
1651815525,-26,1,18,1.0
1651815527,-25,1,16,-1.0
1651815529,-25,1,16,0.0
1651815531,-25,1,16,0.0
1651815533,-23,1,13,-1.5
1651815535,-23,1,13,0.0
1651815537,-23,1,13,0.0
1651815539,-25,1,16,1.5
1651815541,-24,1,15,-0.5
1651815543,-24,8,15,0.0
1651815545,-25,8,16,0.5
1651815547,-25,8,16,0.0
1651815549,-25,8,16,0.0
1651815551,-23,2,13,-1.5
1651815553,-25,8,16,1.5
1651815555,-23,8,13,-1.5
1651815557,-24,8,15,1.0
1651815559,-24,8,15,0.0
1651815561,-24,8,15,0.0
1651815563,-25,2,16,0.5
1651815565,-24,2,15,-0.5
1651815567,-23,2,13,-1.0
1651815569,-20,2,9,-2.0
1651815571,-24,2,15,3.0
1651815573,-23,2,13,-1.0
1651815575,-25,2,16,1.5
1651815577,-23,2,13,-1.5
1651815579,-23,11,13,0.0
1651815581,-23,9,13,0.0
1651815583,-23,11,13,0.0
1651815585,-23,0,13,0.0
1651815587,-23,12,13,0.0
1651815589,-23,0,13,0.0
1651815591,-23,0,13,0.0
1651815593,-23,0,13,0.0
1651815595,-23,0,13,0.0
1651815597,-23,0,13,0.0
1651815599,-23,0,13,0.0
1651815601,-23,0,13,0.0
1651815603,-23,0,13,0.0
1651815605,-23,0,13,0.0
1651815607,-23,0,13,0.0
1651815609,-23,0,13,0.0
1651815611,-23,0,13,0.0
1651815613,-23,0,13,0.0
1651815615,-23,0,13,0.0
1651815617,-23,0,13,0.0
1651815619,-23,0,13,0.0
1651815621,-23,0,13,0.0
1651815623,-23,0,13,0.0
1651815625,-23,0,13,0.0
1651815627,-23,0,13,0.0
1651815629,-23,0,13,0.0
1651815631,-23,0,13,0.0
1651815633,-23,0,13,0.0
1651815635,-23,0,13,0.0
1651815637,-23,0,13,0.0
1651815639,-23,0,13,0.0
1651815641,-23,0,13,0.0
1651815643,-23,0,13,0.0
1651815645,-23,0,13,0.0
1651815647,-23,0,13,0.0
1651815649,-23,0,13,0.0
1651815651,-23,0,13,0.0
1651815653,-23,0,13,0.0
1651815655,-23,0,13,0.0
1651815657,-23,0,13,0.0
1651815659,-23,0,13,0.0
1651815661,-23,0,13,0.0
1651815663,-23,0,13,0.0
1651815665,-23,0,13,0.0
1651815667,-23,0,13,0.0
1651815669,-23,0,13,0.0
1651815671,-23,0,13,0.0
1651815673,-23,0,13,0.0
1651815675,-23,0,13,0.0
1651815677,-23,0,13,0.0
1651815679,-23,0,13,0.0
1651815681,-23,0,13,0.0
1651815683,-23,0,13,0.0
1651815685,-23,0,13,0.0
1651815687,-23,0,13,0.0
1651815689,-23,0,13,0.0
1651815691,-23,0,13,0.0
1651815693,-23,0,13,0.0
1651815695,-23,0,13,0.0
1651815697,-23,0,13,0.0
1651815699,-23,0,13,0.0
1651815701,-23,0,13,0.0
1651815703,-23,0,13,0.0
1651815705,-23,0,13,0.0
1651815707,-23,0,13,0.0
1651815709,-23,0,13,0.0
1651815711,-23,0,13,0.0
1651815713,-23,0,13,0.0
1651815715,-23,0,13,0.0
1651815717,-23,0,13,0.0
1651815719,-23,0,13,0.0
1651815721,-23,0,13,0.0
1651815723,-23,0,13,0.0
1651815725,-23,0,13,0.0
1651815727,-23,0,13,0.0
1651815729,-23,0,13,0.0
1651815731,-23,0,13,0.0
1651815733,-23,0,13,0.0
1651815735,-23,0,13,0.0
1651815737,-23,0,13,0.0
1651815739,-23,0,13,0.0
1651815741,-23,0,13,0.0
1651815743,-23,0,13,0.0
1651815745,-23,0,13,0.0
1651815747,-23,0,13,0.0
1651815749,-23,0,13,0.0
1651815751,-23,0,13,0.0
1651815753,-23,0,13,0.0
1651815755,-23,0,13,0.0
1651815757,-23,0,13,0.0
1651815759,-23,0,13,0.0
1651815761,-23,0,13,0.0
1651815763,-23,0,13,0.0
1651815765,-23,0,13,0.0
1651815767,-23,0,13,0.0
1651815769,-23,0,13,0.0
1651815771,-23,0,13,0.0
1651815773,-23,0,13,0.0
1651815775,-23,0,13,0.0
1651815777,-23,0,13,0.0
1651815779,-23,0,13,0.0
1651815781,-23,0,13,0.0
1651815783,-23,0,13,0.0
1651815785,-23,0,13,0.0
1651815787,-23,0,13,0.0
1651815789,-23,0,13,0.0
1651815791,-23,0,13,0.0
1651815793,-23,0,13,0.0
1651815795,-23,0,13,0.0
1651815797,-23,0,13,0.0
1651815799,-23,0,13,0.0
1651815801,-23,0,13,0.0
1651815803,-23,0,13,0.0
1651815805,-23,0,13,0.0
1651815807,-23,0,13,0.0
1651815809,-23,0,13,0.0
1651815811,-23,0,13,0.0
1651815813,-23,0,13,0.0
1651815815,-23,0,13,0.0
1651815817,-23,0,13,0.0
1651815819,-23,0,13,0.0
1651815821,-23,0,13,0.0
1651815823,-23,0,13,0.0
1651815825,-23,0,13,0.0
1651815827,-23,0,13,0.0
1651815829,-23,0,13,0.0
1651815831,-23,0,13,0.0
1651815833,-23,0,13,0.0
1651815835,-23,0,13,0.0
1651815837,-23,0,13,0.0
1651815839,-23,0,13,0.0
1651815841,-23,0,13,0.0
1651815843,-23,0,13,0.0
1651815845,-23,0,13,0.0
1651815847,-23,0,13,0.0
1651815849,-23,0,13,0.0
1651815851,-23,0,13,0.0
1651815853,-23,0,13,0.0
1651815855,-23,0,13,0.0
1651815857,-23,0,13,0.0
1651815859,-23,0,13,0.0
1651815861,-23,0,13,0.0
1651815863,-23,0,13,0.0
1651815865,-23,0,13,0.0
1651815867,-23,0,13,0.0
1651815869,-23,0,13,0.0
1651815871,-23,0,13,0.0
1651815873,-23,0,13,0.0
1651815875,-23,0,13,0.0
1651815877,-23,0,13,0.0
1651815879,-23,0,13,0.0
1651815881,-23,0,13,0.0
1651815883,-23,0,13,0.0
1651815885,-23,0,13,0.0
1651815887,-23,0,13,0.0
1651815889,-23,0,13,0.0
1651815891,-23,0,13,0.0
1651815893,-23,0,13,0.0
1651815895,-23,0,13,0.0
1651815897,-23,0,13,0.0
1651815899,-23,0,13,0.0
1651815901,-23,0,13,0.0
1651815903,-23,0,13,0.0
1651815966,-21,4,10,-0.0
1651815968,-20,4,9,-0.5
1651815970,-21,15,10,0.5
1651815972,-20,7,9,-0.5
1651815974,-21,13,10,0.5
1651815976,-20,7,9,-0.5
1651815978,-20,4,9,0.0
1651815980,-21,4,10,0.5
1651815982,-26,4,18,4.0
1651815984,-28,4,23,2.5
1651815986,-26,4,18,-2.5
1651815988,-26,11,18,0.0
1651815990,-25,11,16,-1.0
1651815992,-24,11,15,-0.5
1651815994,-26,11,18,1.5
1651815996,-24,11,15,-1.5
1651815998,-26,11,18,1.5
1651816000,-26,11,18,0.0
1651816002,-27,11,21,1.5
1651816004,-26,4,18,-1.5
1651816006,-25,4,16,-1.0
1651816008,-28,4,23,3.5
1651816010,-25,4,16,-3.5
1651816012,-25,3,16,0.0
1651816014,-27,6,21,2.5
1651816016,-22,3,12,-4.5
1651816018,-24,6,15,1.5
1651816020,-26,3,18,1.5
1651816022,-25,3,16,-1.0
1651816024,-24,3,15,-0.5
1651816026,-25,3,16,0.5
1651816028,-26,3,18,1.0
1651816030,-26,3,18,0.0
1651816032,-22,2,12,-3.0
1651816034,-27,2,21,4.5
1651816036,-24,2,15,-3.0
1651816038,-25,9,16,0.5
1651816040,-24,9,15,-0.5
1651816042,-23,2,13,-1.0
1651816044,-25,1,16,1.5
1651816046,-26,3,18,1.0
1651816048,-23,3,13,-2.5
1651816050,-27,3,21,4.0
1651816052,-26,3,18,-1.5
1651816054,-27,3,21,1.5
1651816056,-25,3,16,-2.5
1651816058,-28,3,23,3.5
1651816060,-24,3,15,-4.0
1651816062,-25,3,16,0.5
1651816064,-28,3,23,3.5
1651816066,-26,13,18,-2.5
1651816068,-28,3,23,2.5
1651816070,-24,3,15,-4.0
1651816072,-25,3,16,0.5
1651816074,-26,3,18,1.0
1651816076,-25,5,16,-1.0
1651816078,-25,3,16,0.0
1651816080,-26,3,18,1.0
1651816082,-22,3,12,-3.0
1651816084,-25,9,16,2.0
1651816086,-24,9,15,-0.5
1651816088,-23,9,13,-1.0
1651816090,-25,9,16,1.5
1651816092,-25,9,16,0.0
1651816094,-25,3,16,0.0
1651816096,-25,9,16,0.0
1651816098,-25,9,16,0.0
1651816100,-24,9,15,-0.5
1651816102,-27,9,21,3.0
1651816104,-27,9,21,0.0
1651816106,-26,9,18,-1.5
1651816108,-26,9,18,0.0
1651816110,-26,9,18,0.0
1651816112,-25,9,16,-1.0
1651816114,-25,4,16,0.0
1651816116,-25,4,16,0.0
1651816118,-27,4,21,2.5
1651816120,-22,4,12,-4.5
1651816122,-24,4,15,1.5
1651816124,-20,5,9,-3.0
1651816126,-25,5,16,3.5
1651816128,-24,2,15,-0.5
1651816130,-25,2,16,0.5
1651816132,-22,3,12,-2.0
1651816134,-27,3,21,4.5
1651816136,-26,3,18,-1.5
1651816138,-25,3,16,-1.0
1651816140,-25,3,16,0.0
1651816142,-26,3,18,1.0
1651816144,-25,3,16,-1.0
1651816146,-27,3,21,2.5
1651816148,-26,3,18,-1.5
1651816150,-24,3,15,-1.5
1651816152,-26,3,18,1.5
1651816154,-26,3,18,0.0
1651816156,-27,3,21,1.5
1651816158,-26,3,18,-1.5
1651816160,-25,3,16,-1.0
1651816162,-25,3,16,0.0
1651816164,-24,3,15,-0.5
1651816166,-25,3,16,0.5
1651816168,-25,3,16,0.0
1651816170,-24,3,15,-0.5
1651816172,-27,3,21,3.0
1651816174,-24,3,15,-3.0
1651816176,-26,3,18,1.5
1651816178,-24,3,15,-1.5
1651816180,-25,3,16,0.5
1651816182,-25,3,16,0.0
1651816184,-25,3,16,0.0
1651816186,-24,3,15,-0.5
1651816188,-25,3,16,0.5
1651816190,-25,3,16,0.0
1651816192,-26,3,18,1.0
1651816194,-26,3,18,0.0
1651816196,-24,3,15,-1.5
1651816198,-24,10,15,0.0
1651816200,-25,10,16,0.5
1651816202,-25,10,16,0.0
1651816204,-26,10,18,1.0
1651816206,-20,12,9,-4.5
1651816208,-25,12,16,3.5
1651816210,-25,4,16,0.0
1651816212,-25,4,16,0.0
1651816214,-23,4,13,-1.5
1651816216,-26,4,18,2.5
1651816218,-24,4,15,-1.5
1651816220,-25,4,16,0.5
1651816222,-25,4,16,0.0
1651816224,-26,2,18,1.0
1651816226,-27,4,21,1.5
1651816228,-26,4,18,-1.5
1651816230,-26,4,18,0.0
1651816232,-25,4,16,-1.0
1651816234,-28,4,23,3.5
1651816236,-26,8,18,-2.5
1651816238,-27,10,21,1.5
1651816240,-25,10,16,-2.5
1651816242,-24,10,15,-0.5
1651816244,-26,10,18,1.5
1651816246,-27,10,21,1.5
1651816248,-24,10,15,-3.0
1651816250,-24,10,15,0.0
1651816252,-25,10,16,0.5
1651816254,-25,10,16,0.0
1651816256,-25,10,16,0.0
1651816258,-24,10,15,-0.5
1651816260,-26,10,18,1.5
1651816262,-23,10,13,-2.5
1651816264,-25,10,16,1.5
1651816266,-23,10,13,-1.5
1651816268,-24,10,15,1.0
1651816270,-27,10,21,3.0
1651816272,-30,8,29,4.0
1651816274,-25,9,16,-6.5
1651816276,-25,9,16,0.0
1651816278,-24,9,15,-0.5
1651816280,-28,3,23,4.0
1651816282,-30,6,29,3.0
1651816284,-29,12,26,-1.5
1651816286,-27,12,21,-2.5
1651816288,-29,9,26,2.5
1651816290,-29,4,26,0.0
1651816292,-30,4,29,1.5
1651816294,-28,7,23,-3.0
1651816296,-29,7,26,1.5
1651816298,-30,10,29,1.5
1651816300,-30,7,29,0.0
1651816302,-30,7,29,0.0
1651816304,-31,7,33,2.0
1651816306,-30,13,29,-2.0
1651816308,-28,13,23,-3.0
1651816310,-29,13,26,1.5
1651816312,-30,13,29,1.5
1651816314,-27,13,21,-4.0
1651816316,-34,13,46,12.5
1651816318,-28,13,23,-11.5
1651816320,-28,13,23,0.0
1651816322,-28,13,23,0.0
1651816324,-28,13,23,0.0
1651816326,-30,6,29,3.0
1651816328,-28,6,23,-3.0
1651816330,-27,14,21,-1.0
1651816332,-30,10,29,4.0
1651816334,-30,13,29,0.0
1651816336,-29,13,26,-1.5
1651816338,-26,4,18,-4.0
1651816340,-26,4,18,0.0
1651816342,-27,11,21,1.5
1651816344,-28,5,23,1.0
1651816346,-25,11,16,-3.5
1651816348,-26,3,18,1.0
1651816350,-28,7,23,2.5
1651816352,-28,7,23,0.0
1651816354,-28,2,23,0.0
1651816356,-29,8,26,1.5
1651816358,-27,10,21,-2.5
1651816360,-28,10,23,1.0
1651816362,-26,10,18,-2.5
1651816364,-22,3,12,-3.0
1651816366,-29,9,26,7.0
1651816368,-29,10,26,0.0
1651816370,-28,10,23,-1.5
1651816372,-29,10,26,1.5
1651816374,-27,11,21,-2.5
1651816376,-27,11,21,0.0
1651816378,-27,10,21,0.0
1651816380,-28,10,23,1.0
1651816382,-30,10,29,3.0
1651816384,-28,10,23,-3.0
1651816386,-30,10,29,3.0
1651816388,-25,5,16,-6.5
1651816390,-25,0,16,0.0
1651816392,-25,10,16,0.0
1651816394,-25,0,16,0.0
1651816396,-25,0,16,0.0
1651816398,-25,0,16,0.0
1651816400,-25,0,16,0.0
1651816402,-25,0,16,0.0
1651816404,-25,0,16,0.0
1651816406,-25,0,16,0.0
1651816408,-25,0,16,0.0
1651816410,-25,0,16,0.0
1651816412,-25,0,16,0.0
1651816414,-25,0,16,0.0
1651816416,-25,0,16,0.0
1651816418,-25,0,16,0.0
1651816420,-25,0,16,0.0
1651816422,-25,0,16,0.0
1651816424,-25,0,16,0.0
1651816426,-25,0,16,0.0
1651816428,-25,0,16,0.0
1651816430,-25,0,16,0.0
1651816432,-25,0,16,0.0
1651816434,-25,0,16,0.0
1651816436,-25,0,16,0.0
1651816438,-25,0,16,0.0
1651816440,-25,0,16,0.0
1651816442,-25,0,16,0.0
1651816444,-25,0,16,0.0
1651816446,-25,0,16,0.0
1651816448,-25,0,16,0.0
1651816450,-25,0,16,0.0
1651816452,-25,0,16,0.0
1651816454,-25,0,16,0.0
1651816456,-25,0,16,0.0
1651816458,-25,0,16,0.0
1651816460,-25,0,16,0.0
1651816462,-25,0,16,0.0
1651816464,-25,0,16,0.0
1651816466,-25,0,16,0.0
1651816468,-25,0,16,0.0
1651816470,-25,0,16,0.0
1651816472,-25,0,16,0.0
1651816474,-25,0,16,0.0
1651816476,-25,0,16,0.0
1651816478,-25,0,16,0.0
1651816480,-25,0,16,0.0
1651816482,-25,0,16,0.0
1651816484,-25,0,16,0.0
1651816486,-25,0,16,0.0
1651816488,-25,0,16,0.0
1651816490,-25,0,16,0.0
1651816492,-25,0,16,0.0
1651816494,-25,0,16,0.0
1651816496,-24,4,15,-0.5
1651816498,-23,7,13,-1.0
1651816500,-23,13,13,0.0
1651816502,-23,7,13,0.0
1651816504,-25,7,16,1.5
1651816506,-24,7,15,-0.5
1651816508,-26,7,18,1.5
1651816510,-22,7,12,-3.0
1651816512,-27,7,21,4.5
1651816514,-29,11,26,2.5
1651816516,-31,7,33,3.5
1651816518,-32,6,37,2.0
1651816520,-31,9,33,-2.0
1651816522,-27,1,21,-6.0
1651816524,-28,1,23,1.0
1651816526,-27,1,21,-1.0
1651816528,-28,2,23,1.0
1651816530,-28,3,23,0.0
1651816532,-27,3,21,-1.0
1651816534,-27,7,21,0.0
1651816536,-31,7,33,6.0
1651816538,-28,2,23,-5.0
1651816540,-31,9,33,5.0
1651816542,-28,9,23,-5.0
1651816544,-29,6,26,1.5
1651816546,-27,6,21,-2.5
1651816548,-25,10,16,-2.5
1651816550,-32,2,37,10.5
1651816552,-29,2,26,-5.5
1651816554,-28,2,23,-1.5
1651816556,-29,2,26,1.5
1651816558,-30,5,29,1.5
1651816560,-27,1,21,-4.0
1651816562,-30,1,29,4.0
1651816564,-26,2,18,-5.5
1651816566,-31,5,33,7.5
1651816568,-29,5,26,-3.5
1651816570,-24,5,15,-5.5
1651816572,-28,5,23,4.0
1651816574,-27,2,21,-1.0
1651816576,-28,9,23,1.0
1651816578,-28,3,23,0.0
1651816580,-25,4,16,-3.5
1651816582,-29,4,26,5.0
1651816584,-31,11,33,3.5
1651816586,-28,9,23,-5.0
1651816588,-26,10,18,-2.5
1651816590,-30,10,29,5.5
1651816592,-28,3,23,-3.0
1651816594,-28,4,23,0.0
1651816596,-33,4,41,9.0
1651816598,-30,3,29,-6.0
1651816600,-27,4,21,-4.0
1651816602,-32,14,37,8.0
1651816604,-28,14,23,-7.0
1651816606,-37,14,65,21.0
1651816608,-32,14,37,-14.0
1651816610,-31,14,33,-2.0
1651816612,-28,14,23,-5.0
1651816614,-28,7,23,0.0
1651816616,-28,5,23,0.0
1651816618,-26,2,18,-2.5
1651816620,-29,2,26,4.0
1651816622,-28,11,23,-1.5
1651816624,-27,14,21,-1.0
1651816626,-29,11,26,2.5
1651816628,-25,11,16,-5.0
1651816630,-28,11,23,3.5
1651816632,-29,6,26,1.5
1651816634,-30,6,29,1.5
1651816636,-28,12,23,-3.0
1651816638,-28,12,23,0.0
1651816640,-29,12,26,1.5
1651816642,-29,6,26,0.0
1651816644,-26,6,18,-4.0
1651816646,-31,12,33,7.5
1651816648,-30,13,29,-2.0
1651816650,-28,13,23,-3.0
1651816652,-29,13,26,1.5
1651816654,-28,7,23,-1.5
1651816656,-29,14,26,1.5
1651816658,-28,7,23,-1.5
1651816660,-28,14,23,0.0
1651816662,-29,12,26,1.5
1651816664,-27,7,21,-2.5
1651816666,-28,4,23,1.0
1651816668,-29,7,26,1.5
1651816670,-29,11,26,0.0
1651816672,-28,11,23,-1.5
1651816674,-28,5,23,0.0
1651816676,-30,5,29,3.0
1651816678,-29,5,26,-1.5
1651816680,-28,5,23,-1.5
1651816682,-28,5,23,0.0
1651816684,-28,11,23,0.0
1651816686,-31,11,33,5.0
1651816688,-29,11,26,-3.5
1651816690,-28,11,23,-1.5
1651816692,-29,13,26,1.5
1651816694,-32,5,37,5.5
1651816696,-28,9,23,-7.0
1651816698,-27,10,21,-1.0
1651816700,-27,0,21,0.0
1651816702,-27,0,21,0.0
1651816770,-20,3,9,-0.2
1651816772,-21,3,10,0.5
1651816774,-22,3,12,1.0
1651816776,-22,3,12,0.0
1651816778,-23,3,13,0.5
1651816780,-21,3,10,-1.5
1651816782,-22,3,12,1.0
1651816784,-25,6,16,2.0
1651816786,-26,4,18,1.0
1651816788,-26,4,18,0.0
1651816790,-26,4,18,0.0
1651816792,-25,4,16,-1.0
1651816794,-27,7,21,2.5
1651816796,-24,7,15,-3.0
1651816798,-24,7,15,0.0
1651816800,-24,7,15,0.0
1651816802,-25,7,16,0.5
1651816804,-24,7,15,-0.5
1651816806,-27,7,21,3.0
1651816808,-26,4,18,-1.5
1651816810,-24,4,15,-1.5
1651816812,-25,9,16,0.5
1651816814,-26,10,18,1.0
1651816816,-26,10,18,0.0
1651816818,-23,10,13,-2.5
1651816820,-25,9,16,1.5
1651816822,-25,10,16,0.0
1651816824,-25,10,16,0.0
1651816826,-24,13,15,-0.5
1651816828,-26,10,18,1.5
1651816830,-25,10,16,-1.0
1651816832,-27,9,21,2.5
1651816834,-26,9,18,-1.5
1651816836,-24,10,15,-1.5
1651816839,-26,10,18,1.0
1651816841,-25,6,16,-1.0
1651816843,-25,10,16,0.0
1651816845,-24,10,15,-0.5
1651816847,-24,10,15,0.0
1651816849,-24,10,15,0.0
1651816851,-18,13,7,-4.0
1651816853,-27,10,21,7.0
1651816855,-25,14,16,-2.5
1651816857,-25,14,16,0.0
1651816859,-27,14,21,2.5
1651816861,-26,14,18,-1.5
1651816863,-22,12,12,-3.0
1651816865,-25,7,16,2.0
1651816867,-26,12,18,1.0
1651816869,-25,12,16,-1.0
1651816871,-12,7,4,-6.0
1651816873,-16,13,6,1.0
1651816875,-15,13,5,-0.5
1651816877,-30,5,29,12.0
1651816879,-19,5,8,-10.5
1651816881,-31,4,33,12.5
1651816883,-25,7,16,-8.5
1651816885,-27,12,21,2.5
1651816887,-28,6,23,1.0
1651816889,-27,11,21,-1.0
1651816891,-28,11,23,1.0
1651816893,-25,11,16,-3.5
1651816895,-24,10,15,-0.5
1651816897,-26,12,18,1.5
1651816899,-30,12,29,5.5
1651816901,-27,12,21,-4.0
1651816903,-28,12,23,1.0
1651816905,-27,12,21,-1.0
1651816907,-28,12,23,1.0
1651816909,-26,12,18,-2.5
1651816911,-28,12,23,2.5
1651816913,-26,12,18,-2.5
1651816915,-26,12,18,0.0
1651816917,-26,12,18,0.0
1651816919,-26,12,18,0.0
1651816921,-28,12,23,2.5
1651816923,-28,11,23,0.0
1651816925,-25,12,16,-3.5
1651816927,-26,10,18,1.0
1651816929,-27,11,21,1.5
1651816931,-28,11,23,1.0
1651816933,-26,11,18,-2.5
1651816935,-27,11,21,1.5
1651816937,-26,11,18,-1.5
1651816939,-26,11,18,0.0
1651816941,-26,7,18,0.0
1651816943,-27,6,21,1.5
1651816945,-27,6,21,0.0
1651816947,-26,6,18,-1.5
1651816949,-26,6,18,0.0
1651816951,-27,13,21,1.5
1651816953,-25,14,16,-2.5
1651816955,-26,6,18,1.0
1651816957,-23,2,13,-2.5
1651816959,-25,10,16,1.5
1651816961,-26,10,18,1.0
1651816963,-27,5,21,1.5
1651816965,-29,5,26,2.5
1651816967,-29,5,26,0.0
1651816969,-27,4,21,-2.5
1651816971,-27,4,21,0.0
1651816973,-30,12,29,4.0
1651816975,-26,4,18,-5.5
1651816977,-26,4,18,0.0
1651816979,-27,7,21,1.5
1651816981,-27,7,21,0.0
1651816983,-26,7,18,-1.5
1651816985,-26,7,18,0.0
1651816987,-26,10,18,0.0
1651816989,-26,11,18,0.0
1651816991,-21,13,10,-4.0
1651816993,-26,14,18,4.0
1651816995,-24,6,15,-1.5
1651816997,-26,12,18,1.5
1651816999,-27,10,21,1.5
1651817001,-26,10,18,-1.5
1651817003,-25,3,16,-1.0
1651817005,-25,0,16,0.0
1651817007,-25,0,16,0.0
1651817009,-25,0,16,0.0
1651817011,-25,0,16,0.0
1651817013,-25,0,16,0.0
1651817015,-25,0,16,0.0
1651817017,-25,0,16,0.0
1651817019,-25,0,16,0.0
1651817021,-25,0,16,0.0
1651817023,-25,0,16,0.0
1651817025,-25,0,16,0.0
1651817027,-25,0,16,0.0
1651817029,-25,0,16,0.0
1651817031,-25,0,16,0.0
1651817033,-25,0,16,0.0
1651817035,-25,0,16,0.0
1651817037,-25,0,16,0.0
1651817039,-25,0,16,0.0
1651817041,-25,0,16,0.0
1651817043,-25,0,16,0.0
1651817045,-25,0,16,0.0
1651817047,-25,0,16,0.0
1651817049,-25,0,16,0.0
1651817051,-25,0,16,0.0
1651817053,-25,0,16,0.0
1651817055,-25,0,16,0.0
1651817057,-25,0,16,0.0
1651817059,-25,0,16,0.0
1651817061,-25,0,16,0.0
1651817063,-25,0,16,0.0
1651817065,-25,0,16,0.0
1651817067,-25,0,16,0.0
1651817069,-25,0,16,0.0
1651817071,-25,0,16,0.0
1651817073,-25,0,16,0.0
1651817075,-25,0,16,0.0
1651817077,-25,0,16,0.0
1651817079,-25,0,16,0.0
1651817081,-25,0,16,0.0
1651817083,-25,0,16,0.0
1651817085,-25,0,16,0.0
1651817087,-25,0,16,0.0
1651817089,-25,0,16,0.0
1651817091,-25,0,16,0.0
1651817093,-25,0,16,0.0
1651817095,-25,0,16,0.0
1651817097,-25,0,16,0.0
1651817099,-25,0,16,0.0
1651817101,-25,0,16,0.0
1651817103,-25,0,16,0.0
1651817105,-25,0,16,0.0
1651817107,-25,0,16,0.0
1651817109,-25,0,16,0.0
1651817111,-25,0,16,0.0
1651817113,-25,0,16,0.0
1651817115,-25,0,16,0.0
1651817117,-25,0,16,0.0
1651817119,-25,0,16,0.0
1651817121,-25,0,16,0.0
1651817123,-25,0,16,0.0
1651817125,-25,0,16,0.0
1651817127,-25,0,16,0.0
1651817129,-25,0,16,0.0
1651817131,-25,0,16,0.0
1651817133,-25,0,16,0.0
1651817135,-25,0,16,0.0
1651817137,-25,0,16,0.0
1651817139,-25,0,16,0.0
1651817141,-25,0,16,0.0
1651817143,-25,0,16,0.0
1651817145,-25,0,16,0.0
1651817147,-25,0,16,0.0
1651817149,-25,0,16,0.0
1651817151,-25,0,16,0.0
1651817153,-25,0,16,0.0
1651817155,-25,0,16,0.0
1651817157,-25,0,16,0.0
1651817159,-25,0,16,0.0
1651817161,-25,0,16,0.0
1651817163,-25,0,16,0.0
1651817165,-25,0,16,0.0
1651817167,-25,0,16,0.0
1651817169,-25,0,16,0.0
1651817171,-25,0,16,0.0
1651817173,-25,0,16,0.0
1651817175,-25,0,16,0.0
1651817177,-25,0,16,0.0
1651817179,-25,0,16,0.0
1651817181,-25,0,16,0.0
1651817183,-25,0,16,0.0
1651817185,-25,0,16,0.0
1651817187,-25,0,16,0.0
1651817189,-25,0,16,0.0
1651817191,-25,0,16,0.0
1651817193,-25,0,16,0.0
1651817195,-25,0,16,0.0
1651817197,-25,0,16,0.0
1651817199,-25,0,16,0.0
1651817201,-25,0,16,0.0
1651817203,-25,0,16,0.0
1651817205,-25,0,16,0.0
1651817207,-25,0,16,0.0
1651817209,-25,0,16,0.0
1651817211,-25,0,16,0.0
1651817213,-25,0,16,0.0
1651817215,-25,0,16,0.0
1651817217,-25,0,16,0.0
1651817219,-25,0,16,0.0
1651817221,-25,0,16,0.0
1651817223,-25,0,16,0.0
1651817225,-25,0,16,0.0
1651817227,-25,0,16,0.0
1651817229,-25,0,16,0.0
1651817231,-25,0,16,0.0
1651817233,-25,0,16,0.0
1651817235,-25,0,16,0.0
1651817237,-25,0,16,0.0
1651817239,-25,0,16,0.0
1651817241,-25,0,16,0.0
1651817243,-25,0,16,0.0
1651817245,-23,0,13,-1.5
1651817247,-24,0,15,1.0
1651817249,-23,0,13,-1.0
1651817251,-22,6,12,-0.5
1651817253,-24,0,15,1.5
1651817255,-22,0,12,-1.5
1651817257,-21,0,10,-1.0
1651817259,-23,4,13,1.5
1651817261,-29,7,26,6.5
1651817263,-26,7,18,-4.0
1651817265,-29,7,26,4.0
1651817267,-23,7,13,-6.5
1651817269,-32,13,37,12.0
1651817271,-27,7,21,-8.0
1651817273,-27,15,21,0.0
1651817275,-24,15,15,-3.0
1651817277,-29,15,26,5.5
1651817279,-27,15,21,-2.5
1651817281,-20,5,9,-6.0
1651817283,-28,5,23,7.0
1651817285,-28,5,23,0.0
1651817287,-25,5,16,-3.5
1651817289,-30,7,29,6.5
1651817291,-28,11,23,-3.0
1651817293,-26,13,18,-2.5
1651817295,-27,13,21,1.5
1651817297,-29,13,26,2.5
1651817299,-27,13,21,-2.5
1651817301,-25,13,16,-2.5
1651817303,-29,13,26,5.0
1651817305,-26,13,18,-4.0
1651817307,-28,13,23,2.5
1651817309,-29,13,26,1.5
1651817311,-26,13,18,-4.0
1651817313,-27,13,21,1.5
1651817315,-26,13,18,-1.5
1651817317,-26,13,18,0.0
1651817319,-28,15,23,2.5
1651817321,-23,15,13,-5.0
1651817323,-26,13,18,2.5
1651817325,-25,6,16,-1.0
1651817327,-27,13,21,2.5
1651817329,-28,15,23,1.0
1651817331,-26,13,18,-2.5
1651817333,-27,11,21,1.5
1651817335,-26,11,18,-1.5
1651817337,-28,11,23,2.5
1651817339,-29,11,26,1.5
1651817341,-25,11,16,-5.0
1651817343,-28,15,23,3.5
1651817345,-26,12,18,-2.5
1651817347,-26,11,18,0.0
1651817349,-27,11,21,1.5
1651817351,-28,11,23,1.0
1651817353,-29,12,26,1.5
1651817355,-29,12,26,0.0
1651817357,-27,12,21,-2.5
1651817359,-26,12,18,-1.5
1651817361,-27,12,21,1.5
1651817363,-27,12,21,0.0
1651817365,-27,12,21,0.0
1651817367,-27,12,21,0.0
1651817369,-30,12,29,4.0
1651817371,-27,12,21,-4.0
1651817373,-29,12,26,2.5
1651817375,-29,12,26,0.0
1651817377,-27,12,21,-2.5
1651817379,-29,12,26,2.5
1651817381,-28,12,23,-1.5
1651817383,-28,12,23,0.0
1651817385,-28,12,23,0.0
1651817387,-31,6,33,5.0
1651817389,-27,6,21,-6.0
1651817391,-28,14,23,1.0
1651817393,-28,14,23,0.0
1651817395,-29,14,26,1.5
1651817397,-29,14,26,0.0
1651817399,-26,6,18,-4.0
1651817401,-27,7,21,1.5
1651817403,-29,7,26,2.5
1651817405,-28,7,23,-1.5
1651817407,-29,7,26,1.5
1651817409,-26,6,18,-4.0
1651817411,-26,6,18,0.0
1651817413,-27,5,21,1.5
1651817415,-24,11,15,-3.0
1651817417,-29,13,26,5.5
1651817419,-28,4,23,-1.5
1651817421,-26,7,18,-2.5
1651817423,-26,13,18,0.0
1651817425,-29,7,26,4.0
1651817427,-30,13,29,1.5
1651817429,-27,13,21,-4.0
1651817431,-26,13,18,-1.5
1651817433,-26,13,18,0.0
1651817435,-26,14,18,0.0
1651817437,-29,14,26,4.0
1651817439,-29,13,26,0.0
1651817441,-29,13,26,0.0
1651817443,-27,11,21,-2.5
1651817445,-28,13,23,1.0
1651817447,-28,12,23,0.0
1651817449,-24,7,15,-4.0
1651817451,-33,7,41,13.0
1651817453,-28,4,23,-9.0
1651817455,-26,10,18,-2.5
1651817457,-28,7,23,2.5
1651817459,-27,12,21,-1.0
1651817461,-29,4,26,2.5
1651817463,-29,13,26,0.0
1651817465,-30,7,29,1.5
1651817467,-30,0,29,0.0
1651817469,-30,0,29,0.0
1651817471,-30,0,29,0.0
1651817473,-30,0,29,0.0
1651817475,-30,0,29,0.0
1651817477,-30,0,29,0.0
1651817479,-30,0,29,0.0
1651817481,-30,0,29,0.0
1651817483,-30,0,29,0.0
1651817485,-30,0,29,0.0
1651817487,-30,15,29,0.0
1651817489,-30,15,29,0.0
1651817491,-30,0,29,0.0
1651817493,-30,0,29,0.0
1651817495,-30,0,29,0.0
1651817497,-30,0,29,0.0
1651817499,-30,0,29,0.0
1651817501,-30,0,29,0.0
1651817503,-30,0,29,0.0
1651817505,-30,0,29,0.0
1651817507,-30,0,29,0.0
1651817509,-30,0,29,0.0
1651817511,-30,0,29,0.0
1651817513,-30,0,29,0.0
1651817515,-30,0,29,0.0
1651817517,-30,0,29,0.0
1651817519,-30,0,29,0.0
1651817521,-30,0,29,0.0
1651817523,-30,0,29,0.0
1651817525,-30,0,29,0.0
1651817527,-30,0,29,0.0
1651817529,-30,0,29,0.0
1651817531,-30,0,29,0.0
1651817533,-30,0,29,0.0
1651817535,-30,0,29,0.0
1651817537,-30,0,29,0.0
1651817539,-30,0,29,0.0
1651817541,-30,0,29,0.0
1651817543,-30,0,29,0.0
1651817545,-30,0,29,0.0
1651817547,-30,0,29,0.0
1651817549,-30,0,29,0.0
1651817551,-30,0,29,0.0
1651817553,-30,0,29,0.0
1651817555,-30,0,29,0.0
1651817557,-30,0,29,0.0
1651817559,-30,0,29,0.0
1651817561,-30,0,29,0.0
1651817563,-30,0,29,0.0
1651817565,-30,0,29,0.0
1651817567,-30,0,29,0.0
1651817569,-30,0,29,0.0
1651817571,-30,0,29,0.0
1651817573,-30,0,29,0.0
1651817575,-30,0,29,0.0
1651817577,-30,0,29,0.0
1651817579,-30,0,29,0.0
1651817581,-30,0,29,0.0
1651817583,-30,0,29,0.0
1651817585,-30,0,29,0.0
1651817587,-30,0,29,0.0
1651817589,-30,0,29,0.0
1651817591,-30,0,29,0.0
1651817593,-30,0,29,0.0
1651817595,-30,0,29,0.0
1651817597,-30,0,29,0.0
1651817599,-30,0,29,0.0
1651817601,-30,0,29,0.0
1651817603,-30,0,29,0.0
1651817605,-30,0,29,0.0
1651817607,-30,0,29,0.0
1651817609,-30,0,29,0.0
1651817611,-30,0,29,0.0
1651817613,-30,0,29,0.0
1651817615,-30,0,29,0.0
1651817617,-30,0,29,0.0
1651817619,-30,0,29,0.0
1651817621,-30,0,29,0.0
1651817623,-30,0,29,0.0
1651817625,-30,0,29,0.0
1651817627,-30,0,29,0.0
1651817629,-30,0,29,0.0
1651817631,-30,0,29,0.0
1651817633,-30,0,29,0.0
1651817635,-30,0,29,0.0
1651817637,-30,0,29,0.0
1651817639,-30,0,29,0.0
1651817641,-30,0,29,0.0
1651817643,-30,0,29,0.0
1651817645,-30,0,29,0.0
1651817647,-30,0,29,0.0
1651817649,-30,0,29,0.0
1651817651,-30,0,29,0.0
1651817653,-30,0,29,0.0
1651817655,-30,0,29,0.0
1651817657,-30,0,29,0.0
1651817659,-30,0,29,0.0
1651817661,-30,0,29,0.0
1651817663,-30,0,29,0.0
1651817665,-30,0,29,0.0
1651817667,-30,0,29,0.0
1651817669,-30,0,29,0.0
1651817671,-30,0,29,0.0
1651817673,-30,0,29,0.0
1651817675,-30,0,29,0.0
1651817677,-30,0,29,0.0
1651817679,-30,0,29,0.0
1651817681,-30,0,29,0.0
1651817683,-30,0,29,0.0
1651817685,-30,0,29,0.0
1651817687,-30,0,29,0.0
1651817689,-30,0,29,0.0
1651817691,-30,0,29,0.0
1651817693,-30,0,29,0.0
1651817695,-30,0,29,0.0
1651817697,-30,0,29,0.0
1651817699,-30,0,29,0.0
1651817701,-30,0,29,0.0
1651817703,-30,0,29,0.0
1651817705,-25,0,16,-6.5
1651817707,-26,3,18,1.0
1651817709,-25,3,16,-1.0
1651817711,-25,14,16,0.0
1651817713,-25,6,16,0.0
1651817715,-24,6,15,-0.5
1651817717,-25,3,16,0.5
1651817719,-23,3,13,-1.5
1651817721,-29,6,26,6.5
1651817723,-27,15,21,-2.5
1651817725,-31,6,33,6.0
1651817727,-28,6,23,-5.0
1651817729,-30,13,29,3.0
1651817731,-29,13,26,-1.5
1651817733,-19,7,8,-9.0
1651817735,-35,13,52,22.0
1651817737,-31,13,33,-9.5
1651817739,-29,13,26,-3.5
1651817741,-28,13,23,-1.5
1651817743,-29,13,26,1.5
1651817745,-29,13,26,0.0
1651817747,-29,13,26,0.0
1651817749,-27,13,21,-2.5
1651817751,-29,13,26,2.5
1651817753,-28,13,23,-1.5
1651817755,-30,13,29,3.0
1651817757,-28,13,23,-3.0
1651817759,-29,13,26,1.5
1651817761,-29,13,26,0.0
1651817763,-29,13,26,0.0
1651817765,-28,13,23,-1.5
1651817767,-30,11,29,3.0
1651817769,-28,13,23,-3.0
1651817771,-27,13,21,-1.0
1651817773,-27,13,21,0.0
1651817775,-29,13,26,2.5
1651817777,-27,13,21,-2.5
1651817779,-28,13,23,1.0
1651817781,-27,13,21,-1.0
1651817783,-27,13,21,0.0
1651817785,-28,13,23,1.0
1651817787,-26,13,18,-2.5
1651817789,-27,13,21,1.5
1651817791,-27,13,21,0.0
1651817793,-27,13,21,0.0
1651817795,-27,13,21,0.0
1651817797,-27,13,21,0.0
1651817799,-28,13,23,1.0
1651817801,-29,14,26,1.5
1651817803,-29,14,26,0.0
1651817805,-29,14,26,0.0
1651817807,-29,14,26,0.0
1651817809,-29,14,26,0.0
1651817811,-28,14,23,-1.5
1651817813,-30,14,29,3.0
1651817815,-28,4,23,-3.0
1651817817,-28,12,23,0.0
1651817819,-27,15,21,-1.0
1651817821,-28,12,23,1.0
1651817823,-31,12,33,5.0
1651817825,-30,12,29,-2.0
1651817827,-27,12,21,-4.0
1651817829,-28,12,23,1.0
1651817831,-26,12,18,-2.5
1651817833,-27,12,21,1.5
1651817835,-30,12,29,4.0
1651817837,-29,12,26,-1.5
1651817839,-27,12,21,-2.5
1651817841,-27,12,21,0.0
1651817843,-28,12,23,1.0
1651817845,-27,12,21,-1.0
1651817847,-26,12,18,-1.5
1651817849,-27,12,21,1.5
1651817851,-28,12,23,1.0
1651817853,-27,12,21,-1.0
1651817855,-27,12,21,0.0
1651817857,-27,7,21,0.0
1651817859,-27,7,21,0.0
1651817861,-27,12,21,0.0
1651817863,-26,12,18,-1.5
1651817865,-28,12,23,2.5
1651817867,-28,12,23,0.0
1651817869,-28,5,23,0.0
1651817871,-28,13,23,0.0
1651817873,-28,11,23,0.0
1651817875,-28,11,23,0.0
1651817877,-27,11,21,-1.0
1651817879,-26,11,18,-1.5
1651817881,-27,11,21,1.5
1651817883,-26,11,18,-1.5
1651817885,-26,11,18,0.0
1651817887,-26,6,18,0.0
1651817889,-26,6,18,0.0
1651817891,-27,6,21,1.5
1651817893,-26,7,18,-1.5
1651817895,-28,13,23,2.5
1651817897,-28,13,23,0.0
1651817899,-27,13,21,-1.0
1651817901,-27,13,21,0.0
1651817903,-28,10,23,1.0
1651817905,-28,10,23,0.0
1651817907,-25,10,16,-3.5
1651817909,-26,10,18,1.0
1651817911,-26,10,18,0.0
1651817913,-27,10,21,1.5
1651817915,-27,10,21,0.0
1651817917,-28,10,23,1.0
1651817919,-26,4,18,-2.5
1651817921,-26,5,18,0.0
1651817923,-26,12,18,0.0
1651817925,-27,12,21,1.5
1651817927,-26,12,18,-1.5
1651817929,-28,12,23,2.5
1651817931,-29,4,26,1.5
1651817934,-29,4,26,0.0
1651817936,-29,4,26,0.0
1651817938,-27,10,21,-2.5
1651817940,-28,10,23,1.0
1651817942,-23,4,13,-5.0
1651817944,-25,4,16,1.5
1651817946,-27,4,21,2.5
1651817948,-26,4,18,-1.5
1651817950,-27,11,21,1.5
1651817952,-28,11,23,1.0
1651817954,-28,11,23,0.0
1651817956,-29,4,26,1.5
1651817958,-28,4,23,-1.5
1651817960,-27,4,21,-1.0
1651817962,-27,4,21,0.0
1651817964,-27,1,21,0.0
1651817966,-26,11,18,-1.5
1651817968,-27,11,21,1.5
1651817970,-28,10,23,1.0
1651817972,-28,11,23,0.0
1651817974,-27,11,21,-1.0
1651817976,-27,11,21,0.0
1651817978,-27,11,21,0.0
1651817980,-27,11,21,0.0
1651817982,-27,11,21,0.0
1651817984,-27,11,21,0.0
1651817986,-27,11,21,0.0
1651817988,-26,11,18,-1.5
1651817990,-27,13,21,1.5
1651817992,-28,5,23,1.0
1651817994,-26,4,18,-2.5
1651817996,-27,4,21,1.5
1651817998,-27,4,21,0.0
1651818000,-28,4,23,1.0
1651818002,-27,4,21,-1.0
1651818004,-27,4,21,0.0
1651818006,-27,5,21,0.0
1651818008,-28,4,23,1.0
1651818010,-27,4,21,-1.0
1651818012,-26,4,18,-1.5
1651818014,-27,4,21,1.5
1651818016,-27,4,21,0.0
1651818018,-29,4,26,2.5
1651818020,-28,4,23,-1.5
1651818022,-25,4,16,-3.5
1651818024,-28,5,23,3.5
1651818026,-26,11,18,-2.5
1651818028,-29,11,26,4.0
1651818030,-29,11,26,0.0
1651818032,-30,11,29,1.5
1651818034,-29,11,26,-1.5
1651818036,-30,11,29,1.5
1651818038,-28,11,23,-3.0
1651818040,-30,11,29,3.0
1651818042,-29,11,26,-1.5
1651818044,-26,11,18,-4.0
1651818046,-27,11,21,1.5
1651818048,-28,11,23,1.0
1651818050,-27,11,21,-1.0
1651818052,-31,11,33,6.0
1651818054,-28,11,23,-5.0
1651818056,-29,11,26,1.5
1651818058,-28,11,23,-1.5
1651818060,-27,10,21,-1.0
1651818062,-29,7,26,2.5
1651818064,-28,7,23,-1.5
1651818066,-27,7,21,-1.0
1651818068,-29,7,26,2.5
1651818070,-29,7,26,0.0
1651818072,-28,7,23,-1.5
1651818074,-27,7,21,-1.0
1651818076,-27,14,21,0.0
1651818078,-28,7,23,1.0
1651818080,-28,14,23,0.0
1651818082,-27,15,21,-1.0
1651818084,-26,10,18,-1.5
1651818086,-28,12,23,2.5
1651818088,-27,12,21,-1.0
1651818090,-28,10,23,1.0
1651818092,-27,10,21,-1.0
1651818094,-27,13,21,0.0
1651818096,-27,12,21,0.0
1651818098,-27,12,21,0.0
1651818100,-28,12,23,1.0
1651818102,-28,12,23,0.0
1651818104,-28,12,23,0.0
1651818106,-25,12,16,-3.5
1651818108,-28,12,23,3.5
1651818110,-28,12,23,0.0
1651818112,-30,12,29,3.0
1651818114,-29,12,26,-1.5
1651818116,-29,12,26,0.0
1651818118,-28,12,23,-1.5
1651818120,-27,12,21,-1.0
1651818122,-27,12,21,0.0
1651818124,-26,12,18,-1.5
1651818126,-29,12,26,4.0
1651818128,-28,12,23,-1.5
1651818130,-27,12,21,-1.0
1651818132,-27,14,21,0.0
1651818134,-30,12,29,4.0
1651818136,-29,12,26,-1.5
1651818138,-29,11,26,0.0
1651818140,-29,6,26,0.0
1651818142,-27,6,21,-2.5
1651818144,-27,6,21,0.0
1651818146,-28,6,23,1.0
1651818148,-28,6,23,0.0
1651818150,-26,6,18,-2.5
1651818152,-27,11,21,1.5
1651818154,-26,7,18,-1.5
1651818156,-27,11,21,1.5
1651818158,-28,11,23,1.0
1651818160,-29,7,26,1.5
1651818162,-28,11,23,-1.5
1651818164,-27,11,21,-1.0
1651818166,-27,11,21,0.0
1651818168,-28,11,23,1.0
1651818170,-28,11,23,0.0
1651818172,-27,11,21,-1.0
1651818174,-27,11,21,0.0
1651818176,-28,11,23,1.0
1651818178,-30,11,29,3.0
1651818180,-28,13,23,-3.0
1651818182,-29,11,26,1.5
1651818184,-30,7,29,1.5
1651818186,-28,7,23,-3.0
1651818188,-27,7,21,-1.0
1651818190,-27,12,21,0.0
1651818192,-27,12,21,0.0
1651818194,-28,12,23,1.0
1651818196,-29,12,26,1.5
1651818198,-27,6,21,-2.5
1651818200,-28,12,23,1.0
1651818202,-27,12,21,-1.0
1651818204,-27,12,21,0.0
1651818206,-27,7,21,0.0
1651818208,-28,7,23,1.0
1651818210,-28,7,23,0.0
1651818212,-28,14,23,0.0
1651818214,-28,7,23,0.0
1651818216,-29,7,26,1.5
1651818218,-28,7,23,-1.5
1651818220,-27,7,21,-1.0
1651818222,-27,7,21,0.0
1651818224,-27,7,21,0.0
1651818226,-28,7,23,1.0
1651818228,-27,7,21,-1.0
1651818230,-27,7,21,0.0
1651818232,-27,7,21,0.0
1651818234,-81,7,10321,5150.0
1651818236,-27,7,21,-5150.0
1651818238,-28,14,23,1.0
1651818240,-28,14,23,0.0
1651818242,-27,14,21,-1.0
1651818244,-28,14,23,1.0
1651818246,-26,14,18,-2.5
1651818248,-27,13,21,1.5
1651818250,-27,13,21,0.0
1651818252,-29,13,26,2.5
1651818254,-27,13,21,-2.5
1651818256,-27,13,21,0.0
1651818258,-28,13,23,1.0
1651818260,-27,13,21,-1.0
1651818262,-27,13,21,0.0
1651818264,-27,13,21,0.0
1651818266,-27,13,21,0.0
1651818268,-29,13,26,2.5
1651818270,-28,13,23,-1.5
1651818272,-28,13,23,0.0
1651818274,-28,13,23,0.0
1651818276,-28,13,23,0.0
1651818278,-28,13,23,0.0
1651818280,-28,13,23,0.0
1651818282,-28,13,23,0.0
1651818284,-28,13,23,0.0
1651818286,-28,13,23,0.0
1651818288,-28,13,23,0.0
1651818335,-19,0,8,-0.3
1651818337,-18,0,7,-0.5
1651818339,-17,0,7,0.0
1651818341,-18,0,7,0.0
1651818343,-19,0,8,0.5
1651818345,-18,0,7,-0.5
1651818347,-19,0,8,0.5
1651818349,-18,0,7,-0.5
1651818351,-19,0,8,0.5
1651818353,-27,6,21,6.5
1651818355,-27,15,21,0.0
1651818357,-22,7,12,-4.5
1651818359,-28,11,23,5.5
1651818361,-28,11,23,0.0
1651818363,-27,11,21,-1.0
1651818365,-28,12,23,1.0
1651818367,-28,12,23,0.0
1651818369,-25,12,16,-3.5
1651818371,-28,12,23,3.5
1651818373,-29,13,26,1.5
1651818375,-28,13,23,-1.5
1651818377,-27,12,21,-1.0
1651818379,-25,12,16,-2.5
1651818381,-26,12,18,1.0
1651818383,-27,12,21,1.5
1651818385,-28,12,23,1.0
1651818387,-28,14,23,0.0
1651818389,-31,14,33,5.0
1651818391,-27,14,21,-6.0
1651818393,-30,15,29,4.0
1651818395,-25,14,16,-6.5
1651818397,-27,12,21,2.5
1651818399,-29,12,26,2.5
1651818401,-25,14,16,-5.0
1651818403,-24,14,15,-0.5
1651818405,-25,14,16,0.5
1651818407,-29,14,26,5.0
1651818409,-22,14,12,-7.0
1651818411,-21,14,10,-1.0
1651818413,-23,13,13,1.5
1651818415,-24,14,15,1.0
1651818417,-34,14,46,15.5
1651818419,-23,12,13,-16.5
1651818421,-26,11,18,2.5
1651818423,-25,11,16,-1.0
1651818425,-28,11,23,3.5
1651818427,-27,11,21,-1.0
1651818429,-26,11,18,-1.5
1651818431,-27,11,21,1.5
1651818433,-26,1,18,-1.5
1651818435,-26,11,18,0.0
1651818437,-25,13,16,-1.0
1651818439,-21,13,10,-3.0
1651818441,-24,13,15,2.5
1651818443,-26,13,18,1.5
1651818445,-25,11,16,-1.0
1651818447,-28,11,23,3.5
1651818449,-30,12,29,3.0
1651818451,-26,12,18,-5.5
1651818453,-24,12,15,-1.5
1651818455,-26,12,18,1.5
1651818457,-16,12,6,-6.0
1651818459,-29,12,26,10.0
1651818461,-26,12,18,-4.0
1651818463,-25,12,16,-1.0
1651818465,-26,12,18,1.0
1651818467,-27,12,21,1.5
1651818469,-26,12,18,-1.5
1651818471,-27,12,21,1.5
1651818473,-26,12,18,-1.5
1651818475,-28,12,23,2.5
1651818477,-31,12,33,5.0
1651818479,-27,12,21,-6.0
1651818481,-27,12,21,0.0
1651818483,-26,12,18,-1.5
1651818485,-27,12,21,1.5
1651818487,-28,12,23,1.0
1651818489,-27,12,21,-1.0
1651818491,-27,12,21,0.0
1651818493,-27,12,21,0.0
1651818495,-25,12,16,-2.5
1651818497,-28,12,23,3.5
1651818499,-28,12,23,0.0
1651818501,-25,12,16,-3.5
1651818503,-27,12,21,2.5
1651818505,-29,12,26,2.5
1651818507,-29,12,26,0.0
1651818509,-26,12,18,-4.0
1651818511,-27,12,21,1.5
1651818513,-26,12,18,-1.5
1651818515,-30,12,29,5.5
1651818517,-26,6,18,-5.5
1651818519,-27,7,21,1.5
1651818521,-27,7,21,0.0
1651818523,-22,12,12,-4.5
1651818525,-28,12,23,5.5
1651818527,-27,13,21,-1.0
1651818529,-27,13,21,0.0
1651818531,-28,13,23,1.0
1651818533,-25,13,16,-3.5
1651818535,-30,13,29,6.5
1651818537,-26,13,18,-5.5
1651818539,-29,13,26,4.0
1651818541,-27,13,21,-2.5
1651818543,-27,13,21,0.0
1651818545,-26,13,18,-1.5
1651818547,-26,5,18,0.0
1651818549,-24,13,15,-1.5
1651818551,-29,6,26,5.5
1651818553,-28,6,23,-1.5
1651818555,-28,14,23,0.0
1651818557,-31,14,33,5.0
1651818559,-30,14,29,-2.0
1651818561,-30,14,29,0.0
1651818563,-30,14,29,0.0
1651818565,-30,14,29,0.0
1651818567,-30,14,29,0.0
1651818569,-30,15,29,0.0
1651818571,-30,15,29,0.0
1651818573,-30,15,29,0.0
1651818575,-30,15,29,0.0
1651818577,-30,15,29,0.0
1651818579,-30,15,29,0.0
1651818581,-30,15,29,0.0
1651818583,-30,15,29,0.0
1651818585,-30,15,29,0.0
1651818587,-30,15,29,0.0
1651818589,-30,15,29,0.0
1651818591,-30,15,29,0.0
1651818593,-30,14,29,0.0
1651818595,-30,14,29,0.0
1651818597,-30,14,29,0.0
1651818599,-30,14,29,0.0
1651818601,-30,14,29,0.0
1651818603,-30,14,29,0.0
1651818605,-30,14,29,0.0
1651818607,-30,14,29,0.0
1651818609,-30,14,29,0.0
1651818611,-30,14,29,0.0
1651818613,-30,15,29,0.0
1651818615,-30,15,29,0.0
1651818617,-30,15,29,0.0
1651818619,-30,15,29,0.0
1651818621,-30,15,29,0.0
1651818623,-30,15,29,0.0
1651818625,-30,15,29,0.0
1651818627,-30,15,29,0.0
1651818629,-30,15,29,0.0
1651818631,-30,10,29,0.0
1651818633,-30,12,29,0.0
1651818635,-30,12,29,0.0
1651818637,-30,12,29,0.0
1651818639,-30,12,29,0.0
1651818641,-30,12,29,0.0
1651818643,-30,12,29,0.0
1651818645,-30,12,29,0.0
1651818647,-30,12,29,0.0
1651818649,-30,12,29,0.0
1651818651,-30,12,29,0.0
1651818653,-30,10,29,0.0
1651818655,-30,10,29,0.0
1651818657,-30,10,29,0.0
1651818659,-30,10,29,0.0
1651818661,-30,10,29,0.0
1651818663,-30,10,29,0.0
1651818665,-30,10,29,0.0
1651818667,-30,10,29,0.0
1651818669,-30,10,29,0.0
1651818671,-30,10,29,0.0
1651818673,-30,10,29,0.0
1651818675,-30,9,29,0.0
1651818677,-30,9,29,0.0
1651818679,-30,9,29,0.0
1651818681,-30,9,29,0.0
1651818683,-30,9,29,0.0
1651818685,-30,9,29,0.0
1651818687,-30,9,29,0.0
1651818689,-30,9,29,0.0
1651818691,-30,9,29,0.0
1651818693,-30,9,29,0.0
1651818695,-30,13,29,0.0
1651819268,-22,0,12,-0.0
1651819270,-20,5,9,-1.5
1651819272,-20,0,9,0.0
1651819274,-20,0,9,0.0
1651819276,-19,0,8,-0.5
1651819278,-21,0,10,1.0
1651819280,-20,0,9,-0.5
1651819282,-20,0,9,0.0
1651819284,-22,0,12,1.5
1651819286,-22,0,12,0.0
1651819288,-26,11,18,3.0
1651819290,-24,3,15,-1.5
1651819292,-22,3,12,-1.5
1651819294,-23,3,13,0.5
1651819296,-24,3,15,1.0
1651819298,-26,9,18,1.5
1651819300,-23,9,13,-2.5
1651819302,-24,9,15,1.0
1651819304,-25,9,16,0.5
1651819306,-27,3,21,2.5
1651819308,-25,12,16,-2.5
1651819310,-26,3,18,1.0
1651819312,-24,4,15,-1.5
1651819314,-25,4,16,0.5
1651819316,-20,4,9,-3.5
1651819318,-21,3,10,0.5
1651819320,-26,3,18,4.0
1651819323,-25,3,16,-0.7
1651819325,-24,2,15,-0.5
1651819327,-25,3,16,0.5
1651819329,-25,9,16,0.0
1651819331,-23,9,13,-1.5
1651819333,-24,9,15,1.0
1651819335,-24,9,15,0.0
1651819337,-25,9,16,0.5
1651819339,-23,3,13,-1.5
1651819341,-24,9,15,1.0
1651819343,-25,9,16,0.5
1651819345,-26,9,18,1.0
1651819347,-27,9,21,1.5
1651819349,-24,9,15,-3.0
1651819351,-24,9,15,0.0
1651819353,-24,9,15,0.0
1651819355,-24,9,15,0.0
1651819357,-24,9,15,0.0
1651819359,-24,9,15,0.0
1651819361,-24,9,15,0.0
1651819363,-24,9,15,0.0
1651819365,-24,9,15,0.0
1651819367,-24,9,15,0.0
1651819369,-24,9,15,0.0
1651819371,-24,9,15,0.0
1651819373,-24,9,15,0.0
1651819375,-24,9,15,0.0
1651819377,-24,9,15,0.0
1651819379,-24,9,15,0.0
1651819381,-24,9,15,0.0
1651819383,-24,9,15,0.0
1651819385,-24,9,15,0.0
1651819387,-24,14,15,0.0
1651819389,-24,0,15,0.0
1651819391,-24,0,15,0.0
1651819393,-24,0,15,0.0
1651819395,-24,0,15,0.0
1651819397,-24,0,15,0.0
1651819399,-24,0,15,0.0
1651819401,-24,0,15,0.0
1651819403,-24,0,15,0.0
1651819405,-24,0,15,0.0
1651819407,-24,0,15,0.0
1651819409,-24,0,15,0.0
1651819411,-24,0,15,0.0
1651819413,-24,0,15,0.0
1651819415,-24,0,15,0.0
1651819417,-24,0,15,0.0
1651819419,-24,0,15,0.0
1651819421,-24,0,15,0.0
1651819423,-24,0,15,0.0
1651819425,-24,0,15,0.0
1651819427,-24,0,15,0.0
1651819429,-24,0,15,0.0
1651819431,-24,0,15,0.0
1651819433,-24,0,15,0.0
1651819435,-24,0,15,0.0
1651819437,-24,0,15,0.0
1651819439,-24,0,15,0.0
1651819441,-24,0,15,0.0
1651819443,-24,0,15,0.0
1651819445,-24,0,15,0.0
1651819447,-24,0,15,0.0
1651819449,-24,0,15,0.0
1651819451,-24,0,15,0.0
1651819453,-24,0,15,0.0
1651819455,-24,0,15,0.0
1651819457,-24,0,15,0.0
1651819459,-24,0,15,0.0
1651819461,-24,0,15,0.0
1651819463,-24,0,15,0.0
1651819465,-24,0,15,0.0
1651819467,-24,0,15,0.0
1651819469,-24,0,15,0.0
1651819471,-24,0,15,0.0
1651819473,-24,0,15,0.0
1651819475,-24,0,15,0.0
1651819477,-24,0,15,0.0
1651819479,-24,0,15,0.0
1651819481,-24,0,15,0.0
1651819483,-24,0,15,0.0
1651819485,-24,0,15,0.0
1651819487,-24,0,15,0.0
1651819489,-24,0,15,0.0
1651819491,-24,0,15,0.0
1651819493,-24,0,15,0.0
1651819495,-24,0,15,0.0
1651819497,-24,0,15,0.0
1651819499,-24,0,15,0.0
1651819501,-24,0,15,0.0
1651819503,-24,0,15,0.0
1651819505,-24,0,15,0.0
1651819507,-24,0,15,0.0
1651819509,-24,0,15,0.0
1651819511,-24,0,15,0.0
1651819513,-24,0,15,0.0
1651819515,-24,0,15,0.0
1651819517,-24,0,15,0.0
1651819519,-24,0,15,0.0
1651819521,-24,0,15,0.0
1651819523,-24,0,15,0.0
1651819525,-24,0,15,0.0
1651819527,-24,0,15,0.0
1651819529,-24,0,15,0.0
1651819531,-24,0,15,0.0
1651819533,-24,0,15,0.0
1651819535,-24,0,15,0.0
1651819537,-24,0,15,0.0
1651819539,-24,0,15,0.0
1651819541,-24,0,15,0.0
1651819543,-24,0,15,0.0
1651819545,-24,0,15,0.0
1651819547,-24,0,15,0.0
1651819549,-24,0,15,0.0
1651819551,-24,0,15,0.0
1651819553,-24,0,15,0.0
1651819555,-24,0,15,0.0
1651819557,-24,0,15,0.0
1651819559,-24,0,15,0.0
1651819561,-24,0,15,0.0
1651819563,-24,0,15,0.0
1651819565,-24,0,15,0.0
1651819567,-24,0,15,0.0
1651819569,-24,0,15,0.0
1651819571,-24,0,15,0.0
1651819573,-24,0,15,0.0
1651819575,-24,0,15,0.0
1651819577,-24,0,15,0.0
1651819579,-24,0,15,0.0
1651819581,-24,0,15,0.0
1651819583,-24,0,15,0.0
1651819585,-24,0,15,0.0
1651819587,-24,0,15,0.0
1651819589,-24,0,15,0.0
1651819591,-24,0,15,0.0
1651819593,-24,0,15,0.0
1651819595,-24,0,15,0.0
1651819597,-24,0,15,0.0
1651819599,-24,0,15,0.0
1651819601,-24,0,15,0.0
1651819603,-24,0,15,0.0
1651819605,-24,0,15,0.0
1651819607,-24,0,15,0.0
1651819609,-24,0,15,0.0
1651819611,-24,0,15,0.0
1651819613,-24,0,15,0.0
1651819615,-24,0,15,0.0
1651819617,-24,0,15,0.0
1651819619,-24,0,15,0.0
1651819621,-24,0,15,0.0
1651819623,-24,0,15,0.0
1651819625,-24,0,15,0.0
1651819627,-24,0,15,0.0
1651819629,-24,0,15,0.0
1651819631,-24,0,15,0.0
1651819633,-24,0,15,0.0
1651819635,-24,0,15,0.0
1651819637,-24,0,15,0.0
1651819639,-24,0,15,0.0
1651819641,-24,0,15,0.0
1651819643,-24,0,15,0.0
1651819645,-24,0,15,0.0
1651819647,-24,0,15,0.0
1651819649,-24,0,15,0.0
1651819651,-24,0,15,0.0
1651819653,-24,0,15,0.0
1651819655,-24,0,15,0.0
1651819657,-24,0,15,0.0
1651819659,-24,0,15,0.0
1651819661,-24,0,15,0.0
1651819663,-24,0,15,0.0
1651819665,-24,0,15,0.0
1651819667,-24,0,15,0.0
1651819669,-24,0,15,0.0
1651819671,-24,0,15,0.0
1651819673,-24,0,15,0.0
1651819675,-24,0,15,0.0
1651819677,-24,0,15,0.0
1651819679,-24,0,15,0.0
1651819681,-24,0,15,0.0
1651819683,-24,0,15,0.0
1651819685,-24,0,15,0.0
1651819687,-24,0,15,0.0
1651819689,-24,0,15,0.0
1651819691,-24,0,15,0.0
1651819693,-24,0,15,0.0
1651819695,-24,0,15,0.0
1651819697,-24,0,15,0.0
1651819699,-24,0,15,0.0
1651819701,-24,0,15,0.0
1651819703,-24,0,15,0.0
1651819705,-24,0,15,0.0
1651819707,-24,0,15,0.0
1651819709,-24,0,15,0.0
1651819711,-24,0,15,0.0
1651819713,-24,0,15,0.0
1651819715,-24,0,15,0.0
1651819717,-24,0,15,0.0
1651819719,-24,0,15,0.0
1651819721,-24,0,15,0.0
1651819723,-24,0,15,0.0
1651819725,-24,0,15,0.0
1651819727,-24,0,15,0.0
1651819729,-24,0,15,0.0
1651819731,-24,0,15,0.0
1651819733,-24,0,15,0.0
1651819735,-24,0,15,0.0
1651819737,-24,0,15,0.0
1651819739,-24,0,15,0.0
1651819741,-24,0,15,0.0
1651819743,-24,0,15,0.0
1651819745,-24,0,15,0.0
1651819747,-24,0,15,0.0
1651819749,-24,0,15,0.0
1651819751,-24,0,15,0.0
1651819753,-24,0,15,0.0
1651819755,-24,0,15,0.0
1651819757,-24,0,15,0.0
1651819759,-24,0,15,0.0
1651819761,-24,0,15,0.0
1651819763,-24,0,15,0.0
1651819765,-24,0,15,0.0
1651819767,-24,0,15,0.0
1651819769,-24,0,15,0.0
1651819771,-24,0,15,0.0
1651819773,-24,0,15,0.0
1651819775,-24,0,15,0.0
1651819777,-24,0,15,0.0
1651819779,-24,0,15,0.0
1651819781,-24,0,15,0.0
1651819783,-24,0,15,0.0
1651819785,-24,0,15,0.0
1651819787,-24,0,15,0.0
1651819789,-24,0,15,0.0
1651819791,-24,0,15,0.0
1651819793,-24,0,15,0.0
1651819795,-24,0,15,0.0
1651819797,-24,0,15,0.0
1651819799,-24,0,15,0.0
1651819801,-24,0,15,0.0
1651819803,-24,0,15,0.0
1651819805,-24,0,15,0.0
1651819807,-24,0,15,0.0
1651819809,-24,0,15,0.0
1651819811,-24,0,15,0.0
1651819813,-24,0,15,0.0
1651819815,-24,0,15,0.0
1651819817,-24,0,15,0.0
1651819819,-24,0,15,0.0
1651819821,-24,0,15,0.0
1651819823,-24,0,15,0.0
1651819825,-24,0,15,0.0
1651819827,-24,0,15,0.0
1651819829,-24,0,15,0.0
1651819831,-24,0,15,0.0
1651819833,-24,0,15,0.0
1651819835,-24,0,15,0.0
1651819837,-24,0,15,0.0
1651819839,-24,0,15,0.0
1651819841,-24,0,15,0.0
1651819843,-24,0,15,0.0
1651819845,-24,0,15,0.0
1651819847,-24,0,15,0.0
1651819849,-24,0,15,0.0
1651819851,-24,0,15,0.0
1651819853,-24,0,15,0.0
1651819855,-24,0,15,0.0
1651819857,-24,0,15,0.0
1651819859,-24,0,15,0.0
1651819861,-24,0,15,0.0
1651819863,-24,0,15,0.0
1651819865,-24,0,15,0.0
1651819867,-24,0,15,0.0
1651819869,-24,0,15,0.0
1651819871,-24,0,15,0.0
1651819873,-24,0,15,0.0
1651819875,-24,0,15,0.0
1651819877,-24,0,15,0.0
1651819879,-24,0,15,0.0
1651819881,-24,0,15,0.0
1651819883,-24,0,15,0.0
1651819885,-24,0,15,0.0
1651819887,-24,0,15,0.0
1651819889,-24,0,15,0.0
1651819891,-24,0,15,0.0
1651819893,-24,0,15,0.0
1651819895,-24,0,15,0.0
1651819897,-24,0,15,0.0
1651819899,-24,0,15,0.0
1651819901,-24,0,15,0.0
1651819903,-24,0,15,0.0
1651819905,-24,0,15,0.0
1651819907,-24,0,15,0.0
1651819909,-24,0,15,0.0
1651819911,-24,0,15,0.0
1651819913,-24,0,15,0.0
1651819915,-24,0,15,0.0
1651819917,-24,0,15,0.0
1651819919,-24,0,15,0.0
1651819921,-24,0,15,0.0
1651819923,-24,0,15,0.0
1651819925,-24,0,15,0.0
1651819927,-24,0,15,0.0
1651819929,-24,0,15,0.0
1651819931,-24,0,15,0.0
1651819933,-24,0,15,0.0
1651819935,-24,0,15,0.0
1651819937,-24,0,15,0.0
1651819939,-24,0,15,0.0
1651819941,-24,0,15,0.0
1651819943,-24,0,15,0.0
1651819945,-24,0,15,0.0
1651819947,-24,0,15,0.0
1651819949,-24,0,15,0.0
1651819951,-24,0,15,0.0
1651819953,-24,0,15,0.0
1651819955,-24,0,15,0.0
1651819957,-24,0,15,0.0
1651819959,-24,0,15,0.0
1651819961,-24,0,15,0.0
1651819963,-24,0,15,0.0
1651819965,-24,0,15,0.0
1651819967,-24,0,15,0.0
1651819969,-24,0,15,0.0
1651819971,-24,0,15,0.0
1651819973,-24,0,15,0.0
1651819975,-24,0,15,0.0
1651819977,-24,0,15,0.0
1651819979,-24,0,15,0.0
1651819981,-24,0,15,0.0
1651819983,-24,0,15,0.0
1651819985,-24,0,15,0.0
1651819987,-24,0,15,0.0
1651819989,-24,0,15,0.0
1651819991,-24,0,15,0.0
1651819993,-24,0,15,0.0
1651819995,-24,0,15,0.0
1651819997,-24,0,15,0.0
1651819999,-24,0,15,0.0
1651820001,-24,0,15,0.0
1651820003,-24,0,15,0.0
1651820005,-24,0,15,0.0
1651820007,-24,0,15,0.0
1651820009,-24,0,15,0.0
1651820011,-24,0,15,0.0
1651820013,-24,0,15,0.0
1651820015,-24,0,15,0.0
1651820017,-24,0,15,0.0
1651820019,-24,0,15,0.0
1651820021,-24,0,15,0.0
1651820023,-24,0,15,0.0
1651820025,-24,0,15,0.0
1651820027,-24,0,15,0.0
1651820029,-24,0,15,0.0
1651820031,-24,0,15,0.0
1651820033,-24,0,15,0.0
1651820035,-24,0,15,0.0
1651820037,-24,0,15,0.0
1651820039,-24,0,15,0.0
1651820041,-24,0,15,0.0
1651820043,-24,0,15,0.0
1651820045,-24,0,15,0.0
1651820047,-24,0,15,0.0
1651820049,-24,0,15,0.0
1651820051,-24,0,15,0.0
1651820053,-24,0,15,0.0
1651820055,-24,0,15,0.0
1651820057,-24,0,15,0.0
1651820059,-24,0,15,0.0
1651820061,-24,0,15,0.0
1651820063,-24,0,15,0.0
1651820065,-24,0,15,0.0
1651820067,-24,0,15,0.0
1651820069,-24,0,15,0.0
1651820071,-24,0,15,0.0
1651820073,-24,0,15,0.0
1651820075,-24,0,15,0.0
1651820077,-24,0,15,0.0
1651820079,-24,0,15,0.0
1651820081,-24,0,15,0.0
1651820083,-24,0,15,0.0
1651820085,-24,0,15,0.0
1651820087,-24,0,15,0.0
1651820089,-24,0,15,0.0
1651820091,-24,0,15,0.0
1651820093,-24,0,15,0.0
1651820095,-24,0,15,0.0
1651820097,-24,0,15,0.0
1651820099,-24,0,15,0.0
1651820101,-24,0,15,0.0
1651820103,-24,0,15,0.0
1651820105,-24,0,15,0.0
1651820107,-24,0,15,0.0
1651820109,-24,0,15,0.0
1651820111,-24,0,15,0.0
1651820113,-24,0,15,0.0
1651820115,-24,0,15,0.0
1651820117,-24,0,15,0.0
1651820119,-24,0,15,0.0
1651820121,-24,0,15,0.0
1651820123,-24,0,15,0.0
1651820125,-24,0,15,0.0
1651820127,-24,0,15,0.0
1651820129,-24,0,15,0.0
1651820131,-24,0,15,0.0
1651820133,-24,0,15,0.0
1651820135,-24,0,15,0.0
1651820137,-24,0,15,0.0
1651820139,-24,0,15,0.0
1651820141,-24,0,15,0.0
1651820143,-24,0,15,0.0
1651820145,-24,0,15,0.0
1651820147,-24,0,15,0.0
1651820149,-24,0,15,0.0
1651820151,-24,0,15,0.0
1651820153,-24,0,15,0.0
1651820155,-24,0,15,0.0
1651820157,-24,0,15,0.0
1651820159,-24,0,15,0.0
1651820161,-24,0,15,0.0
1651820163,-24,0,15,0.0
1651820165,-24,0,15,0.0
1651820167,-24,0,15,0.0
1651820169,-24,0,15,0.0
1651820171,-24,0,15,0.0
1651820173,-24,0,15,0.0
1651820175,-24,0,15,0.0
1651820177,-24,0,15,0.0
1651820179,-24,0,15,0.0
1651820181,-24,0,15,0.0
1651820183,-24,0,15,0.0
1651820185,-24,0,15,0.0
1651820187,-24,0,15,0.0
1651820189,-24,0,15,0.0
1651820191,-24,0,15,0.0
1651820193,-24,0,15,0.0
1651820195,-24,0,15,0.0
1651820197,-24,0,15,0.0
1651820199,-24,0,15,0.0
1651820201,-24,0,15,0.0
1651820203,-24,0,15,0.0
1651820205,-24,0,15,0.0
1651820207,-24,0,15,0.0
1651820209,-24,0,15,0.0
1651820211,-24,0,15,0.0
1651820213,-24,0,15,0.0
1651820215,-24,0,15,0.0
1651820217,-24,0,15,0.0
1651820219,-24,0,15,0.0
1651820221,-24,0,15,0.0
1651820223,-24,0,15,0.0
1651820225,-24,0,15,0.0
1651820227,-24,0,15,0.0
1651820229,-24,0,15,0.0
1651820231,-24,0,15,0.0
1651820233,-24,0,15,0.0
1651820235,-24,0,15,0.0
1651820237,-24,0,15,0.0
1651820239,-24,0,15,0.0
1651820241,-24,0,15,0.0
1651820243,-24,0,15,0.0
1651820245,-24,0,15,0.0
1651820247,-24,0,15,0.0
1651820249,-24,0,15,0.0
1651820251,-24,0,15,0.0
1651820253,-24,0,15,0.0
1651820255,-24,0,15,0.0
1651820257,-24,0,15,0.0
1651820259,-24,0,15,0.0
1651820261,-24,0,15,0.0
1651820263,-24,0,15,0.0
1651820265,-24,0,15,0.0
1651820267,-24,0,15,0.0
1651820269,-24,0,15,0.0
1651820271,-24,0,15,0.0
1651820273,-24,0,15,0.0
1651820275,-24,0,15,0.0
1651820277,-24,0,15,0.0
1651820279,-24,0,15,0.0
1651820281,-24,0,15,0.0
1651820283,-24,0,15,0.0
1651820285,-24,0,15,0.0
1651820287,-24,0,15,0.0
1651820289,-24,0,15,0.0
1651820291,-24,0,15,0.0
1651820293,-24,0,15,0.0
1651820295,-24,0,15,0.0
1651820297,-24,0,15,0.0
1651820299,-24,0,15,0.0
1651820301,-24,0,15,0.0
1651820303,-24,0,15,0.0
1651820305,-24,0,15,0.0
1651820307,-24,0,15,0.0
1651820309,-24,0,15,0.0
1651820311,-24,0,15,0.0
1651820313,-24,0,15,0.0
1651820315,-24,0,15,0.0
1651820317,-24,0,15,0.0
1651820319,-24,0,15,0.0
1651820321,-24,0,15,0.0
1651820323,-24,0,15,0.0
1651820325,-24,0,15,0.0
1651820327,-24,0,15,0.0
1651820329,-24,0,15,0.0
1651820331,-24,0,15,0.0
1651820333,-24,0,15,0.0
1651820335,-24,0,15,0.0
1651820337,-24,0,15,0.0
1651820339,-24,0,15,0.0
1651820341,-24,0,15,0.0
1651820343,-24,0,15,0.0
1651820345,-24,0,15,0.0
1651820347,-24,0,15,0.0
1651820349,-24,0,15,0.0
1651820351,-24,0,15,0.0
1651820353,-24,0,15,0.0
1651820355,-24,0,15,0.0
1651820357,-24,0,15,0.0
1651820359,-24,0,15,0.0
1651820361,-24,0,15,0.0
1651820363,-24,0,15,0.0
1651820365,-24,0,15,0.0
1651820367,-24,0,15,0.0
1651820369,-24,0,15,0.0
1651820371,-24,0,15,0.0
1651820373,-24,0,15,0.0
1651820375,-24,0,15,0.0
1651820377,-24,0,15,0.0
1651820379,-24,0,15,0.0
1651820381,-24,0,15,0.0
1651820383,-24,0,15,0.0
1651820385,-24,0,15,0.0
1651820387,-24,0,15,0.0
1651820389,-24,0,15,0.0
1651820391,-24,0,15,0.0
1651820393,-24,0,15,0.0
1651820395,-24,0,15,0.0
1651820397,-24,0,15,0.0
1651820399,-24,0,15,0.0
1651820401,-24,0,15,0.0
1651820403,-24,0,15,0.0
1651820405,-24,0,15,0.0
1651820407,-24,0,15,0.0
1651820409,-24,0,15,0.0
1651820411,-24,0,15,0.0
1651820413,-24,0,15,0.0
1651820415,-24,0,15,0.0
1651820417,-24,0,15,0.0
1651820419,-24,0,15,0.0
1651820421,-24,0,15,0.0
1651820423,-24,0,15,0.0
1651820425,-24,6,15,0.0
1651820427,-24,6,15,0.0
1651820429,-24,6,15,0.0
1651820431,-24,6,15,0.0
1651820433,-24,6,15,0.0
1651820435,-24,0,15,0.0
1651820437,-24,0,15,0.0
1651820439,-24,0,15,0.0
1651820441,-24,0,15,0.0
1651820443,-24,0,15,0.0
1651820445,-24,0,15,0.0
1651820447,-24,0,15,0.0
1651820449,-24,0,15,0.0
1651820451,-24,0,15,0.0
1651820453,-24,0,15,0.0
1651820455,-24,0,15,0.0
1651820457,-24,0,15,0.0
1651820459,-24,0,15,0.0
1651820461,-24,0,15,0.0
1651820463,-24,0,15,0.0
1651820465,-24,0,15,0.0
1651820467,-24,0,15,0.0
1651820469,-24,0,15,0.0
1651820471,-24,0,15,0.0
1651820473,-24,0,15,0.0
1651820475,-24,0,15,0.0
1651820477,-24,0,15,0.0
1651820479,-24,0,15,0.0
1651820481,-24,0,15,0.0
1651820483,-24,0,15,0.0
1651820485,-24,0,15,0.0
1651820487,-24,0,15,0.0
1651820489,-24,0,15,0.0
1651820491,-24,0,15,0.0
1651820493,-24,0,15,0.0
1651820495,-24,0,15,0.0
1651820497,-24,0,15,0.0
1651820499,-24,0,15,0.0
1651820501,-24,0,15,0.0
1651820503,-24,0,15,0.0
1651820505,-24,0,15,0.0
1651820507,-24,0,15,0.0
1651820509,-24,0,15,0.0
1651820511,-24,0,15,0.0
1651820513,-24,0,15,0.0
1651820515,-24,0,15,0.0
1651820517,-24,0,15,0.0
1651820519,-24,0,15,0.0
1651820521,-24,0,15,0.0
1651820523,-24,0,15,0.0
1651820525,-24,0,15,0.0
1651820527,-24,0,15,0.0
1651820529,-24,0,15,0.0
1651820531,-24,0,15,0.0
1651820533,-24,0,15,0.0
1651820535,-24,0,15,0.0
1651820537,-24,0,15,0.0
1651820539,-24,0,15,0.0
1651820541,-24,0,15,0.0
1651820543,-24,0,15,0.0
1651820545,-24,0,15,0.0
1651820547,-24,0,15,0.0
1651820549,-24,0,15,0.0
1651820551,-24,0,15,0.0
1651820553,-24,0,15,0.0
1651820555,-24,0,15,0.0
1651820557,-24,0,15,0.0
1651820559,-24,0,15,0.0
1651820561,-24,0,15,0.0
1651820563,-24,0,15,0.0
1651820565,-24,0,15,0.0
1651820567,-24,0,15,0.0
1651820569,-24,0,15,0.0
1651820571,-24,0,15,0.0
1651820573,-24,0,15,0.0
1651820575,-24,0,15,0.0
1651820577,-24,0,15,0.0
1651820579,-24,0,15,0.0
1651820581,-24,0,15,0.0
1651820583,-24,0,15,0.0
1651820585,-24,0,15,0.0
1651820587,-24,0,15,0.0
1651820589,-24,0,15,0.0
1651820591,-24,0,15,0.0
1651820593,-24,0,15,0.0
1651820595,-24,0,15,0.0
1651820597,-24,0,15,0.0
1651820599,-24,0,15,0.0
1651820601,-24,0,15,0.0
1651820603,-24,0,15,0.0
1651820605,-24,0,15,0.0
1651820607,-24,0,15,0.0
1651820609,-24,0,15,0.0
1651820611,-24,0,15,0.0
1651820613,-24,0,15,0.0
1651820615,-24,0,15,0.0
1651820617,-24,0,15,0.0
1651820619,-24,0,15,0.0
1651820621,-24,0,15,0.0
1651820623,-24,0,15,0.0
1651820625,-24,0,15,0.0
1651820627,-24,0,15,0.0
1651820629,-24,0,15,0.0
1651820631,-24,0,15,0.0
1651820633,-24,0,15,0.0
1651820635,-24,0,15,0.0
1651820637,-24,0,15,0.0
1651820639,-24,0,15,0.0
1651820641,-24,0,15,0.0
1651820643,-24,0,15,0.0
1651820645,-24,0,15,0.0
1651820647,-24,0,15,0.0
1651820649,-24,0,15,0.0
1651820651,-24,0,15,0.0
1651820653,-24,0,15,0.0
1651820655,-24,0,15,0.0
1651820657,-24,0,15,0.0
1651820659,-24,0,15,0.0
1651820661,-24,0,15,0.0
1651820663,-24,0,15,0.0
1651820665,-24,0,15,0.0
1651820667,-24,0,15,0.0
1651820669,-24,0,15,0.0
1651820671,-24,0,15,0.0
1651820673,-24,0,15,0.0
1651820675,-24,0,15,0.0
1651820677,-24,0,15,0.0
1651820679,-24,0,15,0.0
1651820681,-24,0,15,0.0
1651820683,-24,0,15,0.0
1651820685,-24,0,15,0.0
1651820687,-24,0,15,0.0
1651820689,-24,0,15,0.0
1651820691,-24,0,15,0.0
1651820693,-24,0,15,0.0
1651820695,-24,0,15,0.0
1651820697,-24,0,15,0.0
1651820699,-24,0,15,0.0
1651820701,-24,0,15,0.0
1651820703,-24,0,15,0.0
1651820705,-24,0,15,0.0
1651820707,-24,0,15,0.0
1651820709,-24,0,15,0.0
1651820711,-24,0,15,0.0
1651820713,-24,0,15,0.0
1651820715,-24,0,15,0.0
1651820717,-24,0,15,0.0
1651820719,-24,0,15,0.0
1651820721,-24,0,15,0.0
1651820724,-24,0,15,0.0
1651820726,-24,0,15,0.0
1651820728,-24,0,15,0.0
1651820730,-24,0,15,0.0
1651820732,-24,0,15,0.0
1651820734,-24,0,15,0.0
1651820736,-24,0,15,0.0
1651820738,-24,0,15,0.0
1651820740,-24,0,15,0.0
1651820742,-24,0,15,0.0
1651820744,-24,0,15,0.0
1651820746,-24,0,15,0.0
1651820748,-24,0,15,0.0
1651820750,-24,0,15,0.0
1651820752,-24,0,15,0.0
1651820754,-24,0,15,0.0
1651820756,-24,0,15,0.0
1651820758,-24,0,15,0.0
1651820760,-24,0,15,0.0
1651820762,-24,0,15,0.0
1651820764,-24,0,15,0.0
1651820766,-24,0,15,0.0
1651820768,-24,0,15,0.0
1651820770,-24,0,15,0.0
1651820772,-24,0,15,0.0
1651820774,-24,0,15,0.0
1651820776,-24,0,15,0.0
1651820778,-24,0,15,0.0
1651820780,-24,0,15,0.0
1651820782,-24,0,15,0.0
1651820784,-24,0,15,0.0
1651820786,-24,0,15,0.0
1651820788,-24,0,15,0.0
1651820790,-24,0,15,0.0
1651820792,-24,0,15,0.0
1651820794,-24,0,15,0.0
1651820796,-24,0,15,0.0
1651820798,-24,0,15,0.0
1651820800,-24,0,15,0.0
1651820802,-24,0,15,0.0
1651820804,-24,0,15,0.0
1651820806,-24,0,15,0.0
1651820808,-24,0,15,0.0
1651820810,-24,0,15,0.0
1651820812,-24,0,15,0.0
1651820814,-24,0,15,0.0
1651820816,-24,0,15,0.0
1651820818,-24,0,15,0.0
1651820820,-24,0,15,0.0
1651820822,-24,0,15,0.0
1651820824,-24,0,15,0.0
1651820826,-24,0,15,0.0
1651820828,-24,0,15,0.0
1651820830,-24,0,15,0.0
1651820832,-24,0,15,0.0
1651820834,-24,0,15,0.0
1651820836,-24,0,15,0.0
1651820838,-24,0,15,0.0
1651820840,-24,0,15,0.0
1651820842,-24,0,15,0.0
1651820844,-24,0,15,0.0
1651820846,-24,0,15,0.0
1651820848,-24,0,15,0.0
1651820850,-24,0,15,0.0
1651820852,-24,0,15,0.0
1651820854,-24,0,15,0.0
1651820856,-24,0,15,0.0
1651820858,-24,0,15,0.0
1651820860,-24,0,15,0.0
1651820862,-24,0,15,0.0
1651820864,-24,0,15,0.0
1651820866,-24,0,15,0.0
1651820868,-24,0,15,0.0
1651820870,-24,0,15,0.0
1651820872,-24,0,15,0.0
1651820874,-24,0,15,0.0
1651820876,-24,0,15,0.0
1651820878,-24,0,15,0.0
1651820880,-24,0,15,0.0
1651820882,-24,0,15,0.0
1651820884,-24,0,15,0.0
1651820886,-24,0,15,0.0
1651820888,-24,0,15,0.0
1651820890,-24,0,15,0.0
1651820892,-24,0,15,0.0
1651820894,-24,0,15,0.0
1651820896,-24,0,15,0.0
1651820898,-24,0,15,0.0
1651820900,-24,0,15,0.0
1651820902,-24,0,15,0.0
1651820904,-24,0,15,0.0
1651820906,-24,0,15,0.0
1651820908,-24,0,15,0.0
1651820910,-24,0,15,0.0
1651820912,-24,0,15,0.0
1651820914,-24,0,15,0.0
1651820916,-24,0,15,0.0
1651820918,-24,0,15,0.0
1651820920,-24,0,15,0.0
1651820922,-24,0,15,0.0
1651820924,-24,0,15,0.0
1651820926,-24,0,15,0.0
1651820928,-24,0,15,0.0
1651820930,-24,0,15,0.0
1651820932,-24,0,15,0.0
1651820934,-24,0,15,0.0
1651820936,-24,0,15,0.0
1651820938,-24,0,15,0.0
1651820940,-24,0,15,0.0
1651820942,-24,0,15,0.0
1651820944,-24,0,15,0.0
1651820946,-24,0,15,0.0
1651820948,-24,0,15,0.0
1651820950,-24,0,15,0.0
1651820952,-24,0,15,0.0
1651820954,-24,0,15,0.0
1651820956,-24,0,15,0.0
1651820958,-24,0,15,0.0
1651820960,-24,0,15,0.0
1651820962,-24,0,15,0.0
1651820964,-24,0,15,0.0
1651820966,-24,0,15,0.0
1651820968,-24,0,15,0.0
1651820970,-24,0,15,0.0
1651820972,-24,0,15,0.0
1651820974,-24,0,15,0.0
1651820976,-24,0,15,0.0
1651820978,-24,0,15,0.0
1651820980,-24,0,15,0.0
1651820982,-24,0,15,0.0
1651820984,-24,0,15,0.0
1651820986,-24,0,15,0.0
1651820988,-24,0,15,0.0
1651820990,-24,0,15,0.0
1651820992,-24,0,15,0.0
1651820994,-24,0,15,0.0
1651820996,-24,0,15,0.0
1651820998,-24,0,15,0.0
1651821000,-24,0,15,0.0
1651821002,-24,0,15,0.0
1651821004,-24,0,15,0.0
1651821006,-24,0,15,0.0
1651821008,-24,0,15,0.0
1651821010,-24,0,15,0.0
1651821012,-24,0,15,0.0
1651821014,-24,0,15,0.0
1651821016,-24,0,15,0.0
1651821018,-24,0,15,0.0
1651821020,-24,0,15,0.0
1651821022,-24,0,15,0.0
1651821024,-24,0,15,0.0
1651821026,-24,0,15,0.0
1651821028,-24,0,15,0.0
1651821030,-24,0,15,0.0
1651821032,-24,0,15,0.0
1651821034,-24,0,15,0.0
1651821036,-24,0,15,0.0
1651821038,-24,0,15,0.0
1651821040,-24,0,15,0.0
1651821042,-24,0,15,0.0
1651821044,-24,0,15,0.0
1651821046,-24,0,15,0.0
1651821048,-24,0,15,0.0
1651821050,-24,0,15,0.0
1651821052,-24,0,15,0.0
1651821054,-24,0,15,0.0
1651821056,-24,0,15,0.0
1651821058,-24,0,15,0.0
1651821060,-24,0,15,0.0
1651821062,-24,0,15,0.0
1651821064,-24,0,15,0.0
1651821066,-24,0,15,0.0
1651821068,-24,0,15,0.0
1651821070,-24,0,15,0.0
1651821072,-24,0,15,0.0
1651821074,-24,0,15,0.0
1651821076,-24,0,15,0.0
1651821078,-24,0,15,0.0
1651821080,-24,0,15,0.0
1651821082,-24,0,15,0.0
1651821084,-24,0,15,0.0
1651821086,-24,0,15,0.0
1651821088,-24,0,15,0.0
1651821090,-24,0,15,0.0
1651821092,-24,0,15,0.0
1651821094,-24,0,15,0.0
1651821096,-24,0,15,0.0
1651821098,-24,0,15,0.0
1651821100,-24,0,15,0.0
1651821102,-24,0,15,0.0
1651821104,-24,0,15,0.0
1651821106,-24,0,15,0.0
1651821108,-24,0,15,0.0
1651821110,-24,0,15,0.0
1651821112,-24,0,15,0.0
1651821114,-24,0,15,0.0
1651821116,-24,0,15,0.0
1651821118,-24,0,15,0.0
1651821120,-24,0,15,0.0
1651821122,-24,0,15,0.0
1651821124,-24,0,15,0.0
1651821126,-24,0,15,0.0
1651821128,-24,0,15,0.0
1651821130,-24,0,15,0.0
1651821132,-24,0,15,0.0
1651821134,-24,0,15,0.0
1651821136,-24,0,15,0.0
1651821138,-24,0,15,0.0
1651821140,-24,0,15,0.0
1651821142,-24,0,15,0.0
1651821144,-24,0,15,0.0
1651821146,-24,0,15,0.0
1651821148,-24,0,15,0.0
1651821150,-24,0,15,0.0
1651821152,-24,0,15,0.0
1651821154,-24,0,15,0.0
1651821156,-24,0,15,0.0
1651821158,-24,0,15,0.0
1651821160,-24,0,15,0.0
1651821162,-24,0,15,0.0
1651821164,-24,0,15,0.0
1651821166,-24,0,15,0.0
1651821168,-24,0,15,0.0
1651821170,-24,0,15,0.0
1651821172,-24,0,15,0.0
1651821174,-24,0,15,0.0
1651821176,-24,0,15,0.0
1651821178,-24,0,15,0.0
1651821180,-24,0,15,0.0
1651821182,-24,0,15,0.0
1651821184,-24,0,15,0.0
1651821186,-24,0,15,0.0
1651821188,-24,0,15,0.0
1651821190,-24,0,15,0.0
1651821192,-24,0,15,0.0
1651821194,-24,0,15,0.0
1651821196,-24,0,15,0.0
1651821198,-24,0,15,0.0
1651821200,-24,0,15,0.0
1651821202,-24,0,15,0.0
1651821204,-24,0,15,0.0
1651821206,-24,0,15,0.0
1651821208,-24,0,15,0.0
1651821210,-24,0,15,0.0
1651821212,-24,0,15,0.0
1651821214,-24,0,15,0.0
1651821216,-24,0,15,0.0
1651821218,-24,0,15,0.0
1651821220,-24,0,15,0.0
1651821222,-24,0,15,0.0
1651821224,-24,0,15,0.0
1651821226,-24,0,15,0.0
1651821228,-24,0,15,0.0
1651821230,-24,0,15,0.0
1651821232,-24,0,15,0.0
1651821234,-24,0,15,0.0
1651821236,-24,0,15,0.0
1651821238,-24,0,15,0.0
1651821240,-24,0,15,0.0
1651821242,-24,0,15,0.0
1651821244,-24,0,15,0.0
1651821246,-24,0,15,0.0
1651821248,-24,0,15,0.0
1651821250,-24,0,15,0.0
1651821252,-24,0,15,0.0
1651821254,-24,0,15,0.0
1651821256,-24,0,15,0.0
1651821258,-24,0,15,0.0
1651821260,-24,0,15,0.0
1651821262,-24,0,15,0.0
1651821264,-24,0,15,0.0
1651821266,-24,0,15,0.0
1651821268,-24,0,15,0.0
1651821270,-24,0,15,0.0
1651821272,-24,0,15,0.0
1651821274,-24,0,15,0.0
1651821276,-24,0,15,0.0
1651821278,-24,0,15,0.0
1651821280,-24,0,15,0.0
1651821282,-24,0,15,0.0
1651821284,-24,0,15,0.0
1651821286,-24,0,15,0.0
1651821288,-24,0,15,0.0
1651821290,-24,0,15,0.0
1651821292,-24,0,15,0.0
1651821294,-24,0,15,0.0
1651821296,-24,0,15,0.0
1651821298,-24,0,15,0.0
1651821300,-24,0,15,0.0
1651821302,-24,0,15,0.0
1651821304,-24,0,15,0.0
1651821306,-24,0,15,0.0
1651821308,-24,0,15,0.0
1651821310,-24,0,15,0.0
1651821312,-24,0,15,0.0
1651821314,-24,0,15,0.0
1651821316,-24,0,15,0.0
1651821318,-24,0,15,0.0
1651821320,-24,0,15,0.0
1651821322,-24,0,15,0.0
1651821324,-24,0,15,0.0
1651821326,-24,0,15,0.0
1651821328,-24,0,15,0.0
1651821330,-24,0,15,0.0
1651821332,-24,0,15,0.0
1651821334,-24,0,15,0.0
1651821336,-24,0,15,0.0
1651821338,-24,0,15,0.0
1651821340,-24,0,15,0.0
1651821342,-24,0,15,0.0
1651821344,-24,0,15,0.0
1651821346,-24,0,15,0.0
1651821348,-24,0,15,0.0
1651821350,-24,0,15,0.0
1651821352,-24,0,15,0.0
1651821354,-24,0,15,0.0
1651821356,-24,0,15,0.0
1651821358,-24,0,15,0.0
1651821360,-24,0,15,0.0
1651821362,-24,0,15,0.0
1651821364,-24,0,15,0.0
1651821366,-24,0,15,0.0
1651821368,-24,0,15,0.0
1651821370,-24,0,15,0.0
1651821372,-24,0,15,0.0
1651821374,-24,0,15,0.0
1651821376,-24,0,15,0.0
1651821378,-24,0,15,0.0
1651821380,-24,0,15,0.0
1651821382,-24,0,15,0.0
1651821384,-24,0,15,0.0
1651821386,-24,0,15,0.0
1651821388,-24,0,15,0.0
1651821390,-24,0,15,0.0
1651821392,-24,0,15,0.0
1651821394,-24,0,15,0.0
1651821396,-24,0,15,0.0
1651821398,-24,0,15,0.0
1651821400,-24,0,15,0.0
1651821402,-24,0,15,0.0
1651821404,-24,0,15,0.0
1651821406,-24,0,15,0.0
1651821408,-24,0,15,0.0
1651821410,-24,0,15,0.0
1651821412,-24,0,15,0.0
1651821414,-24,0,15,0.0
1651821416,-24,0,15,0.0
1651821418,-24,0,15,0.0
1651821420,-24,0,15,0.0
1651821422,-24,0,15,0.0
1651821424,-24,0,15,0.0
1651821426,-24,0,15,0.0
1651821428,-24,0,15,0.0
1651821430,-24,0,15,0.0
1651821432,-24,0,15,0.0
1651821434,-24,0,15,0.0
1651821436,-24,0,15,0.0
1651821438,-24,0,15,0.0
1651821440,-24,0,15,0.0
1651821442,-24,0,15,0.0
1651821444,-24,0,15,0.0
1651821446,-24,0,15,0.0
1651821448,-24,0,15,0.0
1651821450,-24,0,15,0.0
1651821452,-24,0,15,0.0
1651821454,-24,0,15,0.0
1651821456,-24,0,15,0.0
1651821458,-24,0,15,0.0
1651821460,-24,0,15,0.0
1651821462,-24,0,15,0.0
1651821464,-24,0,15,0.0
1651821466,-24,0,15,0.0
1651821468,-24,0,15,0.0
1651821470,-24,0,15,0.0
1651821472,-24,0,15,0.0
1651821474,-24,0,15,0.0
1651821476,-24,0,15,0.0
1651821478,-24,0,15,0.0
1651821480,-24,0,15,0.0
1651821482,-24,0,15,0.0
1651821484,-24,0,15,0.0
1651821486,-24,0,15,0.0
1651821488,-24,0,15,0.0
1651821490,-24,0,15,0.0
1651821492,-24,0,15,0.0
1651821494,-24,0,15,0.0
1651821496,-24,0,15,0.0
1651821498,-24,0,15,0.0
1651821500,-24,0,15,0.0
1651821502,-24,0,15,0.0
1651821504,-24,0,15,0.0
1651821506,-24,0,15,0.0
1651821508,-24,0,15,0.0
1651821510,-24,0,15,0.0
1651821512,-24,0,15,0.0
1651821514,-24,0,15,0.0
1651821516,-24,0,15,0.0
1651821518,-24,0,15,0.0
1651821520,-24,0,15,0.0
1651821522,-24,0,15,0.0
1651821524,-24,0,15,0.0
1651821526,-24,0,15,0.0
1651821528,-24,0,15,0.0
1651821530,-24,0,15,0.0
1651821532,-24,0,15,0.0
1651821534,-24,0,15,0.0
1651821536,-24,0,15,0.0
1651821538,-24,0,15,0.0
1651821540,-24,0,15,0.0
1651821542,-24,0,15,0.0
1651821544,-24,0,15,0.0
1651821546,-24,0,15,0.0
1651821548,-24,0,15,0.0
1651821550,-24,0,15,0.0
1651821552,-24,0,15,0.0
1651821554,-24,0,15,0.0
1651821556,-24,0,15,0.0
1651821558,-24,0,15,0.0
1651821560,-24,0,15,0.0
1651821562,-24,0,15,0.0
1651821564,-24,0,15,0.0
1651821566,-24,0,15,0.0
1651821568,-24,0,15,0.0
1651821570,-24,0,15,0.0
1651821572,-24,0,15,0.0
1651821574,-24,0,15,0.0
1651821576,-24,0,15,0.0
1651821578,-24,0,15,0.0
1651821580,-24,0,15,0.0
1651821582,-24,0,15,0.0
1651821584,-24,0,15,0.0
1651821586,-24,0,15,0.0
1651821588,-24,0,15,0.0
1651821590,-24,0,15,0.0
1651821592,-24,0,15,0.0
1651821594,-24,0,15,0.0
1651821596,-24,0,15,0.0
1651821598,-24,0,15,0.0
1651821600,-24,0,15,0.0
1651821602,-24,0,15,0.0
1651821604,-24,0,15,0.0
1651821606,-24,0,15,0.0
1651821608,-24,0,15,0.0
1651821610,-24,0,15,0.0
1651821612,-24,0,15,0.0
1651821614,-24,0,15,0.0
1651821616,-24,0,15,0.0
1651821618,-24,0,15,0.0
1651821620,-24,0,15,0.0
1651821622,-24,0,15,0.0
1651821624,-24,0,15,0.0
1651821626,-24,0,15,0.0
1651821628,-24,0,15,0.0
1651821630,-24,0,15,0.0
1651821632,-24,0,15,0.0
1651821634,-24,0,15,0.0
1651821636,-24,0,15,0.0
1651821638,-24,0,15,0.0
1651821640,-24,0,15,0.0
1651821642,-24,0,15,0.0
1651821644,-24,0,15,0.0
1651821646,-24,0,15,0.0
1651821648,-24,0,15,0.0
1651821650,-24,0,15,0.0
1651821652,-24,0,15,0.0
1651821654,-24,0,15,0.0
1651821656,-24,0,15,0.0
1651821658,-24,0,15,0.0
1651821660,-24,0,15,0.0
1651821662,-24,0,15,0.0
1651821664,-24,0,15,0.0
1651821666,-24,0,15,0.0
1651821668,-24,0,15,0.0
1651821670,-24,0,15,0.0
1651821672,-24,0,15,0.0
1651821674,-24,0,15,0.0
1651821676,-24,0,15,0.0
1651821678,-24,0,15,0.0
1651821680,-24,0,15,0.0
1651821682,-24,0,15,0.0
1651821684,-24,0,15,0.0
1651821686,-24,0,15,0.0
1651821688,-24,0,15,0.0
1651821690,-24,0,15,0.0
1651821692,-24,0,15,0.0
1651821694,-24,0,15,0.0
1651821696,-24,0,15,0.0
1651821698,-24,0,15,0.0
1651821700,-24,0,15,0.0
1651821702,-24,0,15,0.0
1651821704,-24,0,15,0.0
1651821706,-24,0,15,0.0
1651821708,-24,0,15,0.0
1651821710,-24,0,15,0.0
1651821712,-24,0,15,0.0
1651821714,-24,0,15,0.0
1651821716,-24,0,15,0.0
1651821718,-24,0,15,0.0
1651821720,-24,0,15,0.0
1651821722,-24,0,15,0.0
1651821724,-24,0,15,0.0
1651821726,-24,0,15,0.0
1651821728,-24,0,15,0.0
1651821730,-24,0,15,0.0
1651821732,-24,0,15,0.0
1651821734,-24,0,15,0.0
1651821736,-24,0,15,0.0
1651821738,-24,0,15,0.0
1651821740,-24,0,15,0.0
1651821742,-24,0,15,0.0
1651821744,-24,0,15,0.0
1651821746,-24,0,15,0.0
1651821748,-24,0,15,0.0
1651821750,-24,0,15,0.0
1651821752,-24,0,15,0.0
1651821754,-24,0,15,0.0
1651821756,-24,0,15,0.0
1651821758,-24,0,15,0.0
1651821760,-24,0,15,0.0
1651821762,-24,0,15,0.0
1651821764,-24,0,15,0.0
1651821766,-24,0,15,0.0
1651821768,-24,0,15,0.0
1651821770,-24,0,15,0.0
1651821772,-24,0,15,0.0
1651821774,-24,0,15,0.0
1651821776,-24,0,15,0.0
1651821778,-24,0,15,0.0
1651821780,-24,0,15,0.0
1651821782,-24,0,15,0.0
1651821784,-24,0,15,0.0
1651821786,-24,0,15,0.0
1651821788,-24,0,15,0.0
1651821790,-24,0,15,0.0
1651821792,-24,0,15,0.0
1651821794,-24,0,15,0.0
1651821796,-24,0,15,0.0
1651821798,-24,0,15,0.0
1651821800,-24,0,15,0.0
1651821802,-24,0,15,0.0
1651821804,-24,0,15,0.0
1651821806,-24,0,15,0.0
1651821808,-24,0,15,0.0
1651821810,-24,0,15,0.0
1651821812,-24,0,15,0.0
1651821814,-24,0,15,0.0
1651821816,-24,0,15,0.0
1651821818,-24,0,15,0.0
1651821820,-24,0,15,0.0
1651821822,-24,0,15,0.0
1651821824,-24,0,15,0.0
1651821826,-24,0,15,0.0
1651821828,-24,0,15,0.0
1651821830,-24,0,15,0.0
1651821832,-24,0,15,0.0
1651821834,-24,0,15,0.0
1651821836,-24,0,15,0.0
1651821838,-24,0,15,0.0
1651821840,-24,0,15,0.0
1651821842,-24,0,15,0.0
1651821844,-24,0,15,0.0
1651821846,-24,0,15,0.0
1651821848,-24,0,15,0.0
1651821850,-24,0,15,0.0
1651821852,-24,0,15,0.0
1651821854,-24,0,15,0.0
1651821856,-24,0,15,0.0
1651821858,-24,0,15,0.0
1651821860,-24,0,15,0.0
1651821862,-24,0,15,0.0
1651821864,-24,0,15,0.0
1651821866,-24,0,15,0.0
1651821868,-24,0,15,0.0
1651821870,-24,0,15,0.0
1651821872,-24,0,15,0.0
1651821874,-24,0,15,0.0
1651821876,-24,0,15,0.0
1651821878,-24,0,15,0.0
1651821880,-24,0,15,0.0
1651821882,-24,0,15,0.0
1651821884,-24,0,15,0.0
1651821886,-24,0,15,0.0
1651821888,-24,0,15,0.0
1651821890,-24,0,15,0.0
1651821892,-24,0,15,0.0
1651821894,-24,0,15,0.0
1651821896,-24,0,15,0.0
1651821898,-24,0,15,0.0
1651821900,-24,0,15,0.0
1651821902,-24,0,15,0.0
1651821904,-24,0,15,0.0
1651821906,-24,0,15,0.0
1651821908,-24,0,15,0.0
1651821910,-24,0,15,0.0
1651821912,-24,0,15,0.0
1651821914,-24,0,15,0.0
1651821916,-24,0,15,0.0
1651821918,-24,0,15,0.0
1651821921,-24,0,15,0.0
1651821923,-24,0,15,0.0
1651821925,-24,0,15,0.0
1651821927,-24,0,15,0.0
1651821929,-24,0,15,0.0
1651821931,-24,0,15,0.0
1651821933,-24,0,15,0.0
1651821935,-24,0,15,0.0
1651821937,-24,0,15,0.0
1651821939,-24,0,15,0.0
1651821941,-24,0,15,0.0
1651821943,-24,0,15,0.0
1651821945,-24,0,15,0.0
1651821947,-24,0,15,0.0
1651821949,-24,0,15,0.0
1651821951,-24,0,15,0.0
1651821953,-24,0,15,0.0
1651821955,-24,0,15,0.0
1651821957,-24,0,15,0.0
1651821959,-24,0,15,0.0
1651821961,-24,0,15,0.0
1651821963,-24,0,15,0.0
1651821965,-24,0,15,0.0
1651821967,-24,0,15,0.0
1651821969,-24,0,15,0.0
1651821971,-24,0,15,0.0
1651821973,-24,0,15,0.0
1651821975,-24,0,15,0.0
1651821977,-24,0,15,0.0
1651821979,-24,0,15,0.0
1651821981,-24,0,15,0.0
1651821983,-24,0,15,0.0
1651821985,-24,0,15,0.0
1651821987,-24,0,15,0.0
1651821989,-24,0,15,0.0
1651821991,-24,0,15,0.0
1651821993,-24,0,15,0.0
1651821995,-24,0,15,0.0
1651821997,-24,0,15,0.0
1651821999,-24,0,15,0.0
1651822001,-24,0,15,0.0
1651822003,-24,0,15,0.0
1651822005,-24,0,15,0.0
1651822007,-24,0,15,0.0
1651822009,-24,0,15,0.0
1651822011,-24,0,15,0.0
1651822013,-24,0,15,0.0
1651822015,-24,0,15,0.0
1651822017,-24,0,15,0.0
1651822019,-24,0,15,0.0
1651822021,-24,0,15,0.0
1651822023,-24,0,15,0.0
1651822025,-24,0,15,0.0
1651822027,-24,0,15,0.0
1651822029,-24,0,15,0.0
1651822031,-24,0,15,0.0
1651822033,-24,0,15,0.0
1651822035,-24,0,15,0.0
1651822037,-24,0,15,0.0
1651822039,-24,0,15,0.0
1651822041,-24,0,15,0.0
1651822043,-24,0,15,0.0
1651822045,-24,0,15,0.0
1651822047,-24,0,15,0.0
1651822049,-24,0,15,0.0
1651822051,-24,0,15,0.0
1651822053,-24,0,15,0.0
1651822055,-24,0,15,0.0
1651822057,-24,0,15,0.0
1651822059,-24,0,15,0.0
1651822061,-24,0,15,0.0
1651822063,-24,0,15,0.0
1651822065,-24,0,15,0.0
1651822067,-24,0,15,0.0
1651822069,-24,0,15,0.0
1651822071,-24,0,15,0.0
1651822073,-24,0,15,0.0
1651822075,-24,0,15,0.0
1651822077,-24,0,15,0.0
1651822079,-24,0,15,0.0
1651822081,-24,0,15,0.0
1651822083,-24,0,15,0.0
1651822085,-24,0,15,0.0
1651822087,-24,0,15,0.0
1651822089,-24,0,15,0.0
1651822091,-24,0,15,0.0
1651822093,-24,0,15,0.0
1651822095,-24,0,15,0.0
1651822097,-24,0,15,0.0
1651822099,-24,0,15,0.0
1651822101,-24,0,15,0.0
1651822103,-24,0,15,0.0
1651822105,-24,0,15,0.0
1651822107,-24,0,15,0.0
1651822109,-24,0,15,0.0
1651822111,-24,0,15,0.0
1651822113,-24,0,15,0.0
1651822115,-24,0,15,0.0
1651822117,-24,0,15,0.0
1651822119,-24,0,15,0.0
1651822121,-24,0,15,0.0
1651822123,-24,0,15,0.0
1651822125,-24,0,15,0.0
1651822127,-24,0,15,0.0
1651822129,-24,0,15,0.0
1651822131,-24,0,15,0.0
1651822133,-24,0,15,0.0
1651822135,-24,0,15,0.0
1651822137,-24,0,15,0.0
1651822139,-24,0,15,0.0
1651822141,-24,0,15,0.0
1651822143,-24,0,15,0.0
1651822145,-24,0,15,0.0
1651822147,-24,0,15,0.0
1651822149,-24,0,15,0.0
1651822151,-24,0,15,0.0
1651822153,-24,0,15,0.0
1651822155,-24,0,15,0.0
1651822157,-24,0,15,0.0
1651822159,-24,0,15,0.0
1651822161,-24,0,15,0.0
1651822163,-24,0,15,0.0
1651822165,-24,0,15,0.0
1651822167,-24,0,15,0.0
1651822169,-24,0,15,0.0
1651822171,-24,0,15,0.0
1651822173,-24,0,15,0.0
1651822175,-24,0,15,0.0
1651822177,-24,0,15,0.0
1651822179,-24,0,15,0.0
1651822181,-24,0,15,0.0
1651822183,-24,0,15,0.0
1651822185,-24,0,15,0.0
1651822187,-24,0,15,0.0
1651822189,-24,0,15,0.0
1651822191,-24,0,15,0.0
1651822193,-24,0,15,0.0
1651822195,-24,0,15,0.0
1651822197,-24,0,15,0.0
1651822199,-24,0,15,0.0
1651822201,-24,0,15,0.0
1651822203,-24,0,15,0.0
1651822205,-24,0,15,0.0
1651822207,-24,0,15,0.0
1651822209,-24,0,15,0.0
1651822211,-24,0,15,0.0
1651822213,-24,0,15,0.0
1651822215,-24,0,15,0.0
1651822217,-24,0,15,0.0
1651822219,-24,0,15,0.0
1651822221,-24,0,15,0.0
1651822223,-24,0,15,0.0
1651822225,-24,0,15,0.0
1651822227,-24,0,15,0.0
1651822229,-24,0,15,0.0
1651822231,-24,0,15,0.0
1651822233,-24,0,15,0.0
1651822235,-24,0,15,0.0
1651822237,-24,0,15,0.0
1651822239,-24,0,15,0.0
1651822241,-24,0,15,0.0
1651822243,-24,0,15,0.0
1651822245,-24,0,15,0.0
1651822247,-24,0,15,0.0
1651822249,-24,0,15,0.0
1651822251,-24,0,15,0.0
1651822253,-24,0,15,0.0
1651822255,-24,0,15,0.0
1651822257,-24,0,15,0.0
1651822259,-24,0,15,0.0
1651822261,-24,0,15,0.0
1651822263,-24,0,15,0.0
1651822265,-24,0,15,0.0
1651822267,-24,0,15,0.0
1651822269,-24,0,15,0.0
1651822271,-24,0,15,0.0
1651822273,-24,0,15,0.0
1651822275,-24,0,15,0.0
1651822277,-24,0,15,0.0
1651822279,-24,0,15,0.0
1651822281,-24,0,15,0.0
1651822283,-24,0,15,0.0
1651822285,-24,0,15,0.0
1651822287,-24,0,15,0.0
1651822289,-24,0,15,0.0
1651822291,-24,0,15,0.0
1651822293,-24,0,15,0.0
1651822295,-24,0,15,0.0
1651822297,-24,0,15,0.0
1651822299,-24,0,15,0.0
1651822301,-24,0,15,0.0
1651822303,-24,0,15,0.0
1651822305,-24,0,15,0.0
1651822307,-24,0,15,0.0
1651822309,-24,0,15,0.0
1651822311,-24,0,15,0.0
1651822313,-24,0,15,0.0
1651822315,-24,0,15,0.0
1651822317,-24,0,15,0.0
1651822319,-24,0,15,0.0
1651822321,-24,0,15,0.0
1651822323,-24,0,15,0.0
1651822325,-24,0,15,0.0
1651822327,-24,0,15,0.0
1651822329,-24,0,15,0.0
1651822331,-24,0,15,0.0
1651822333,-24,0,15,0.0
1651822335,-24,0,15,0.0
1651822337,-24,0,15,0.0
1651822339,-24,0,15,0.0
1651822341,-24,0,15,0.0
1651822343,-24,0,15,0.0
1651822345,-24,0,15,0.0
1651822347,-24,0,15,0.0
1651822349,-24,0,15,0.0
1651822351,-24,0,15,0.0
1651822353,-24,0,15,0.0
1651822355,-24,0,15,0.0
1651822357,-24,0,15,0.0
1651822359,-24,0,15,0.0
1651822361,-24,0,15,0.0
1651822363,-24,0,15,0.0
1651822365,-24,0,15,0.0
1651822367,-24,0,15,0.0
1651822369,-24,0,15,0.0
1651822371,-24,0,15,0.0
1651822373,-24,0,15,0.0
1651822375,-24,0,15,0.0
1651822377,-24,0,15,0.0
1651822379,-24,0,15,0.0
1651822381,-24,0,15,0.0
1651822383,-24,0,15,0.0
1651822385,-24,0,15,0.0
1651822387,-24,0,15,0.0
1651822389,-24,0,15,0.0
1651822391,-24,0,15,0.0
1651822393,-24,0,15,0.0
1651822395,-24,0,15,0.0
1651822397,-24,0,15,0.0
1651822399,-24,0,15,0.0
1651822401,-24,0,15,0.0
1651822403,-24,0,15,0.0
1651822405,-24,0,15,0.0
1651822407,-24,0,15,0.0
1651822484,-23,0,13,-0.0
1651822486,-21,0,10,-1.5
1651822488,-21,0,10,0.0
1651822490,-22,0,12,1.0
1651822492,-21,0,10,-1.0
1651822494,-22,0,12,1.0
1651822496,-21,0,10,-1.0
1651822498,-21,0,10,0.0
1651822500,-22,0,12,1.0
1651822502,-21,0,10,-1.0
1651822504,-21,1,10,0.0
1651822506,-23,1,13,1.5
1651822508,-23,1,13,0.0
1651822510,-23,1,13,0.0
1651822512,-22,1,12,-0.5
1651822514,-21,6,10,-1.0
1651822516,-12,6,4,-3.0
1651822518,-14,0,5,0.5
1651822520,-24,0,15,5.0
1651822522,-24,0,15,0.0
1651822524,-23,0,13,-1.0
1651822526,-22,0,12,-0.5
1651822528,-22,0,12,0.0
1651822530,-23,0,13,0.5
1651822532,-22,7,12,-0.5
1651822534,-21,0,10,-1.0
1651822536,-23,0,13,1.5
1651822538,-22,0,12,-0.5
1651822540,-22,0,12,0.0
1651822542,-23,13,13,0.5
1651822544,-22,0,12,-0.5
1651822546,-21,0,10,-1.0
1651822548,-24,0,15,2.5
1651822550,-23,0,13,-1.0
1651822552,-22,5,12,-0.5
1651822554,-26,0,18,3.0
1651822556,-36,0,58,20.0
1651822558,-36,10,58,0.0
1651822560,-28,0,23,-17.5
1651822562,-31,0,33,5.0
1651822564,-30,0,29,-2.0
1651822566,-23,0,13,-8.0
1651822568,-23,2,13,0.0
1651822570,-31,2,33,10.0
1651822572,-23,2,13,-10.0
1651822574,-26,11,18,2.5
1651822576,-32,11,37,9.5
1651822578,-31,11,33,-2.0
1651822580,-28,11,23,-5.0
1651822582,-24,11,15,-4.0
1651822584,-31,11,33,9.0
1651822586,-28,11,23,-5.0
1651822588,-30,11,29,3.0
1651822590,-30,11,29,0.0
1651822592,-27,11,21,-4.0
1651822594,-27,12,21,0.0
1651822596,-21,11,10,-5.5
1651822598,-38,11,73,31.5
1651822600,-34,11,46,-13.5
1651822602,-28,11,23,-11.5
1651822604,-23,11,13,-5.0
1651822606,-28,11,23,5.0
1651822608,-22,11,12,-5.5
1651822610,-31,7,33,10.5
1651822612,-30,4,29,-2.0
1651822614,-26,4,18,-5.5
1651822616,-28,4,23,2.5
1651822618,-35,4,52,14.5
1651822620,-33,4,41,-5.5
1651822622,-38,4,73,16.0
1651822624,-23,12,13,-30.0
1651822626,-21,12,10,-1.5
1651822628,-28,3,23,6.5
1651822630,-31,4,33,5.0
1651822632,-25,4,16,-8.5
1651822634,-24,4,15,-0.5
1651822636,-22,2,12,-1.5
1651822638,-25,2,16,2.0
1651822640,-27,3,21,2.5
1651822642,-25,11,16,-2.5
1651822644,-26,11,18,1.0
1651822646,-26,2,18,0.0
1651822648,-26,2,18,0.0
1651822650,-27,2,21,1.5
1651822652,-24,3,15,-3.0
1651822654,-25,2,16,0.5
1651822656,-25,2,16,0.0
1651822658,-27,9,21,2.5
1651822660,-24,9,15,-3.0
1651822662,-26,13,18,1.5
1651822664,-25,9,16,-1.0
1651822666,-28,3,23,3.5
1651822668,-26,3,18,-2.5
1651822670,-24,3,15,-1.5
1651822672,-24,3,15,0.0
1651822674,-24,8,15,0.0
1651822676,-25,8,16,0.5
1651822678,-26,1,18,1.0
1651822680,-26,1,18,0.0
1651822682,-25,1,16,-1.0
1651822684,-28,2,23,3.5
1651822686,-23,2,13,-5.0
1651822688,-27,6,21,4.0
1651822690,-27,2,21,0.0
1651822692,-29,2,26,2.5
1651822694,-26,2,18,-4.0
1651822696,-27,2,21,1.5
1651822698,-25,3,16,-2.5
1651822700,-25,3,16,0.0
1651822702,-25,9,16,0.0
1651822704,-28,3,23,3.5
1651822706,-26,3,18,-2.5
1651822708,-25,3,16,-1.0
1651822710,-28,3,23,3.5
1651822712,-26,3,18,-2.5
1651822714,-26,3,18,0.0
1651822716,-26,9,18,0.0
1651822718,-27,3,21,1.5
1651822720,-28,3,23,1.0
1651822722,-29,3,26,1.5
1651822724,-25,3,16,-5.0
1651822726,-26,2,18,1.0
1651822728,-30,2,29,5.5
1651822730,-28,4,23,-3.0
1651822732,-26,4,18,-2.5
1651822734,-26,6,18,0.0
1651822736,-23,4,13,-2.5
1651822738,-25,9,16,1.5
1651822740,-30,4,29,6.5
1651822742,-26,4,18,-5.5
1651822744,-26,4,18,0.0
1651822746,-25,2,16,-1.0
1651822748,-26,9,18,1.0
1651822750,-26,9,18,0.0
1651822752,-26,2,18,0.0
1651822754,-26,9,18,0.0
1651822756,-28,9,23,2.5
1651822758,-24,3,15,-4.0
1651822760,-26,9,18,1.5
1651822762,-26,3,18,0.0
1651822764,-26,3,18,0.0
1651822766,-24,3,15,-1.5
1651822768,-28,3,23,4.0
1651822770,-27,3,21,-1.0
1651822772,-25,4,16,-2.5
1651822774,-25,4,16,0.0
1651822776,-28,4,23,3.5
1651822778,-22,4,12,-5.5
1651822780,-27,11,21,4.5
1651822782,-26,4,18,-1.5
1651822784,-26,1,18,0.0
1651822786,-26,9,18,0.0
1651822788,-26,9,18,0.0
1651822790,-28,4,23,2.5
1651822792,-25,4,16,-3.5
1651822794,-25,9,16,0.0
1651822796,-27,9,21,2.5
1651822798,-26,9,18,-1.5
1651822800,-20,4,9,-4.5
1651822802,-29,4,26,8.5
1651822804,-27,4,21,-2.5
1651822806,-26,4,18,-1.5
1651822808,-27,4,21,1.5
1651822810,-25,4,16,-2.5
1651822812,-25,4,16,0.0
1651822814,-25,4,16,0.0
1651822816,-27,4,21,2.5
1651822818,-27,4,21,0.0
1651822820,-27,4,21,0.0
1651822822,-28,4,23,1.0
1651822824,-26,4,18,-2.5
1651822826,-29,4,26,4.0
1651822828,-26,3,18,-4.0
1651822830,-27,3,21,1.5
1651822832,-29,3,26,2.5
1651822834,-25,3,16,-5.0
1651822836,-26,3,18,1.0
1651822838,-26,10,18,0.0
1651822840,-29,10,26,4.0
1651822842,-26,3,18,-4.0
1651822844,-27,4,21,1.5
1651822846,-26,3,18,-1.5
1651822848,-24,9,15,-1.5
1651822850,-25,3,16,0.5
1651822852,-29,9,26,5.0
1651822854,-27,12,21,-2.5
1651822856,-26,12,18,-1.5
1651822858,-28,4,23,2.5
1651822860,-25,9,16,-3.5
1651822862,-23,9,13,-1.5
1651822864,-27,4,21,4.0
1651822866,-25,4,16,-2.5
1651822868,-28,4,23,3.5
1651822870,-28,4,23,0.0
1651822872,-24,4,15,-4.0
1651822874,-26,9,18,1.5
1651822876,-26,9,18,0.0
1651822878,-24,9,15,-1.5
1651822880,-28,9,23,4.0
1651822882,-29,2,26,1.5
1651822884,-26,11,18,-4.0
1651822886,-27,3,21,1.5
1651822888,-27,3,21,0.0
1651822890,-25,5,16,-2.5
1651822892,-26,3,18,1.0
1651822894,-27,8,21,1.5
1651822896,-28,3,23,1.0
1651822898,-22,10,12,-5.5
1651822900,-27,3,21,4.5
1651822902,-28,6,23,1.0
1651822904,-29,6,26,1.5
1651822906,-28,3,23,-1.5
1651822908,-26,3,18,-2.5
1651822910,-26,3,18,0.0
1651822912,-27,5,21,1.5
1651822914,-27,3,21,0.0
1651822916,-27,3,21,0.0
1651822918,-27,3,21,0.0
1651822920,-27,5,21,0.0
1651822922,-26,1,18,-1.5
1651822924,-25,1,16,-1.0
1651822926,-28,2,23,3.5
1651822928,-27,14,21,-1.0
1651822930,-26,14,18,-1.5
1651822932,-28,10,23,2.5
1651822934,-26,2,18,-2.5
1651822936,-28,11,23,2.5
1651822938,-25,3,16,-3.5
1651822940,-27,3,21,2.5
1651822942,-29,3,26,2.5
1651822944,-28,3,23,-1.5
1651822946,-26,5,18,-2.5
1651822948,-26,5,18,0.0
1651822950,-25,9,16,-1.0
1651822952,-28,9,23,3.5
1651822954,-28,9,23,0.0
1651822956,-27,9,21,-1.0
1651822958,-28,4,23,1.0
1651822960,-29,3,26,1.5
1651822962,-26,3,18,-4.0
1651822964,-27,4,21,1.5
1651822966,-29,4,26,2.5
1651822968,-29,2,26,0.0
1651822970,-26,10,18,-4.0
1651822972,-26,1,18,0.0
1651822974,-26,5,18,0.0
1651822976,-24,8,15,-1.5
1651822978,-26,3,18,1.5
1651822980,-27,3,21,1.5
1651822982,-28,3,23,1.0
1651822984,-29,3,26,1.5
1651822986,-26,4,18,-4.0
1651822988,-26,8,18,0.0
1651822990,-27,2,21,1.5
1651822992,-27,12,21,0.0
1651822994,-26,4,18,-1.5
1651822996,-27,6,21,1.5
1651822998,-27,4,21,0.0
1651823000,-27,4,21,0.0
1651823002,-26,4,18,-1.5
1651823004,-28,4,23,2.5
1651823006,-27,3,21,-1.0
1651823008,-25,3,16,-2.5
1651823010,-25,3,16,0.0
1651823012,-26,9,18,1.0
1651823014,-25,3,16,-1.0
1651823016,-21,7,10,-3.0
1651823018,-27,10,21,5.5
1651823020,-25,1,16,-2.5
1651823022,-26,1,18,1.0
1651823024,-30,4,29,5.5
1651823026,-27,4,21,-4.0
1651823028,-26,3,18,-1.5
1651823030,-26,3,18,0.0
1651823032,-27,3,21,1.5
1651823034,-27,15,21,0.0
1651823036,-28,4,23,1.0
1651823038,-27,4,21,-1.0
1651823040,-26,4,18,-1.5
1651823042,-26,3,18,0.0
1651823044,-27,4,21,1.5
1651823046,-30,3,29,4.0
1651823048,-28,3,23,-3.0
1651823050,-22,3,12,-5.5
1651823052,-29,1,26,7.0
1651823054,-28,9,23,-1.5
1651823056,-26,2,18,-2.5
1651823058,-26,2,18,0.0
1651823060,-26,9,18,0.0
1651823062,-27,2,21,1.5
1651823064,-25,4,16,-2.5
1651823066,-28,4,23,3.5
1651823068,-27,4,21,-1.0
1651823070,-23,4,13,-4.0
1651823072,-26,4,18,2.5
1651823074,-28,9,23,2.5
1651823076,-26,9,18,-2.5
1651823078,-26,9,18,0.0
1651823080,-28,2,23,2.5
1651823082,-26,2,18,-2.5
1651823084,-26,2,18,0.0
1651823086,-25,3,16,-1.0
1651823088,-27,3,21,2.5
1651823090,-27,3,21,0.0
1651823092,-27,3,21,0.0
1651823094,-27,4,21,0.0
1651823096,-27,9,21,0.0
1651823098,-26,9,18,-1.5
1651823100,-26,4,18,0.0
1651823102,-27,4,21,1.5
1651823104,-27,5,21,0.0
1651823106,-26,9,18,-1.5
1651823108,-27,4,21,1.5
1651823110,-28,4,23,1.0
1651823112,-23,9,13,-5.0
1651823114,-28,3,23,5.0
1651823116,-28,2,23,0.0
1651823118,-27,14,21,-1.0
1651823120,-27,3,21,0.0
1651823122,-27,3,21,0.0
1651823124,-29,3,26,2.5
1651823126,-27,3,21,-2.5
1651823128,-28,2,23,1.0
1651823130,-27,2,21,-1.0
1651823132,-27,3,21,0.0
1651823134,-26,2,18,-1.5
1651823136,-27,2,21,1.5
1651823138,-27,3,21,0.0
1651823140,-24,3,15,-3.0
1651823142,-25,3,16,0.5
1651823144,-26,4,18,1.0
1651823146,-26,4,18,0.0
1651823148,-27,4,21,1.5
1651823150,-26,4,18,-1.5
1651823152,-26,4,18,0.0
1651823154,-28,3,23,2.5
1651823156,-27,9,21,-1.0
1651823158,-26,3,18,-1.5
1651823160,-22,4,12,-3.0
1651823162,-26,3,18,3.0
1651823164,-27,3,21,1.5
1651823166,-26,3,18,-1.5
1651823168,-26,3,18,0.0
1651823170,-26,4,18,0.0
1651823172,-27,3,21,1.5
1651823174,-25,4,16,-2.5
1651823176,-28,4,23,3.5
1651823178,-27,8,21,-1.0
1651823180,-26,2,18,-1.5
1651823182,-25,2,16,-1.0
1651823184,-26,6,18,1.0
1651823186,-27,2,21,1.5
1651823188,-26,13,18,-1.5
1651823190,-30,3,29,5.5
1651823192,-27,3,21,-4.0
1651823194,-28,2,23,1.0
1651823196,-27,2,21,-1.0
1651823198,-24,3,15,-3.0
1651823200,-27,4,21,3.0
1651823202,-27,4,21,0.0
1651823204,-21,4,10,-5.5
1651823206,-29,4,26,8.0
1651823208,-27,10,21,-2.5
1651823210,-26,10,18,-1.5
1651823212,-22,2,12,-3.0
1651823214,-25,2,16,2.0
1651823216,-27,4,21,2.5
1651823218,-27,2,21,0.0
1651823220,-26,4,18,-1.5
1651823222,-26,4,18,0.0
1651823224,-27,4,21,1.5
1651823226,-28,4,23,1.0
1651823228,-27,2,21,-1.0
1651823230,-27,4,21,0.0
1651823232,-28,4,23,1.0
1651823234,-23,4,13,-5.0
1651823236,-27,2,21,4.0
1651823238,-27,2,21,0.0
1651823240,-27,8,21,0.0
1651823242,-27,2,21,0.0
1651823244,-26,2,18,-1.5
1651823246,-26,2,18,0.0
1651823248,-28,2,23,2.5
1651823250,-27,4,21,-1.0
1651823252,-28,4,23,1.0
1651823254,-26,4,18,-2.5
1651823256,-28,9,23,2.5
1651823258,-26,1,18,-2.5
1651823260,-28,5,23,2.5
1651823262,-28,9,23,0.0
1651823264,-29,3,26,1.5
1651823266,-27,3,21,-2.5
1651823268,-23,4,13,-4.0
1651823270,-27,4,21,4.0
1651823272,-29,10,26,2.5
1651823274,-25,4,16,-5.0
1651823276,-24,3,15,-0.5
1651823278,-26,4,18,1.5
1651823280,-26,9,18,0.0
1651823282,-25,5,16,-1.0
1651823284,-23,3,13,-1.5
1651823286,-29,3,26,6.5
1651823288,-29,3,26,0.0
1651823290,-25,3,16,-5.0
1651823292,-27,4,21,2.5
1651823294,-25,4,16,-2.5
1651823296,-27,4,21,2.5
1651823298,-27,4,21,0.0
1651823300,-27,2,21,0.0
1651823302,-32,7,37,8.0
1651823304,-29,9,26,-5.5
1651823306,-27,2,21,-2.5
1651823308,-28,4,23,1.0
1651823310,-29,4,26,1.5
1651823312,-30,4,29,1.5
1651823314,-25,4,16,-6.5
1651823316,-25,3,16,0.0
1651823318,-27,5,21,2.5
1651823320,-28,2,23,1.0
1651823322,-26,2,18,-2.5
1651823324,-29,3,26,4.0
1651823326,-29,3,26,0.0
1651823328,-27,4,21,-2.5
1651823330,-28,4,23,1.0
1651823332,-28,3,23,0.0
1651823334,-28,3,23,0.0
1651823336,-29,3,26,1.5
1651823338,-26,3,18,-4.0
1651823340,-26,3,18,0.0
1651823342,-28,3,23,2.5
1651823344,-27,3,21,-1.0
1651823346,-27,4,21,0.0
1651823348,-30,3,29,4.0
1651823350,-27,4,21,-4.0
1651823352,-28,4,23,1.0
1651823354,-27,4,21,-1.0
1651823356,-28,4,23,1.0
1651823358,-28,3,23,0.0
1651823360,-23,4,13,-5.0
1651823362,-26,4,18,2.5
1651823364,-25,4,16,-1.0
1651823366,-30,6,29,6.5
1651823368,-23,4,13,-8.0
1651823370,-24,2,15,1.0
1651823372,-28,2,23,4.0
1651823374,-25,2,16,-3.5
1651823376,-27,2,21,2.5
1651823378,-25,3,16,-2.5
1651823380,-28,2,23,3.5
1651823382,-26,2,18,-2.5
1651823384,-26,3,18,0.0
1651823386,-28,3,23,2.5
1651823388,-27,3,21,-1.0
1651823390,-27,2,21,0.0
1651823392,-25,2,16,-2.5
1651823394,-30,3,29,6.5
1651823396,-25,3,16,-6.5
1651823398,-26,11,18,1.0
1651823400,-26,3,18,0.0
1651823402,-25,3,16,-1.0
1651823404,-29,3,26,5.0
1651823406,-34,10,46,10.0
1651823408,-36,10,58,6.0
1651823410,-38,12,73,7.5
1651823412,-29,4,26,-23.5
1651823414,-31,10,33,3.5
1651823416,-35,5,52,9.5
1651823418,-37,5,65,6.5
1651823420,-36,6,58,-3.5
1651823422,-39,4,82,12.0
1651823424,-37,5,65,-8.5
1651823426,-36,5,58,-3.5
1651823428,-41,5,103,22.5
1651823430,-35,7,52,-25.5
1651823432,-41,7,103,25.5
1651823434,-39,7,82,-10.5
1651823436,-32,7,37,-22.5
1651823438,-34,7,46,4.5
1651823440,-37,7,65,9.5
1651823442,-33,7,41,-12.0
1651823444,-37,7,65,12.0
1651823446,-35,7,52,-6.5
1651823448,-38,5,73,10.5
1651823450,-34,4,46,-13.5
1651823452,-36,7,58,6.0
1651823454,-37,7,65,3.5
1651823456,-31,7,33,-16.0
1651823458,-34,7,46,6.5
1651823460,-31,7,33,-6.5
1651823462,-26,5,18,-7.5
1651823464,-31,7,33,7.5
1651823466,-28,7,23,-5.0
1651823468,-29,7,26,1.5
1651823470,-26,9,18,-4.0
1651823472,-27,5,21,1.5
1651823474,-33,5,41,10.0
1651823476,-36,5,58,8.5
1651823478,-35,5,52,-3.0
1651823480,-34,7,46,-3.0
1651823482,-37,7,65,9.5
1651823484,-37,7,65,0.0
1651823486,-43,7,130,32.5
1651823488,-43,5,130,0.0
1651823490,-46,7,184,27.0
1651823492,-41,7,103,-40.5
1651823494,-44,7,146,21.5
1651823496,-45,4,164,9.0
1651823498,-43,7,130,-17.0
1651823500,-38,7,73,-28.5
1651823502,-39,4,82,4.5
1651823504,-39,7,82,0.0
1651823506,-38,6,73,-4.5
1651823508,-38,7,73,0.0
1651823510,-38,7,73,0.0
1651823512,-33,7,41,-16.0
1651823514,-35,12,52,5.5
1651823516,-28,12,23,-14.5
1651823518,-29,11,26,1.5
1651823520,-30,6,29,1.5
1651823522,-32,5,37,4.0
1651823524,-31,5,33,-2.0
1651823526,-36,15,58,12.5
1651823528,-30,7,29,-14.5
1651823530,-34,11,46,8.5
1651823532,-33,7,41,-2.5
1651823534,-32,7,37,-2.0
1651823536,-35,6,52,7.5
1651823538,-35,7,52,0.0
1651823540,-37,7,65,6.5
1651823542,-32,7,37,-14.0
1651823544,-41,4,103,33.0
1651823546,-40,10,92,-5.5
1651823548,-44,11,146,27.0
1651823550,-44,7,146,0.0
1651823552,-43,12,130,-8.0
1651823554,-41,12,103,-13.5
1651823556,-40,12,92,-5.5
1651823558,-34,6,46,-23.0
1651823560,-32,11,37,-4.5
1651823562,-36,13,58,10.5
1651823564,-30,13,29,-14.5
1651823566,-38,13,73,22.0
1651823568,-30,13,29,-22.0
1651823570,-32,13,37,4.0
1651823572,-31,5,33,-2.0
1651823574,-31,7,33,0.0
1651823576,-33,5,41,4.0
1651823578,-32,13,37,-2.0
1651823580,-36,13,58,10.5
1651823582,-33,7,41,-8.5
1651823584,-32,13,37,-2.0
1651823586,-30,13,29,-4.0
1651823589,-32,13,37,2.7
1651823591,-33,13,41,2.0
1651823593,-36,6,58,8.5
1651823595,-34,12,46,-6.0
1651823597,-32,11,37,-4.5
1651823599,-32,11,37,0.0
1651823601,-31,15,33,-2.0
1651823603,-33,7,41,4.0
1651823605,-31,6,33,-4.0
1651823607,-32,12,37,2.0
1651823609,-28,12,23,-7.0
1651823611,-32,12,37,7.0
1651823613,-32,13,37,0.0
1651823615,-31,11,33,-2.0
1651823617,-31,12,33,0.0
1651823619,-32,7,37,2.0
1651823621,-32,13,37,0.0
1651823623,-29,11,26,-5.5
1651823625,-35,13,52,13.0
1651823627,-31,12,33,-9.5
1651823629,-30,14,29,-2.0
1651823631,-28,5,23,-3.0
1651823633,-33,7,41,9.0
1651823635,-30,12,29,-6.0
1651823637,-32,12,37,4.0
1651823639,-31,13,33,-2.0
1651823641,-34,7,46,6.5
1651823643,-34,7,46,0.0
1651823645,-31,6,33,-6.5
1651823647,-31,6,33,0.0
1651823649,-34,14,46,6.5
1651823651,-31,14,33,-6.5
1651823653,-33,14,41,4.0
1651823655,-30,14,29,-6.0
1651823657,-35,7,52,11.5
1651823659,-31,12,33,-9.5
1651823661,-33,12,41,4.0
1651823663,-35,12,52,5.5
1651823665,-32,12,37,-7.5
1651823667,-33,13,41,2.0
1651823669,-33,13,41,0.0
1651823671,-33,13,41,0.0
1651823673,-31,14,33,-4.0
1651823675,-34,13,46,6.5
1651823677,-27,7,21,-12.5
1651823679,-30,5,29,4.0
1651823681,-32,5,37,4.0
1651823683,-32,14,37,0.0
1651823685,-32,5,37,0.0
1651823687,-32,12,37,0.0
1651823689,-32,7,37,0.0
1651823691,-32,7,37,0.0
1651823693,-32,14,37,0.0
1651823695,-31,11,33,-2.0
1651823697,-38,13,73,20.0
1651823699,-33,12,41,-16.0
1651823701,-32,14,37,-2.0
1651823703,-33,14,41,2.0
1651823705,-32,12,37,-2.0
1651823707,-28,13,23,-7.0
1651823709,-30,7,29,3.0
1651823711,-27,15,21,-4.0
1651823713,-30,7,29,4.0
1651823715,-31,15,33,2.0
1651823717,-28,7,23,-5.0
1651823719,-35,5,52,14.5
1651823721,-33,5,41,-5.5
1651823723,-36,14,58,8.5
1651823725,-30,12,29,-14.5
1651823727,-29,12,26,-1.5
1651823729,-28,10,23,-1.5
1651823731,-30,14,29,3.0
1651823733,-29,5,26,-1.5
1651823735,-28,11,23,-1.5
1651823737,-29,11,26,1.5
1651823739,-31,5,33,3.5
1651823741,-27,5,21,-6.0
1651823743,-30,13,29,4.0
1651823745,-34,13,46,8.5
1651823747,-29,11,26,-10.0
1651823749,-28,12,23,-1.5
1651823751,-29,13,26,1.5
1651823753,-30,12,29,1.5
1651823755,-33,12,41,6.0
1651823757,-33,12,41,0.0
1651823759,-33,13,41,0.0
1651823761,-28,12,23,-9.0
1651823763,-30,5,29,3.0
1651823765,-29,12,26,-1.5
1651823767,-33,12,41,7.5
1651823769,-30,12,29,-6.0
1651823771,-35,12,52,11.5
1651823773,-32,12,37,-7.5
1651823775,-28,12,23,-7.0
1651823777,-28,12,23,0.0
1651823779,-32,12,37,7.0
1651823781,-32,12,37,0.0
1651823783,-27,12,21,-8.0
1651823785,-30,12,29,4.0
1651823787,-29,13,26,-1.5
1651823789,-34,12,46,10.0
1651823791,-29,12,26,-10.0
1651823793,-30,12,29,1.5
1651823795,-32,7,37,4.0
1651823797,-34,13,46,4.5
1651823799,-30,13,29,-8.5
1651823801,-34,7,46,8.5
1651823803,-29,11,26,-10.0
1651823805,-29,14,26,0.0
1651823807,-31,14,33,3.5
1651823809,-28,12,23,-5.0
1651823811,-30,14,29,3.0
1651823813,-30,15,29,0.0
1651823815,-30,12,29,0.0
1651823817,-30,12,29,0.0
1651823819,-31,15,33,2.0
1651823821,-34,5,46,6.5
1651823823,-34,12,46,0.0
1651823825,-31,13,33,-6.5
1651823827,-30,13,29,-2.0
1651823829,-30,14,29,0.0
1651823831,-28,14,23,-3.0
1651823833,-31,13,33,5.0
1651823835,-35,12,52,9.5
1651823837,-33,12,41,-5.5
1651823839,-29,13,26,-7.5
1651823841,-29,13,26,0.0
1651823843,-35,11,52,13.0
1651823845,-34,11,46,-3.0
1651823847,-30,12,29,-8.5
1651823849,-36,5,58,14.5
1651823851,-33,7,41,-8.5
1651823853,-36,7,58,8.5
1651823855,-35,7,52,-3.0
1651823857,-29,7,26,-13.0
1651823859,-37,7,65,19.5
1651823861,-37,6,65,0.0
1651823863,-39,7,82,8.5
1651823865,-38,5,73,-4.5
1651823867,-40,7,92,9.5
1651823869,-42,7,116,12.0
1651823871,-37,7,65,-25.5
1651823873,-36,7,58,-3.5
1651823875,-38,6,73,7.5
1651823877,-43,6,130,28.5
1651823879,-36,13,58,-36.0
1651823881,-37,7,65,3.5
1651823883,-34,11,46,-9.5
1651823885,-38,12,73,13.5
1651823887,-40,12,92,9.5
1651823889,-40,14,92,0.0
1651823891,-34,12,46,-23.0
1651823893,-40,13,92,23.0
1651823895,-37,12,65,-13.5
1651823897,-36,12,58,-3.5
1651823899,-35,7,52,-3.0
1651823901,-36,7,58,3.0
1651823903,-36,7,58,0.0
1651823905,-35,13,52,-3.0
1651823907,-36,12,58,3.0
1651823909,-32,12,37,-10.5
1651823911,-38,15,73,18.0
1651823913,-32,7,37,-18.0
1651823915,-35,7,52,7.5
1651823917,-33,12,41,-5.5
1651823919,-37,7,65,12.0
1651823921,-36,14,58,-3.5
1651823923,-35,15,52,-3.0
1651823925,-38,13,73,10.5
1651823927,-37,13,65,-4.0
1651823929,-35,5,52,-6.5
1651823931,-33,10,41,-5.5
1651823933,-32,7,37,-2.0
1651823935,-38,7,73,18.0
1651823937,-38,7,73,0.0
1651823939,-30,11,29,-22.0
1651823941,-34,6,46,8.5
1651823943,-37,6,65,9.5
1651823945,-34,6,46,-9.5
1651823947,-34,14,46,0.0
1651823949,-29,12,26,-10.0
1651823951,-28,12,23,-1.5
1651823953,-29,6,26,1.5
1651823955,-29,5,26,0.0
1651823957,-32,12,37,5.5
1651823959,-26,7,18,-9.5
1651823961,-28,5,23,2.5
1651823963,-26,2,18,-2.5
1651823965,-26,2,18,0.0
1651823967,-26,2,18,0.0
1651823969,-28,1,23,2.5
1651823971,-26,2,18,-2.5
1651823973,-25,2,16,-1.0
1651823975,-26,1,18,1.0
1651823977,-27,1,21,1.5
1651823979,-25,8,16,-2.5
1651823981,-27,3,21,2.5
1651823983,-26,3,18,-1.5
1651823985,-26,3,18,0.0
1651823987,-26,3,18,0.0
1651823989,-25,3,16,-1.0
1651823991,-26,3,18,1.0
1651823993,-26,3,18,0.0
1651823995,-27,3,21,1.5
1651823997,-25,2,16,-2.5
1651823999,-26,3,18,1.0
1651824001,-28,3,23,2.5
1651824003,-25,3,16,-3.5
1651824005,-25,3,16,0.0
1651824007,-26,4,18,1.0
1651824009,-26,4,18,0.0
1651824011,-25,9,16,-1.0
1651824013,-26,4,18,1.0
1651824015,-22,4,12,-3.0
1651824017,-25,4,16,2.0
1651824019,-18,4,7,-4.5
1651824021,-32,4,37,15.0
1651824023,-26,2,18,-9.5
1651824025,-28,2,23,2.5
1651824027,-28,2,23,0.0
1651824029,-28,2,23,0.0
1651824031,-28,2,23,0.0
1651824033,-28,2,23,0.0
1651824035,-28,2,23,0.0
1651824037,-28,2,23,0.0
1651824039,-28,2,23,0.0
1651824041,-28,2,23,0.0
1651824043,-28,2,23,0.0
1651824045,-28,2,23,0.0
1651824047,-28,2,23,0.0
1651824049,-28,2,23,0.0
1651824051,-28,2,23,0.0
1651824053,-28,2,23,0.0
1651824055,-28,2,23,0.0
1651824057,-28,2,23,0.0
1651824059,-28,2,23,0.0
1651824061,-28,2,23,0.0
1651824063,-28,2,23,0.0
1651824065,-28,2,23,0.0
1651824067,-28,2,23,0.0
1651824069,-28,2,23,0.0
1651824071,-28,2,23,0.0
1651824073,-28,7,23,0.0
1651824075,-28,7,23,0.0
1651824077,-28,7,23,0.0
1651824079,-28,7,23,0.0
1651824081,-22,11,12,-5.5
1651824083,-22,1,12,0.0
1651824085,-22,1,12,0.0
1651824087,-21,1,10,-1.0
1651824089,-22,2,12,1.0
1651824091,-22,1,12,0.0
1651824093,-22,0,12,0.0
1651824095,-25,0,16,2.0
1651824097,-24,0,15,-0.5
1651824099,-26,0,18,1.5
1651824101,-26,0,18,0.0
1651824103,-27,10,21,1.5
1651824105,-27,14,21,0.0
1651824107,-26,2,18,-1.5
1651824109,-25,2,16,-1.0
1651824111,-26,2,18,1.0
1651824113,-25,2,16,-1.0
1651824115,-26,2,18,1.0
1651824117,-25,2,16,-1.0
1651824119,-26,2,18,1.0
1651824121,-28,2,23,2.5
1651824123,-26,3,18,-2.5
1651824125,-25,2,16,-1.0
1651824127,-24,3,15,-0.5
1651824129,-25,8,16,0.5
1651824131,-25,3,16,0.0
1651824133,-26,3,18,1.0
1651824135,-26,1,18,0.0
1651824137,-25,3,16,-1.0
1651824139,-25,3,16,0.0
1651824141,-26,12,18,1.0
1651824143,-25,3,16,-1.0
1651824145,-26,3,18,1.0
1651824147,-26,3,18,0.0
1651824149,-25,3,16,-1.0
1651824151,-24,3,15,-0.5
1651824153,-26,3,18,1.5
1651824155,-25,8,16,-1.0
1651824157,-26,8,18,1.0
1651824159,-25,8,16,-1.0
1651824161,-26,2,18,1.0
1651824163,-26,2,18,0.0
1651824165,-26,2,18,0.0
1651824167,-23,2,13,-2.5
1651824169,-26,2,18,2.5
1651824171,-25,6,16,-1.0
1651824173,-26,8,18,1.0
1651824175,-25,2,16,-1.0
1651824177,-27,2,21,2.5
1651824179,-25,12,16,-2.5
1651824181,-26,1,18,1.0
1651824183,-25,1,16,-1.0
1651824185,-26,12,18,1.0
1651824187,-25,4,16,-1.0
1651824189,-25,4,16,0.0
1651824191,-25,2,16,0.0
1651824193,-26,2,18,1.0
1651824195,-26,2,18,0.0
1651824197,-26,2,18,0.0
1651824199,-26,2,18,0.0
1651824201,-25,2,16,-1.0
1651824203,-25,2,16,0.0
1651824205,-26,2,18,1.0
1651824207,-27,2,21,1.5
1651824209,-25,4,16,-2.5
1651824211,-24,4,15,-0.5
1651824213,-26,4,18,1.5
1651824215,-25,2,16,-1.0
1651824217,-25,4,16,0.0
1651824219,-24,2,15,-0.5
1651824221,-25,3,16,0.5
1651824223,-24,3,15,-0.5
1651824225,-24,10,15,0.0
1651824227,-26,3,18,1.5
1651824229,-26,4,18,0.0
1651824231,-21,4,10,-4.0
1651824233,-25,3,16,3.0
1651824235,-25,3,16,0.0
1651824237,-24,8,15,-0.5
1651824239,-25,8,16,0.5
1651824241,-24,4,15,-0.5
1651824243,-22,4,12,-1.5
1651824245,-28,8,23,5.5
1651824247,-28,2,23,0.0
1651824249,-26,2,18,-2.5
1651824251,-26,2,18,0.0
1651824253,-25,3,16,-1.0
1651824255,-26,2,18,1.0
1651824257,-27,3,21,1.5
1651824259,-26,2,18,-1.5
1651824261,-26,2,18,0.0
1651824263,-27,9,21,1.5
1651824265,-24,2,15,-3.0
1651824267,-25,3,16,0.5
1651824269,-27,3,21,2.5
1651824271,-27,7,21,0.0
1651824273,-25,2,16,-2.5
1651824275,-25,2,16,0.0
1651824277,-26,2,18,1.0
1651824279,-24,8,15,-1.5
1651824281,-25,4,16,0.5
1651824283,-26,14,18,1.0
1651824285,-25,3,16,-1.0
1651824287,-27,2,21,2.5
1651824289,-26,8,18,-1.5
1651824291,-25,2,16,-1.0
1651824293,-26,2,18,1.0
1651824295,-25,3,16,-1.0
1651824297,-25,2,16,0.0
1651824299,-27,2,21,2.5
1651824301,-21,5,10,-5.5
1651824303,-24,2,15,2.5
1651824305,-26,2,18,1.5
1651824307,-27,3,21,1.5
1651824309,-25,3,16,-2.5
1651824311,-26,3,18,1.0
1651824313,-26,8,18,0.0
1651824315,-28,8,23,2.5
1651824317,-26,2,18,-2.5
1651824319,-27,2,21,1.5
1651824321,-26,2,18,-1.5
1651824323,-25,8,16,-1.0
1651824325,-24,2,15,-0.5
1651824327,-25,2,16,0.5
1651824329,-26,12,18,1.0
1651824331,-26,4,18,0.0
1651824333,-26,3,18,0.0
1651824335,-24,3,15,-1.5
1651824337,-26,8,18,1.5
1651824339,-25,8,16,-1.0
1651824341,-26,2,18,1.0
1651824343,-25,2,16,-1.0
1651824345,-25,2,16,0.0
1651824347,-26,2,18,1.0
1651824349,-26,6,18,0.0
1651824351,-25,2,16,-1.0
1651824353,-25,2,16,0.0
1651824355,-28,2,23,3.5
1651824357,-30,3,29,3.0
1651824359,-30,3,29,0.0
1651824361,-29,3,26,-1.5
1651824363,-28,3,23,-1.5
1651824365,-32,6,37,7.0
1651824367,-31,6,33,-2.0
1651824369,-28,6,23,-5.0
1651824371,-31,7,33,5.0
1651824373,-31,7,33,0.0
1651824375,-36,6,58,12.5
1651824377,-31,6,33,-12.5
1651824379,-30,6,29,-2.0
1651824381,-30,7,29,0.0
1651824383,-25,7,16,-6.5
1651824385,-26,3,18,1.0
1651824387,-29,1,26,4.0
1651824389,-26,2,18,-4.0
1651824391,-24,3,15,-1.5
1651824393,-27,3,21,3.0
1651824395,-26,3,18,-1.5
1651824397,-27,2,21,1.5
1651824399,-27,3,21,0.0
1651824401,-28,2,23,1.0
1651824403,-29,5,26,1.5
1651824405,-29,2,26,0.0
1651824407,-27,2,21,-2.5
1651824409,-26,9,18,-1.5
1651824411,-31,9,33,7.5
1651824413,-31,9,33,0.0
1651824415,-37,9,65,16.0
1651824417,-30,9,29,-18.0
1651824419,-32,0,37,4.0
1651824421,-32,0,37,0.0
1651824423,-32,0,37,0.0
1651824425,-32,0,37,0.0
1651824427,-32,0,37,0.0
1651824429,-32,0,37,0.0
1651824431,-32,0,37,0.0
1651824433,-32,0,37,0.0
1651824435,-32,0,37,0.0
1651824437,-32,0,37,0.0
1651824439,-32,0,37,0.0
1651824441,-32,0,37,0.0
1651824443,-32,0,37,0.0
1651824445,-32,0,37,0.0
1651824447,-32,0,37,0.0
1651824449,-32,0,37,0.0
1651824451,-32,0,37,0.0
1651824453,-32,0,37,0.0
1651824455,-32,0,37,0.0
1651824457,-32,0,37,0.0
1651824459,-32,0,37,0.0
1651824461,-32,0,37,0.0
1651824463,-32,0,37,0.0
1651824465,-32,0,37,0.0
1651824467,-32,0,37,0.0
1651824469,-32,0,37,0.0
1651824471,-32,0,37,0.0
1651824473,-21,0,10,-13.5
1651824475,-22,0,12,1.0
1651824477,-21,1,10,-1.0
1651824479,-21,1,10,0.0
1651824481,-21,13,10,0.0
1651824483,-21,1,10,0.0
1651824485,-22,1,12,1.0
1651824487,-23,1,13,0.5
1651824489,-25,1,16,1.5
1651824491,-24,1,15,-0.5
1651824493,-26,2,18,1.5
1651824495,-24,3,15,-1.5
1651824497,-25,2,16,0.5
1651824499,-26,2,18,1.0
1651824501,-25,3,16,-1.0
1651824503,-26,3,18,1.0
1651824505,-25,4,16,-1.0
1651824507,-27,3,21,2.5
1651824509,-29,3,26,2.5
1651824511,-25,2,16,-5.0
1651824513,-26,2,18,1.0
1651824515,-24,2,15,-1.5
1651824517,-25,13,16,0.5
1651824519,-25,10,16,0.0
1651824521,-26,2,18,1.0
1651824523,-25,2,16,-1.0
1651824525,-28,6,23,3.5
1651824527,-27,1,21,-1.0
1651824529,-26,3,18,-1.5
1651824531,-26,3,18,0.0
1651824533,-26,3,18,0.0
1651824535,-26,8,18,0.0
1651824537,-26,8,18,0.0
1651824539,-24,3,15,-1.5
1651824541,-25,3,16,0.5
1651824543,-27,3,21,2.5
1651824545,-28,3,23,1.0
1651824547,-25,1,16,-3.5
1651824549,-25,2,16,0.0
1651824551,-24,2,15,-0.5
1651824553,-26,2,18,1.5
1651824555,-21,3,10,-4.0
1651824557,-26,4,18,4.0
1651824559,-27,4,21,1.5
1651824561,-27,9,21,0.0
1651824563,-25,4,16,-2.5
1651824565,-26,4,18,1.0
1651824567,-25,4,16,-1.0
1651824569,-25,4,16,0.0
1651824571,-26,4,18,1.0
1651824573,-26,6,18,0.0
1651824575,-27,4,21,1.5
1651824577,-27,9,21,0.0
1651824579,-24,4,15,-3.0
1651824581,-25,4,16,0.5
1651824583,-25,4,16,0.0
1651824585,-26,4,18,1.0
1651824587,-26,4,18,0.0
1651824589,-26,4,18,0.0
1651824591,-27,4,21,1.5
1651824593,-25,4,16,-2.5
1651824595,-26,1,18,1.0
1651824597,-26,8,18,0.0
1651824599,-25,2,16,-1.0
1651824601,-26,8,18,1.0
1651824603,-29,9,26,4.0
1651824605,-29,6,26,0.0
1651824607,-29,6,26,0.0
1651824609,-29,7,26,0.0
1651824611,-31,7,33,3.5
1651824613,-33,7,41,4.0
1651824615,-34,6,46,2.5
1651824617,-33,5,41,-2.5
1651824619,-33,5,41,0.0
1651824621,-30,6,29,-6.0
1651824623,-34,5,46,8.5
1651824625,-34,6,46,0.0
1651824627,-33,5,41,-2.5
1651824629,-30,5,29,-6.0
1651824631,-28,5,23,-3.0
1651824633,-34,7,46,11.5
1651824635,-30,7,29,-8.5
1651824637,-28,4,23,-3.0
1651824639,-31,12,33,5.0
1651824641,-27,4,21,-6.0
1651824643,-27,3,21,0.0
1651824645,-26,3,18,-1.5
1651824647,-25,3,16,-1.0
1651824649,-27,3,21,2.5
1651824651,-27,8,21,0.0
1651824653,-26,4,18,-1.5
1651824655,-26,2,18,0.0
1651824657,-25,2,16,-1.0
1651824659,-25,3,16,0.0
1651824661,-27,2,21,2.5
1651824663,-27,0,21,0.0
1651824665,-27,0,21,0.0
1651824667,-27,0,21,0.0
1651824669,-27,0,21,0.0
1651824671,-27,0,21,0.0
1651824673,-27,0,21,0.0
1651824675,-27,0,21,0.0
1651824677,-27,0,21,0.0
1651824679,-27,0,21,0.0
1651824681,-27,0,21,0.0
1651824683,-27,0,21,0.0
1651824685,-27,0,21,0.0
1651824687,-27,0,21,0.0
1651824689,-27,0,21,0.0
1651824691,-27,0,21,0.0
1651824693,-27,0,21,0.0
1651824695,-27,0,21,0.0
1651824697,-27,0,21,0.0
1651824699,-27,0,21,0.0
1651824701,-27,0,21,0.0
1651824703,-27,0,21,0.0
1651824705,-27,0,21,0.0
1651824707,-27,0,21,0.0
1651824709,-27,0,21,0.0
1651824711,-27,0,21,0.0
1651824713,-27,0,21,0.0
1651824715,-24,0,15,-3.0
1651824717,-23,1,13,-1.0
1651824719,-23,1,13,0.0
1651824721,-24,6,15,1.0
1651824723,-25,0,16,0.5
1651824725,-23,15,13,-1.5
1651824727,-22,0,12,-0.5
1651824729,-24,0,15,1.5
1651824731,-26,0,18,1.5
1651824733,-25,0,16,-1.0
1651824735,-28,2,23,3.5
1651824737,-26,3,18,-2.5
1651824739,-26,3,18,0.0
1651824742,-27,8,21,1.0
1651824744,-25,2,16,-2.5
1651824746,-26,4,18,1.0
1651824748,-26,10,18,0.0
1651824750,-26,3,18,0.0
1651824752,-25,15,16,-1.0
1651824754,-24,3,15,-0.5
1651824756,-27,3,21,3.0
1651824758,-26,2,18,-1.5
1651824760,-26,2,18,0.0
1651824762,-27,2,21,1.5
1651824764,-27,4,21,0.0
1651824766,-25,4,16,-2.5
1651824768,-26,4,18,1.0
1651824770,-25,4,16,-1.0
1651824772,-26,4,18,1.0
1651824774,-26,4,18,0.0
1651824776,-26,2,18,0.0
1651824778,-25,2,16,-1.0
1651824780,-27,2,21,2.5
1651824782,-26,2,18,-1.5
1651824784,-27,1,21,1.5
1651824786,-26,2,18,-1.5
1651824788,-25,4,16,-1.0
1651824790,-32,4,37,10.5
1651824792,-30,1,29,-4.0
1651824794,-30,4,29,0.0
1651824796,-31,4,33,2.0
1651824798,-34,4,46,6.5
1651824800,-39,4,82,18.0
1651824802,-36,4,58,-12.0
1651824804,-32,4,37,-10.5
1651824806,-32,5,37,0.0
1651824808,-30,4,29,-4.0
1651824810,-32,6,37,4.0
1651824812,-30,5,29,-4.0
1651824814,-31,7,33,2.0
1651824816,-31,12,33,0.0
1651824818,-34,12,46,6.5
1651824820,-35,12,52,3.0
1651824822,-31,5,33,-9.5
1651824824,-33,5,41,4.0
1651824826,-33,5,41,0.0
1651824828,-31,4,33,-4.0
1651824830,-33,6,41,4.0
1651824832,-36,7,58,8.5
1651824834,-28,14,23,-17.5
1651824836,-31,6,33,5.0
1651824838,-33,7,41,4.0
1651824840,-31,5,33,-4.0
1651824842,-35,7,52,9.5
1651824844,-30,7,29,-11.5
1651824846,-30,4,29,0.0
1651824848,-33,10,41,6.0
1651824850,-29,7,26,-7.5
1651824852,-28,7,23,-1.5
1651824854,-31,6,33,5.0
1651824856,-31,6,33,0.0
1651824858,-33,6,41,4.0
1651824860,-30,6,29,-6.0
1651824862,-33,6,41,6.0
1651824864,-33,6,41,0.0
1651824866,-32,7,37,-2.0
1651824868,-30,6,29,-4.0
1651824870,-32,7,37,4.0
1651824872,-31,7,33,-2.0
1651824874,-33,6,41,4.0
1651824876,-31,7,33,-4.0
1651824878,-28,5,23,-5.0
1651824880,-29,5,26,1.5
1651824882,-27,6,21,-2.5
1651824884,-31,6,33,6.0
1651824886,-28,6,23,-5.0
1651824888,-29,6,26,1.5
1651824890,-32,6,37,5.5
1651824892,-29,7,26,-5.5
1651824894,-28,6,23,-1.5
1651824896,-32,6,37,7.0
1651824898,-30,6,29,-4.0
1651824900,-22,6,12,-8.5
1651824902,-28,3,23,5.5
1651824904,-26,4,18,-2.5
1651824906,-27,4,21,1.5
1651824908,-26,12,18,-1.5
1651824910,-26,3,18,0.0
1651824912,-22,3,12,-3.0
1651824914,-28,2,23,5.5
1651824916,-27,4,21,-1.0
1651824918,-28,4,23,1.0
1651824920,-26,2,18,-2.5
1651824922,-28,2,23,2.5
1651824924,-30,4,29,3.0
1651824926,-28,4,23,-3.0
1651824928,-26,4,18,-2.5
1651824930,-31,4,33,7.5
1651824932,-26,4,18,-7.5
1651824934,-25,4,16,-1.0
1651824936,-25,4,16,0.0
1651824938,-25,4,16,0.0
1651824940,-25,4,16,0.0
1651824942,-25,4,16,0.0
1651824944,-25,4,16,0.0
1651824946,-25,4,16,0.0
1651824948,-25,4,16,0.0
1651824950,-25,4,16,0.0
1651824952,-25,4,16,0.0
1651824954,-25,4,16,0.0
1651824956,-25,4,16,0.0
1651824958,-25,4,16,0.0
1651824960,-25,4,16,0.0
1651824962,-25,4,16,0.0
1651824964,-25,4,16,0.0
1651824966,-25,4,16,0.0
1651824968,-25,4,16,0.0
1651824970,-25,4,16,0.0
1651824972,-25,4,16,0.0
1651824974,-25,4,16,0.0
1651824976,-25,4,16,0.0
1651824978,-25,4,16,0.0
1651824980,-25,4,16,0.0
1651824982,-25,4,16,0.0
1651824984,-25,4,16,0.0
1651824986,-25,4,16,0.0
1651824988,-25,4,16,0.0
1651824990,-25,4,16,0.0
1651824992,-25,4,16,0.0
1651824994,-25,4,16,0.0
1651824996,-25,4,16,0.0
1651824998,-25,4,16,0.0
1651825000,-25,4,16,0.0
1651825002,-25,4,16,0.0
1651825004,-25,2,16,0.0
1651825006,-25,2,16,0.0
1651825008,-25,2,16,0.0
1651825010,-25,2,16,0.0
1651825012,-23,4,13,-1.5
1651825014,-23,4,13,0.0
1651825016,-23,6,13,0.0
1651825018,-23,1,13,0.0
1651825020,-23,1,13,0.0
1651825022,-24,1,15,1.0
1651825024,-24,1,15,0.0
1651825026,-26,1,18,1.5
1651825028,-26,1,18,0.0
1651825030,-26,1,18,0.0
1651825032,-27,1,21,1.5
1651825034,-25,1,16,-2.5
1651825036,-24,4,15,-0.5
1651825038,-26,4,18,1.5
1651825040,-27,1,21,1.5
1651825042,-21,1,10,-5.5
1651825044,-28,1,23,6.5
1651825046,-27,14,21,-1.0
1651825048,-25,1,16,-2.5
1651825050,-26,7,18,1.0
1651825052,-33,9,41,11.5
1651825054,-25,1,16,-12.5
1651825056,-26,1,18,1.0
1651825058,-21,1,10,-4.0
1651825060,-26,8,18,4.0
1651825062,-27,2,21,1.5
1651825064,-27,3,21,0.0
1651825066,-27,2,21,0.0
1651825068,-26,2,18,-1.5
1651825070,-26,8,18,0.0
1651825072,-26,2,18,0.0
1651825074,-25,2,16,-1.0
1651825076,-26,2,18,1.0
1651825078,-26,8,18,0.0
1651825080,-27,8,21,1.5
1651825082,-26,1,18,-1.5
1651825084,-28,1,23,2.5
1651825086,-26,2,18,-2.5
1651825088,-25,1,16,-1.0
1651825090,-27,2,21,2.5
1651825092,-26,2,18,-1.5
1651825094,-26,2,18,0.0
1651825096,-26,2,18,0.0
1651825098,-27,15,21,1.5
1651825100,-26,4,18,-1.5
1651825102,-26,2,18,0.0
1651825104,-26,4,18,0.0
1651825106,-26,2,18,0.0
1651825108,-25,2,16,-1.0
1651825110,-26,1,18,1.0
1651825112,-25,1,16,-1.0
1651825114,-26,6,18,1.0
1651825116,-26,2,18,0.0
1651825118,-24,2,15,-1.5
1651825120,-28,1,23,4.0
1651825122,-27,1,21,-1.0
1651825124,-26,1,18,-1.5
1651825126,-25,2,16,-1.0
1651825128,-26,1,18,1.0
1651825130,-27,1,21,1.5
1651825132,-25,1,16,-2.5
1651825134,-24,1,15,-0.5
1651825136,-24,1,15,0.0
1651825138,-25,2,16,0.5
1651825140,-25,2,16,0.0
1651825142,-27,2,21,2.5
1651825144,-26,2,18,-1.5
1651825146,-28,4,23,2.5
1651825148,-26,3,18,-2.5
1651825150,-25,3,16,-1.0
1651825152,-28,3,23,3.5
1651825154,-27,3,21,-1.0
1651825156,-29,2,26,2.5
1651825158,-28,7,23,-1.5
1651825160,-29,7,26,1.5
1651825162,-28,7,23,-1.5
1651825164,-29,7,26,1.5
1651825166,-30,7,29,1.5
1651825168,-28,7,23,-3.0
1651825170,-28,7,23,0.0
1651825172,-29,4,26,1.5
1651825174,-27,4,21,-2.5
1651825176,-30,4,29,4.0
1651825178,-30,7,29,0.0
1651825180,-28,7,23,-3.0
1651825182,-28,7,23,0.0
1651825184,-28,7,23,0.0
1651825186,-28,7,23,0.0
1651825188,-27,7,21,-1.0
1651825190,-29,7,26,2.5
1651825192,-30,7,29,1.5
1651825194,-28,7,23,-3.0
1651825196,-30,7,29,3.0
1651825198,-28,7,23,-3.0
1651825200,-30,7,29,3.0
1651825202,-28,4,23,-3.0
1651825204,-30,7,29,3.0
1651825206,-29,7,26,-1.5
1651825208,-29,7,26,0.0
1651825210,-28,6,23,-1.5
1651825212,-28,7,23,0.0
1651825214,-26,6,18,-2.5
1651825216,-28,4,23,2.5
1651825218,-28,4,23,0.0
1651825220,-29,4,26,1.5
1651825222,-28,4,23,-1.5
1651825224,-28,7,23,0.0
1651825226,-27,7,21,-1.0
1651825228,-29,7,26,2.5
1651825230,-30,7,29,1.5
1651825232,-29,13,26,-1.5
1651825234,-29,7,26,0.0
1651825236,-29,7,26,0.0
1651825238,-27,4,21,-2.5
1651825240,-29,6,26,2.5
1651825242,-29,6,26,0.0
1651825244,-35,4,52,13.0
1651825246,-30,4,29,-11.5
1651825248,-36,4,58,14.5
1651825250,-34,6,46,-6.0
1651825252,-44,6,146,50.0
1651825254,-45,6,164,9.0
1651825256,-44,4,146,-9.0
1651825258,-46,4,184,19.0
1651825260,-47,6,206,11.0
1651825262,-49,12,259,26.5
1651825264,-49,5,259,0.0
1651825266,-44,5,146,-56.5
1651825268,-48,6,231,42.5
1651825270,-47,13,206,-12.5
1651825272,-51,12,326,60.0
1651825274,-44,4,146,-90.0
1651825276,-52,4,366,110.0
1651825278,-54,4,461,47.5
1651825280,-46,6,184,-138.5
1651825282,-52,6,366,91.0
1651825284,-52,6,366,0.0
1651825286,-53,7,411,22.5
1651825288,-53,7,411,0.0
1651825290,-54,7,461,25.0
1651825292,-49,6,259,-101.0
1651825294,-51,6,326,33.5
1651825296,-51,6,326,0.0
1651825298,-52,7,366,20.0
1651825300,-52,7,366,0.0
1651825302,-54,7,461,47.5
1651825304,-49,7,259,-101.0
1651825306,-46,7,184,-37.5
1651825308,-46,7,184,0.0
1651825310,-45,7,164,-10.0
1651825312,-48,7,231,33.5
1651825314,-41,7,103,-64.0
1651825316,-36,7,58,-22.5
1651825318,-38,7,73,7.5
1651825320,-47,7,206,66.5
1651825322,-48,7,231,12.5
1651825324,-46,7,184,-23.5
1651825326,-51,7,326,71.0
1651825328,-49,7,259,-33.5
1651825330,-48,6,231,-14.0
1651825332,-47,6,206,-12.5
1651825334,-50,6,291,42.5
1651825336,-51,6,326,17.5
1651825338,-47,6,206,-60.0
1651825340,-51,6,326,60.0
1651825342,-48,6,231,-47.5
1651825344,-50,6,291,30.0
1651825346,-52,6,366,37.5
1651825348,-56,6,580,107.0
1651825350,-56,13,580,0.0
1651825352,-50,6,291,-144.5
1651825354,-51,6,326,17.5
1651825356,-50,5,291,-17.5
1651825358,-48,5,231,-30.0
1651825360,-48,5,231,0.0
1651825362,-48,5,231,0.0
1651825364,-49,5,259,14.0
1651825366,-51,7,326,33.5
1651825368,-49,5,259,-33.5
1651825370,-53,5,411,76.0
1651825372,-46,10,184,-113.5
1651825374,-48,5,231,23.5
1651825376,-47,5,206,-12.5
1651825378,-50,7,291,42.5
1651825380,-52,7,366,37.5
1651825382,-55,7,517,75.5
1651825384,-48,7,231,-143.0
1651825386,-79,7,8198,3983.5
1651825388,-51,7,326,-3936.0
1651825390,-50,7,291,-17.5
1651825392,-48,7,231,-30.0
1651825394,-48,7,231,0.0
1651825396,-51,7,326,47.5
1651825398,-51,7,326,0.0
1651825400,-54,7,461,67.5
1651825402,-47,7,206,-127.5
1651825404,-55,7,517,155.5
1651825406,-53,4,411,-53.0
1651825408,-47,5,206,-102.5
1651825410,-55,5,517,155.5
1651825412,-51,5,326,-95.5
1651825414,-52,5,366,20.0
1651825416,-51,5,326,-20.0
1651825418,-49,5,259,-33.5
1651825420,-49,5,259,0.0
1651825422,-52,5,366,53.5
1651825424,-51,5,326,-20.0
1651825426,-52,5,366,20.0
1651825428,-48,5,231,-67.5
1651825430,-49,6,259,14.0
1651825432,-53,6,411,76.0
1651825434,-47,9,206,-102.5
1651825436,-49,6,259,26.5
1651825438,-49,6,259,0.0
1651825440,-52,6,366,53.5
1651825442,-50,6,291,-37.5
1651825444,-49,6,259,-16.0
1651825446,-53,6,411,76.0
1651825448,-46,6,184,-113.5
1651825450,-51,6,326,71.0
1651825452,-47,6,206,-60.0
1651825454,-47,6,206,0.0
1651825456,-51,6,326,60.0
1651825458,-48,6,231,-47.5
1651825460,-47,7,206,-12.5
1651825462,-46,7,184,-11.0
1651825464,-50,7,291,53.5
1651825466,-50,7,291,0.0
1651825468,-52,7,366,37.5
1651825470,-53,13,411,22.5
1651825472,-50,7,291,-60.0
1651825474,-54,7,461,85.0
1651825476,-49,7,259,-101.0
1651825478,-50,7,291,16.0
1651825480,-48,11,231,-30.0
1651825482,-48,7,231,0.0
1651825484,-50,7,291,30.0
1651825486,-51,7,326,17.5
1651825488,-53,7,411,42.5
1651825490,-50,7,291,-60.0
1651825492,-48,7,231,-30.0
1651825494,-50,7,291,30.0
1651825496,-53,7,411,60.0
1651825498,-51,7,326,-42.5
1651825500,-49,7,259,-33.5
1651825502,-48,7,231,-14.0
1651825504,-48,7,231,0.0
1651825506,-49,7,259,14.0
1651825508,-51,7,326,33.5
1651825510,-53,7,411,42.5
1651825512,-57,7,651,120.0
1651825514,-58,7,731,40.0
1651825516,-60,7,920,94.5
1651825518,-59,5,820,-50.0
1651825520,-57,6,651,-84.5
1651825522,-55,6,517,-67.0
1651825524,-55,6,517,0.0
1651825526,-51,6,326,-95.5
1651825528,-57,6,651,162.5
1651825530,-57,4,651,0.0
1651825580,-19,0,8,-12.9
1651825582,-20,0,9,0.5
1651825584,-18,0,7,-1.0
1651825586,-20,0,9,1.0
1651825588,-18,0,7,-1.0
1651825590,-21,0,10,1.5
1651825592,-18,0,7,-1.5
1651825594,-19,0,8,0.5
1651825596,-18,0,7,-0.5
1651825598,-19,0,8,0.5
1651825600,-20,0,9,0.5
1651825603,-19,0,8,-0.3
1651825605,-19,0,8,0.0
1651825607,-17,0,7,-0.5
1651825609,-18,5,7,0.0
1651825611,-29,10,26,9.5
1651825613,-28,10,23,-1.5
1651825615,-31,10,33,5.0
1651825617,-29,10,26,-3.5
1651825619,-29,6,26,0.0
1651825621,-29,6,26,0.0
1651825623,-28,12,23,-1.5
1651825625,-28,6,23,0.0
1651825627,-30,12,29,3.0
1651825629,-37,12,65,18.0
1651825631,-24,12,15,-25.0
1651825633,-30,6,29,7.0
1651825635,-27,6,21,-4.0
1651825637,-29,6,26,2.5
1651825639,-28,7,23,-1.5
1651825641,-29,6,26,1.5
1651825643,-27,6,21,-2.5
1651825645,-30,6,29,4.0
1651825647,-29,7,26,-1.5
1651825649,-29,7,26,0.0
1651825651,-27,11,21,-2.5
1651825653,-26,6,18,-1.5
1651825655,-27,6,21,1.5
1651825657,-27,6,21,0.0
1651825659,-20,6,9,-6.0
1651825661,-24,7,15,3.0
1651825663,-29,7,26,5.5
1651825665,-27,7,21,-2.5
1651825667,-27,7,21,0.0
1651825669,-31,7,33,6.0
1651825671,-30,7,29,-2.0
1651825673,-26,7,18,-5.5
1651825675,-29,4,26,4.0
1651825677,-29,7,26,0.0
1651825679,-29,7,26,0.0
1651825681,-30,7,29,1.5
1651825683,-27,7,21,-4.0
1651825685,-28,7,23,1.0
1651825687,-31,7,33,5.0
1651825689,-28,7,23,-5.0
1651825691,-29,7,26,1.5
1651825693,-28,7,23,-1.5
1651825695,-33,7,41,9.0
1651825697,-27,7,21,-10.0
1651825699,-26,7,18,-1.5
1651825701,-31,7,33,7.5
1651825703,-28,7,23,-5.0
1651825705,-30,7,29,3.0
1651825707,-29,7,26,-1.5
1651825709,-25,7,16,-5.0
1651825711,-28,14,23,3.5
1651825713,-32,7,37,7.0
1651825715,-31,7,33,-2.0
1651825717,-29,7,26,-3.5
1651825719,-30,7,29,1.5
1651825721,-29,7,26,-1.5
1651825723,-29,6,26,0.0
1651825725,-27,6,21,-2.5
1651825727,-31,4,33,6.0
1651825729,-30,5,29,-2.0
1651825731,-33,7,41,6.0
1651825733,-29,4,26,-7.5
1651825735,-30,6,29,1.5
1651825737,-26,6,18,-5.5
1651825739,-28,6,23,2.5
1651825741,-32,7,37,7.0
1651825743,-31,7,33,-2.0
1651825745,-31,7,33,0.0
1651825747,-31,5,33,0.0
1651825749,-28,7,23,-5.0
1651825751,-29,7,26,1.5
1651825753,-28,5,23,-1.5
1651825755,-30,6,29,3.0
1651825757,-29,14,26,-1.5
1651825759,-32,6,37,5.5
1651825761,-27,6,21,-8.0
1651825763,-30,5,29,4.0
1651825765,-29,4,26,-1.5
1651825767,-28,5,23,-1.5
1651825769,-31,10,33,5.0
1651825771,-30,5,29,-2.0
1651825773,-29,7,26,-1.5
1651825775,-29,7,26,0.0
1651825777,-34,5,46,10.0
1651825779,-24,6,15,-15.5
1651825781,-33,7,41,13.0
1651825783,-76,6,5804,2881.5
1651825785,-35,7,52,-2876.0
1651825787,-26,12,18,-17.0
1651825789,-23,11,13,-2.5
1651825791,-38,15,73,30.0
1651825793,-33,14,41,-16.0
1651825795,-36,7,58,8.5
1651825797,-26,7,18,-20.0
1651825799,-34,10,46,14.0
1651825801,-35,7,52,3.0
1651825803,-32,10,37,-7.5
1651825805,-32,4,37,0.0
1651825807,-32,6,37,0.0
1651825809,-30,7,29,-4.0
1651825811,-32,7,37,4.0
1651825813,-29,7,26,-5.5
1651825815,-32,12,37,5.5
1651825817,-31,7,33,-2.0
1651825819,-39,4,82,24.5
1651825821,-33,10,41,-20.5
1651825823,-36,11,58,8.5
1651825825,-35,11,52,-3.0
1651825827,-30,7,29,-11.5
1651825829,-34,7,46,8.5
1651825831,-28,7,23,-11.5
1651825833,-32,7,37,7.0
1651825835,-34,6,46,4.5
1651825837,-27,6,21,-12.5
1651825839,-32,15,37,8.0
1651825841,-34,12,46,4.5
1651825843,-34,7,46,0.0
1651825845,-36,12,58,6.0
1651825847,-30,5,29,-14.5
1651825849,-31,11,33,2.0
1651825851,-30,5,29,-2.0
1651825853,-31,7,33,2.0
1651825855,-30,5,29,-2.0
1651825857,-34,6,46,8.5
1651825859,-30,7,29,-8.5
1651825861,-32,7,37,4.0
1651825863,-30,7,29,-4.0
1651825865,-31,10,33,2.0
1651825867,-37,4,65,16.0
1651825869,-31,5,33,-16.0
1651825871,-33,11,41,4.0
1651825873,-32,7,37,-2.0
1651825875,-34,7,46,4.5
1651825877,-31,12,33,-6.5
1651825879,-31,5,33,0.0
1651825881,-29,12,26,-3.5
1651825883,-30,12,29,1.5
1651825885,-32,13,37,4.0
1651825887,-34,13,46,4.5
1651825889,-34,6,46,0.0
1651825891,-30,13,29,-8.5
1651825893,-30,13,29,0.0
1651825895,-31,12,33,2.0
1651825897,-34,13,46,6.5
1651825899,-29,15,26,-10.0
1651825901,-33,7,41,7.5
1651825903,-35,14,52,5.5
1651825905,-39,14,82,15.0
1651825907,-31,15,33,-24.5
1651825909,-34,15,46,6.5
1651825911,-34,6,46,0.0
1651825913,-36,14,58,6.0
1651825915,-34,14,46,-6.0
1651825917,-30,15,29,-8.5
1651825919,-35,15,52,11.5
1651825921,-35,15,52,0.0
1651825923,-27,14,21,-15.5
1651825925,-27,14,21,0.0
1651825927,-33,7,41,10.0
1651825929,-32,12,37,-2.0
1651825931,-31,14,33,-2.0
1651825933,-31,13,33,0.0
1651825935,-32,14,37,2.0
1651825937,-30,13,29,-4.0
1651825939,-31,12,33,2.0
1651825941,-31,15,33,0.0
1651825943,-28,15,23,-5.0
1651825945,-39,14,82,29.5
1651825947,-30,14,29,-26.5
1651825949,-31,13,33,2.0
1651825951,-32,11,37,2.0
1651825953,-30,7,29,-4.0
1651825955,-32,7,37,4.0
1651825957,-37,13,65,14.0
1651825959,-30,7,29,-18.0
1651825961,-36,13,58,14.5
1651825963,-37,13,65,3.5
1651825965,-23,15,13,-26.0
1651825967,-27,14,21,4.0
1651825969,-33,12,41,10.0
1651825971,-33,12,41,0.0
1651825973,-30,5,29,-6.0
1651825975,-34,14,46,8.5
1651825977,-30,12,29,-8.5
1651825979,-29,15,26,-1.5
1651825981,-29,15,26,0.0
1651825983,-30,7,29,1.5
1651825985,-31,15,33,2.0
1651825987,-31,15,33,0.0
1651825989,-33,15,41,4.0
1651825991,-32,4,37,-2.0
1651825993,-31,14,33,-2.0
1651825995,-35,12,52,9.5
1651825997,-30,13,29,-11.5
1651825999,-28,15,23,-3.0
1651826001,-34,13,46,11.5
1651826003,-33,13,41,-2.5
1651826005,-22,12,12,-14.5
1651826007,-35,12,52,20.0
1651826009,-30,12,29,-11.5
1651826011,-34,12,46,8.5
1651826013,-34,11,46,0.0
1651826015,-32,12,37,-4.5
1651826017,-33,13,41,2.0
1651826019,-32,12,37,-2.0
1651826021,-32,7,37,0.0
1651826023,-32,13,37,0.0
1651826025,-31,15,33,-2.0
1651826027,-30,7,29,-2.0
1651826029,-36,5,58,14.5
1651826031,-30,15,29,-14.5
1651826033,-29,15,26,-1.5
1651826035,-31,6,33,3.5
1651826037,-28,15,23,-5.0
1651826039,-33,12,41,9.0
1651826041,-38,12,73,16.0
1651826043,-30,12,29,-22.0
1651826045,-37,12,65,18.0
1651826047,-37,7,65,0.0
1651826049,-33,14,41,-12.0
1651826051,-34,14,46,2.5
1651826053,-23,5,13,-16.5
1651826055,-37,14,65,26.0
1651826057,-34,14,46,-9.5
1651826059,-35,13,52,3.0
1651826061,-37,14,65,6.5
1651826063,-24,11,15,-25.0
1651826065,-34,11,46,15.5
1651826067,-31,11,33,-6.5
1651826069,-40,11,92,29.5
1651826071,-35,14,52,-20.0
1651826073,-30,12,29,-11.5
1651826075,-27,11,21,-4.0
1651826077,-31,12,33,6.0
1651826079,-31,11,33,0.0
1651826081,-33,6,41,4.0
1651826083,-37,14,65,12.0
1651826085,-32,15,37,-14.0
1651826087,-25,15,16,-10.5
1651826089,-34,7,46,15.0
1651826091,-30,14,29,-8.5
1651826093,-36,6,58,14.5
1651826095,-30,6,29,-14.5
1651826097,-30,14,29,0.0
1651826099,-32,14,37,4.0
1651826101,-28,15,23,-7.0
1651826103,-31,4,33,5.0
1651826105,-34,5,46,6.5
1651826107,-29,5,26,-10.0
1651826109,-31,5,33,3.5
1651826111,-35,7,52,9.5
1651826113,-33,15,41,-5.5
1651826115,-31,15,33,-4.0
1651826117,-32,11,37,2.0
1651826119,-38,5,73,18.0
1651826121,-29,5,26,-23.5
1651826123,-31,5,33,3.5
1651826125,-32,5,37,2.0
1651826127,-33,5,41,2.0
1651826129,-39,14,82,20.5
1651826131,-29,14,26,-28.0
1651826133,-37,12,65,19.5
1651826135,-33,12,41,-12.0
1651826137,-31,7,33,-4.0
1651826139,-30,12,29,-2.0
1651826141,-31,5,33,2.0
1651826143,-35,15,52,9.5
1651826145,-34,6,46,-3.0
1651826147,-34,15,46,0.0
1651826149,-30,13,29,-8.5
1651826151,-33,14,41,6.0
1651826153,-31,7,33,-4.0
1651826155,-34,15,46,6.5
1651826157,-33,13,41,-2.5
1651826159,-34,13,46,2.5
1651826161,-29,14,26,-10.0
1651826163,-30,14,29,1.5
1651826165,-32,12,37,4.0
1651826167,-30,15,29,-4.0
1651826169,-31,14,33,2.0
1651826171,-34,13,46,6.5
1651826173,-37,5,65,9.5
1651826175,-34,13,46,-9.5
1651826177,-40,5,92,23.0
1651826179,-29,11,26,-33.0
1651826181,-33,12,41,7.5
1651826183,-36,12,58,8.5
1651826185,-31,12,33,-12.5
1651826187,-32,7,37,2.0
1651826189,-29,7,26,-5.5
1651826191,-30,7,29,1.5
1651826193,-33,12,41,6.0
1651826195,-29,7,26,-7.5
1651826197,-33,7,41,7.5
1651826199,-31,6,33,-4.0
1651826201,-34,7,46,6.5
1651826203,-34,13,46,0.0
1651826205,-35,13,52,3.0
1651826207,-30,13,29,-11.5
1651826209,-34,14,46,8.5
1651826211,-34,13,46,0.0
1651826213,-36,11,58,6.0
1651826215,-32,10,37,-10.5
1651826217,-30,12,29,-4.0
1651826219,-38,7,73,22.0
1651826221,-33,12,41,-16.0
1651826223,-27,12,21,-10.0
1651826225,-36,15,58,18.5
1651826227,-31,13,33,-12.5
1651826229,-40,12,92,29.5
1651826231,-33,13,41,-25.5
1651826233,-31,13,33,-4.0
1651826235,-40,12,92,29.5
1651826237,-38,6,73,-9.5
1651826239,-31,6,33,-20.0
1651826241,-31,5,33,0.0
1651826243,-30,15,29,-2.0
1651826245,-31,15,33,2.0
1651826247,-31,12,33,0.0
1651826249,-30,6,29,-2.0
1651826251,-31,6,33,2.0
1651826253,-29,12,26,-3.5
1651826255,-30,10,29,1.5
1651826257,-31,13,33,2.0
1651826259,-35,13,52,9.5
1651826261,-32,14,37,-7.5
1651826263,-34,14,46,4.5
1651826265,-31,15,33,-6.5
1651826267,-34,13,46,6.5
1651826269,-32,15,37,-4.5
1651826271,-35,7,52,7.5
1651826273,-30,6,29,-11.5
1651826275,-39,7,82,26.5
1651826277,-34,13,46,-18.0
1651826279,-32,12,37,-4.5
1651826281,-39,12,82,22.5
1651826283,-38,12,73,-4.5
1651826285,-30,13,29,-22.0
1651826287,-30,13,29,0.0
1651826289,-31,13,33,2.0
1651826291,-30,13,29,-2.0
1651826293,-33,12,41,6.0
1651826295,-32,13,37,-2.0
1651826297,-31,13,33,-2.0
1651826299,-37,13,65,16.0
1651826301,-32,4,37,-14.0
1651826303,-33,6,41,2.0
1651826305,-31,12,33,-4.0
1651826307,-30,12,29,-2.0
1651826309,-31,5,33,2.0
1651826311,-31,5,33,0.0
1651826313,-32,13,37,2.0
1651826315,-32,13,37,0.0
1651826317,-35,13,52,7.5
1651826319,-34,15,46,-3.0
1651826321,-30,13,29,-8.5
1651826323,-30,14,29,0.0
1651826325,-32,14,37,4.0
1651826327,-30,7,29,-4.0
1651826329,-36,12,58,14.5
1651826331,-35,12,52,-3.0
1651826333,-34,12,46,-3.0
1651826335,-34,12,46,0.0
1651826337,-27,13,21,-12.5
1651826339,-34,14,46,12.5
1651826341,-35,14,52,3.0
1651826343,-35,14,52,0.0
1651826345,-29,12,26,-13.0
1651826347,-32,13,37,5.5
1651826349,-30,7,29,-4.0
1651826351,-35,12,52,11.5
1651826353,-34,15,46,-3.0
1651826355,-30,12,29,-8.5
1651826357,-35,14,52,11.5
1651826359,-32,13,37,-7.5
1651826361,-29,4,26,-5.5
1651826363,-28,10,23,-1.5
1651826365,-30,10,29,3.0
1651826367,-31,3,33,2.0
1651826369,-28,3,23,-5.0
1651826371,-27,7,21,-1.0
1651826373,-22,7,12,-4.5
1651826375,-29,7,26,7.0
1651826377,-33,7,41,7.5
1651826379,-33,7,41,0.0
1651826381,-35,7,52,5.5
1651826383,-29,14,26,-13.0
1651826385,-29,6,26,0.0
1651826387,-30,5,29,1.5
1651826389,-28,5,23,-3.0
1651826391,-29,5,26,1.5
1651826393,-28,7,23,-1.5
1651826395,-29,12,26,1.5
1651826397,-31,5,33,3.5
1651826399,-30,7,29,-2.0
1651826401,-30,5,29,0.0
1651826403,-30,5,29,0.0
1651826405,-29,7,26,-1.5
1651826407,-31,5,33,3.5
1651826409,-29,5,26,-3.5
1651826411,-33,10,41,7.5
1651826413,-30,10,29,-6.0
1651826415,-27,2,21,-4.0
1651826417,-29,9,26,2.5
1651826419,-30,9,29,1.5
1651826421,-31,9,33,2.0
1651826423,-32,3,37,2.0
1651826425,-33,11,41,2.0
1651826427,-28,4,23,-9.0
1651826429,-31,4,33,5.0
1651826431,-29,4,26,-3.5
1651826433,-29,4,26,0.0
1651826435,-28,11,23,-1.5
1651826437,-33,9,41,9.0
1651826439,-31,7,33,-4.0
1651826441,-31,7,33,0.0
1651826443,-32,12,37,2.0
1651826445,-32,12,37,0.0
1651826447,-31,7,33,-2.0
1651826449,-27,7,21,-6.0
1651826451,-32,7,37,8.0
1651826453,-31,7,33,-2.0
1651826455,-33,7,41,4.0
1651826457,-32,7,37,-2.0
1651826459,-30,7,29,-4.0
1651826461,-29,6,26,-1.5
1651826463,-28,6,23,-1.5
1651826465,-30,7,29,3.0
1651826467,-28,7,23,-3.0
1651826469,-32,5,37,7.0
1651826471,-28,5,23,-7.0
1651826473,-32,6,37,7.0
1651826475,-32,6,37,0.0
1651826477,-30,5,29,-4.0
1651826479,-30,5,29,0.0
1651826481,-31,5,33,2.0
1651826483,-31,5,33,0.0
1651826485,-28,5,23,-5.0
1651826487,-30,13,29,3.0
1651826489,-29,7,26,-1.5
1651826491,-31,7,33,3.5
1651826493,-30,7,29,-2.0
1651826495,-30,7,29,0.0
1651826497,-33,7,41,6.0
1651826499,-29,4,26,-7.5
1651826501,-28,7,23,-1.5
1651826503,-28,7,23,0.0
1651826505,-33,7,41,9.0
1651826507,-30,6,29,-6.0
1651826509,-32,7,37,4.0
1651826511,-28,6,23,-7.0
1651826513,-28,5,23,0.0
1651826515,-30,7,29,3.0
1651826517,-30,7,29,0.0
1651826519,-35,7,52,11.5
1651826521,-27,5,21,-15.5
1651826523,-29,7,26,2.5
1651826525,-27,4,21,-2.5
1651826527,-33,4,41,10.0
1651826529,-32,5,37,-2.0
1651826531,-33,5,41,2.0
1651826533,-27,6,21,-10.0
1651826535,-30,5,29,4.0
1651826537,-29,11,26,-1.5
1651826539,-29,7,26,0.0
1651826541,-26,5,18,-4.0
1651826543,-29,7,26,4.0
1651826545,-37,7,65,19.5
1651826547,-34,7,46,-9.5
1651826549,-31,7,33,-6.5
1651826551,-22,5,12,-10.5
1651826553,-30,5,29,8.5
1651826555,-31,7,33,2.0
1651826557,-28,7,23,-5.0
1651826559,-28,5,23,0.0
1651826561,-29,6,26,1.5
1651826563,-28,12,23,-1.5
1651826565,-25,7,16,-3.5
1651826567,-28,6,23,3.5
1651826569,-31,6,33,5.0
1651826571,-28,5,23,-5.0
1651826573,-29,9,26,1.5
1651826575,-29,10,26,0.0
1651826577,-28,6,23,-1.5
1651826579,-28,6,23,0.0
1651826581,-29,6,26,1.5
1651826583,-29,10,26,0.0
1651826585,-29,7,26,0.0
1651826587,-29,13,26,0.0
1651826589,-28,6,23,-1.5
1651826591,-30,5,29,3.0
1651826593,-29,5,26,-1.5
1651826595,-29,6,26,0.0
1651826597,-25,7,16,-5.0
1651826599,-27,7,21,2.5
1651826601,-30,6,29,4.0
1651826603,-29,4,26,-1.5
1651826605,-33,5,41,7.5
1651826607,-29,10,26,-7.5
1651826609,-28,7,23,-1.5
1651826611,-31,7,33,5.0
1651826613,-33,7,41,4.0
1651826615,-29,7,26,-7.5
1651826617,-29,7,26,0.0
1651826619,-27,6,21,-2.5
1651826621,-29,10,26,2.5
1651826623,-29,10,26,0.0
1651826625,-31,7,33,3.5
1651826627,-31,6,33,0.0
1651826629,-31,12,33,0.0
1651826631,-31,5,33,0.0
1651826633,-31,10,33,0.0
1651826635,-27,5,21,-6.0
1651826637,-31,4,33,6.0
1651826639,-40,7,92,29.5
1651826641,-39,7,82,-5.0
1651826643,-35,12,52,-15.0
1651826645,-36,7,58,3.0
1651826647,-36,5,58,0.0
1651826649,-41,6,103,22.5
1651826651,-44,5,146,21.5
1651826653,-46,6,184,19.0
1651826655,-43,10,130,-27.0
1651826657,-42,5,116,-7.0
1651826659,-44,6,146,15.0
1651826661,-46,7,184,19.0
1651826663,-45,4,164,-10.0
1651826665,-48,6,231,33.5
1651826667,-46,6,184,-23.5
1651826669,-46,6,184,0.0
1651826671,-44,6,146,-19.0
1651826673,-50,5,291,72.5
1651826675,-45,7,164,-63.5
1651826677,-44,7,146,-9.0
1651826679,-45,5,164,9.0
1651826681,-42,5,116,-24.0
1651826683,-39,7,82,-17.0
1651826685,-39,7,82,0.0
1651826687,-40,7,92,5.0
1651826689,-38,6,73,-9.5
1651826691,-39,6,82,4.5
1651826693,-39,5,82,0.0
1651826695,-33,5,41,-20.5
1651826697,-40,6,92,25.5
1651826699,-40,7,92,0.0
1651826701,-35,7,52,-20.0
1651826703,-40,7,92,20.0
1651826705,-37,6,65,-13.5
1651826707,-36,5,58,-3.5
1651826709,-37,6,65,3.5
1651826711,-36,12,58,-3.5
1651826713,-39,12,82,12.0
1651826715,-39,12,82,0.0
1651826717,-38,5,73,-4.5
1651826719,-37,11,65,-4.0
1651826721,-38,9,73,4.0
1651826723,-42,7,116,21.5
1651826725,-43,13,130,7.0
1651826727,-40,7,92,-19.0
1651826729,-39,7,82,-5.0
1651826731,-38,7,73,-4.5
1651826733,-45,7,164,45.5
1651826735,-45,7,164,0.0
1651826737,-47,7,206,21.0
1651826739,-45,7,164,-21.0
1651826741,-40,6,92,-36.0
1651826743,-46,6,184,46.0
1651826745,-42,12,116,-34.0
1651826747,-46,6,184,34.0
1651826749,-46,7,184,0.0
1651826751,-47,5,206,11.0
1651826753,-50,5,291,42.5
1651826755,-47,5,206,-42.5
1651826757,-49,7,259,26.5
1651826759,-51,4,326,33.5
1651826761,-47,6,206,-60.0
1651826763,-41,6,103,-51.5
1651826765,-49,6,259,78.0
1651826767,-51,6,326,33.5
1651826769,-52,5,366,20.0
1651826772,-47,7,206,-53.3
1651826774,-41,7,103,-51.5
1651826776,-48,6,231,64.0
1651826778,-47,6,206,-12.5
1651826780,-49,7,259,26.5
1651826782,-47,7,206,-26.5
1651826784,-48,7,231,12.5
1651826786,-45,7,164,-33.5
1651826788,-44,7,146,-9.0
1651826790,-42,7,116,-15.0
1651826792,-50,7,291,87.5
1651826794,-48,12,231,-30.0
1651826796,-47,5,206,-12.5
1651826798,-39,5,82,-62.0
1651826800,-30,5,29,-26.5
1651826802,-38,6,73,22.0
1651826804,-38,7,73,0.0
1651826806,-33,6,41,-16.0
1651826808,-30,7,29,-6.0
1651826810,-30,5,29,0.0
1651826812,-28,5,23,-3.0
1651826814,-35,7,52,14.5
1651826816,-28,7,23,-14.5
1651826818,-28,7,23,0.0
1651826820,-30,7,29,3.0
1651826822,-31,6,33,2.0
1651826824,-29,13,26,-3.5
1651826826,-31,5,33,3.5
1651826828,-28,11,23,-5.0
1651826830,-29,7,26,1.5
1651826832,-32,7,37,5.5
1651826834,-39,6,82,22.5
1651826836,-34,7,46,-18.0
1651826838,-34,12,46,0.0
1651826840,-27,5,21,-12.5
1651826842,-34,5,46,12.5
1651826844,-30,5,29,-8.5
1651826846,-30,7,29,0.0
1651826848,-27,7,21,-4.0
1651826850,-30,4,29,4.0
1651826852,-31,5,33,2.0
1651826854,-28,5,23,-5.0
1651826856,-31,7,33,5.0
1651826858,-29,7,26,-3.5
1651826860,-28,7,23,-1.5
1651826862,-34,7,46,11.5
1651826864,-30,6,29,-8.5
1651826866,-29,5,26,-1.5
1651826868,-30,7,29,1.5
1651826870,-31,5,33,2.0
1651826872,-29,4,26,-3.5
1651826874,-29,11,26,0.0
1651826876,-30,7,29,1.5
1651826878,-32,6,37,4.0
1651826880,-29,6,26,-5.5
1651826882,-30,11,29,1.5
1651826884,-28,7,23,-3.0
1651826886,-29,7,26,1.5
1651826888,-28,7,23,-1.5
1651826890,-31,5,33,5.0
1651826892,-29,5,26,-3.5
1651826894,-28,7,23,-1.5
1651826896,-29,7,26,1.5
1651826898,-29,6,26,0.0
1651826900,-28,11,23,-1.5
1651826902,-29,5,26,1.5
1651826904,-26,7,18,-4.0
1651826906,-31,7,33,7.5
1651826908,-29,7,26,-3.5
1651826910,-29,6,26,0.0
1651826912,-25,7,16,-5.0
1651826914,-31,6,33,8.5
1651826916,-28,6,23,-5.0
1651826918,-27,6,21,-1.0
1651826920,-26,6,18,-1.5
1651826922,-32,6,37,9.5
1651826924,-29,6,26,-5.5
1651826926,-31,6,33,3.5
1651826928,-27,6,21,-6.0
1651826930,-31,6,33,6.0
1651826932,-29,6,26,-3.5
1651826934,-27,5,21,-2.5
1651826936,-28,7,23,1.0
1651826938,-29,7,26,1.5
1651826940,-33,11,41,7.5
1651826942,-28,5,23,-9.0
1651826944,-28,5,23,0.0
1651826946,-28,5,23,0.0
1651826948,-31,5,33,5.0
1651826950,-28,6,23,-5.0
1651826952,-28,7,23,0.0
1651826954,-31,6,33,5.0
1651826956,-30,6,29,-2.0
1651826958,-30,6,29,0.0
1651826960,-28,6,23,-3.0
1651826962,-30,7,29,3.0
1651826964,-30,6,29,0.0
1651826966,-30,6,29,0.0
1651826968,-29,6,26,-1.5
1651826970,-25,5,16,-5.0
1651826972,-31,7,33,8.5
1651826974,-26,6,18,-7.5
1651826976,-31,7,33,7.5
1651826978,-28,7,23,-5.0
1651826980,-25,6,16,-3.5
1651826982,-29,11,26,5.0
1651826984,-40,9,92,33.0
1651826986,-27,5,21,-35.5
1651826988,-29,5,26,2.5
1651826990,-29,5,26,0.0
1651826992,-28,5,23,-1.5
1651826994,-33,5,41,9.0
1651826996,-28,5,23,-9.0
1651826998,-30,13,29,3.0
1651827000,-29,6,26,-1.5
1651827002,-29,6,26,0.0
1651827004,-34,6,46,10.0
1651827006,-29,3,26,-10.0
1651827008,-29,5,26,0.0
1651827010,-28,6,23,-1.5
1651827012,-23,4,13,-5.0
1651827014,-30,6,29,8.0
1651827016,-30,7,29,0.0
1651827018,-35,7,52,11.5
1651827020,-28,7,23,-14.5
1651827022,-24,7,15,-4.0
1651827024,-28,7,23,4.0
1651827026,-30,5,29,3.0
1651827028,-29,5,26,-1.5
1651827030,-28,10,23,-1.5
1651827032,-29,10,26,1.5
1651827034,-27,10,21,-2.5
1651827036,-29,10,26,2.5
1651827038,-27,11,21,-2.5
1651827040,-30,10,29,4.0
1651827042,-33,7,41,6.0
1651827044,-31,6,33,-4.0
1651827046,-28,6,23,-5.0
1651827048,-31,7,33,5.0
1651827050,-30,7,29,-2.0
1651827052,-24,5,15,-7.0
1651827054,-34,6,46,15.5
1651827056,-26,4,18,-14.0
1651827058,-31,7,33,7.5
1651827060,-37,7,65,16.0
1651827062,-30,4,29,-18.0
1651827064,-36,9,58,14.5
1651827066,-29,7,26,-16.0
1651827068,-29,4,26,0.0
1651827070,-35,5,52,13.0
1651827072,-33,9,41,-5.5
1651827074,-29,10,26,-7.5
1651827076,-33,10,41,7.5
1651827078,-29,10,26,-7.5
1651827080,-33,11,41,7.5
1651827082,-33,5,41,0.0
1651827084,-27,6,21,-10.0
1651827086,-30,3,29,4.0
1651827088,-34,5,46,8.5
1651827090,-33,6,41,-2.5
1651827092,-28,7,23,-9.0
1651827094,-33,7,41,9.0
1651827096,-30,5,29,-6.0
1651827098,-33,5,41,6.0
1651827100,-29,7,26,-7.5
1651827102,-30,10,29,1.5
1651827104,-31,7,33,2.0
1651827106,-34,7,46,6.5
1651827108,-31,7,33,-6.5
1651827110,-28,4,23,-5.0
1651827112,-29,5,26,1.5
1651827114,-30,4,29,1.5
1651827116,-29,7,26,-1.5
1651827118,-30,7,29,1.5
1651827120,-31,7,33,2.0
1651827122,-29,6,26,-3.5
1651827124,-34,6,46,10.0
1651827126,-29,6,26,-10.0
1651827128,-30,7,29,1.5
1651827130,-30,5,29,0.0
1651827132,-37,5,65,18.0
1651827134,-29,5,26,-19.5
1651827136,-30,10,29,1.5
1651827138,-28,5,23,-3.0
1651827140,-33,6,41,9.0
1651827142,-30,5,29,-6.0
1651827144,-29,6,26,-1.5
1651827146,-34,6,46,10.0
1651827148,-28,6,23,-11.5
1651827150,-27,7,21,-1.0
1651827152,-23,10,13,-4.0
1651827154,-33,4,41,14.0
1651827156,-28,5,23,-9.0
1651827158,-34,6,46,11.5
1651827160,-29,7,26,-10.0
1651827162,-29,7,26,0.0
1651827164,-29,7,26,0.0
1651827166,-29,7,26,0.0
1651827168,-28,7,23,-1.5
1651827170,-30,7,29,3.0
1651827172,-34,7,46,8.5
1651827174,-31,7,33,-6.5
1651827176,-28,7,23,-5.0
1651827178,-28,5,23,0.0
1651827180,-33,6,41,9.0
1651827182,-26,4,18,-11.5
1651827184,-33,7,41,11.5
1651827186,-29,6,26,-7.5
1651827188,-33,6,41,7.5
1651827190,-32,6,37,-2.0
1651827192,-31,7,33,-2.0
1651827194,-36,7,58,12.5
1651827196,-34,7,46,-6.0
1651827198,-25,7,16,-15.0
1651827200,-35,5,52,18.0
1651827202,-29,7,26,-13.0
1651827204,-35,7,52,13.0
1651827206,-33,6,41,-5.5
1651827208,-30,6,29,-6.0
1651827210,-36,11,58,14.5
1651827212,-30,7,29,-14.5
1651827214,-30,7,29,0.0
1651827216,-32,6,37,4.0
1651827218,-29,7,26,-5.5
1651827220,-30,6,29,1.5
1651827222,-31,7,33,2.0
1651827224,-30,7,29,-2.0
1651827226,-36,7,58,14.5
1651827228,-36,6,58,0.0
1651827230,-31,7,33,-12.5
1651827232,-33,7,41,4.0
1651827234,-32,7,37,-2.0
1651827236,-29,6,26,-5.5
1651827238,-30,6,29,1.5
1651827240,-27,6,21,-4.0
1651827242,-34,7,46,12.5
1651827244,-37,7,65,9.5
1651827246,-23,5,13,-26.0
1651827248,-36,5,58,22.5
1651827250,-29,5,26,-16.0
1651827252,-30,10,29,1.5
1651827254,-29,10,26,-1.5
1651827256,-30,5,29,1.5
1651827258,-34,5,46,8.5
1651827260,-29,15,26,-10.0
1651827262,-41,5,103,38.5
1651827264,-32,10,37,-33.0
1651827266,-31,6,33,-2.0
1651827268,-35,7,52,9.5
1651827270,-34,7,46,-3.0
1651827272,-30,7,29,-8.5
1651827274,-34,6,46,8.5
1651827276,-28,6,23,-11.5
1651827278,-29,7,26,1.5
1651827280,-27,4,21,-2.5
1651827282,-28,5,23,1.0
1651827284,-31,5,33,5.0
1651827286,-30,7,29,-2.0
1651827288,-30,5,29,0.0
1651827290,-23,5,13,-8.0
1651827292,-36,3,58,22.5
1651827294,-35,4,52,-3.0
1651827296,-30,4,29,-11.5
1651827298,-30,4,29,0.0
1651827300,-29,5,26,-1.5
1651827302,-27,12,21,-2.5
1651827304,-29,6,26,2.5
1651827306,-32,2,37,5.5
1651827308,-36,10,58,10.5
1651827310,-29,9,26,-16.0
1651827312,-27,10,21,-2.5
1651827314,-30,5,29,4.0
1651827316,-34,5,46,8.5
1651827318,-33,5,41,-2.5
1651827320,-29,6,26,-7.5
1651827322,-30,6,29,1.5
1651827324,-31,6,33,2.0
1651827326,-35,6,52,9.5
1651827328,-30,6,29,-11.5
1651827330,-28,6,23,-3.0
1651827332,-35,9,52,14.5
1651827334,-35,4,52,0.0
1651827336,-36,9,58,3.0
1651827338,-34,4,46,-6.0
1651827340,-37,12,65,9.5
1651827342,-30,7,29,-18.0
1651827344,-30,7,29,0.0
1651827346,-34,7,46,8.5
1651827348,-29,7,26,-10.0
1651827350,-35,7,52,13.0
1651827352,-24,4,15,-18.5
1651827354,-36,5,58,21.5
1651827356,-36,7,58,0.0
1651827358,-34,6,46,-6.0
1651827360,-33,6,41,-2.5
1651827362,-26,6,18,-11.5
1651827364,-35,6,52,17.0
1651827366,-30,7,29,-11.5
1651827368,-28,12,23,-3.0
1651827370,-29,7,26,1.5
1651827372,-30,7,29,1.5
1651827374,-30,7,29,0.0
1651827376,-31,6,33,2.0
1651827378,-37,6,65,16.0
1651827380,-35,6,52,-6.5
1651827382,-31,7,33,-9.5
1651827384,-31,7,33,0.0
1651827386,-28,7,23,-5.0
1651827388,-29,11,26,1.5
1651827390,-35,6,52,13.0
1651827392,-30,11,29,-11.5
1651827394,-34,7,46,8.5
1651827396,-31,5,33,-6.5
1651827398,-34,10,46,6.5
1651827400,-28,5,23,-11.5
1651827402,-33,6,41,9.0
1651827404,-23,5,13,-14.0
1651827406,-29,5,26,6.5
1651827408,-31,5,33,3.5
1651827410,-31,7,33,0.0
1651827412,-34,7,46,6.5
1651827414,-29,7,26,-10.0
1651827416,-33,7,41,7.5
1651827418,-28,6,23,-9.0
1651827420,-28,6,23,0.0
1651827422,-34,5,46,11.5
1651827424,-30,10,29,-8.5
1651827426,-35,5,52,11.5
1651827428,-30,7,29,-11.5
1651827430,-25,6,16,-6.5
1651827432,-29,7,26,5.0
1651827434,-36,10,58,16.0
1651827436,-30,10,29,-14.5
1651827438,-33,7,41,6.0
1651827440,-34,5,46,2.5
1651827442,-33,6,41,-2.5
1651827444,-36,9,58,8.5
1651827446,-29,5,26,-16.0
1651827448,-33,10,41,7.5
1651827450,-30,10,29,-6.0
1651827452,-30,5,29,0.0
1651827454,-30,4,29,0.0
1651827456,-29,6,26,-1.5
1651827458,-33,6,41,7.5
1651827460,-29,6,26,-7.5
1651827462,-34,6,46,10.0
1651827464,-24,6,15,-15.5
1651827466,-35,6,52,18.5
1651827468,-28,6,23,-14.5
1651827470,-33,6,41,9.0
1651827472,-34,6,46,2.5
1651827474,-30,6,29,-8.5
1651827476,-34,7,46,8.5
1651827478,-33,7,41,-2.5
1651827480,-27,4,21,-10.0
1651827482,-29,7,26,2.5
1651827484,-23,5,13,-6.5
1651827486,-28,7,23,5.0
1651827488,-26,11,18,-2.5
1651827490,-25,5,16,-1.0
1651827492,-35,7,52,18.0
1651827494,-31,7,33,-9.5
1651827496,-29,5,26,-3.5
1651827498,-32,7,37,5.5
1651827500,-27,6,21,-8.0
1651827502,-29,6,26,2.5
1651827504,-32,6,37,5.5
1651827506,-30,6,29,-4.0
1651827508,-29,7,26,-1.5
1651827510,-34,7,46,10.0
1651827512,-30,7,29,-8.5
1651827514,-36,7,58,14.5
1651827516,-28,7,23,-17.5
1651827518,-28,7,23,0.0
1651827520,-33,7,41,9.0
1651827522,-35,7,52,5.5
1651827524,-35,7,52,0.0
1651827526,-30,7,29,-11.5
1651827528,-30,6,29,0.0
1651827530,-31,6,33,2.0
1651827532,-30,5,29,-2.0
1651827534,-30,5,29,0.0
1651827536,-34,6,46,8.5
1651827538,-29,5,26,-10.0
1651827540,-29,5,26,0.0
1651827542,-35,7,52,13.0
1651827544,-29,5,26,-13.0
1651827546,-29,6,26,0.0
1651827548,-29,6,26,0.0
1651827550,-33,6,41,7.5
1651827552,-30,3,29,-6.0
1651827554,-30,6,29,0.0
1651827556,-24,6,15,-7.0
1651827558,-33,6,41,13.0
1651827560,-34,4,46,2.5
1651827562,-31,7,33,-6.5
1651827564,-27,5,21,-6.0
1651827566,-29,6,26,2.5
1651827568,-21,7,10,-8.0
1651827570,-35,7,52,21.0
1651827572,-29,7,26,-13.0
1651827574,-31,5,33,3.5
1651827576,-29,13,26,-3.5
1651827578,-34,6,46,10.0
1651827580,-35,5,52,3.0
1651827582,-33,6,41,-5.5
1651827584,-30,6,29,-6.0
1651827586,-29,5,26,-1.5
1651827588,-31,6,33,3.5
1651827590,-33,6,41,4.0
1651827592,-34,7,46,2.5
1651827594,-33,11,41,-2.5
1651827596,-35,7,52,5.5
1651827598,-33,6,41,-5.5
1651827600,-32,7,37,-2.0
1651827602,-34,5,46,4.5
1651827604,-29,5,26,-10.0
1651827606,-27,11,21,-2.5
1651827608,-35,7,52,15.5
1651827610,-28,11,23,-14.5
1651827612,-29,5,26,1.5
1651827614,-29,5,26,0.0
1651827616,-34,5,46,10.0
1651827618,-33,9,41,-2.5
1651827620,-38,4,73,16.0
1651827622,-28,6,23,-25.0
1651827624,-35,11,52,14.5
1651827626,-34,7,46,-3.0
1651827628,-30,4,29,-8.5
1651827630,-30,10,29,0.0
1651827632,-30,7,29,0.0
1651827634,-30,7,29,0.0
1651827636,-31,10,33,2.0
1651827638,-29,6,26,-3.5
1651827640,-30,6,29,1.5
1651827642,-29,6,26,-1.5
1651827644,-29,6,26,0.0
1651827646,-28,6,23,-1.5
1651827648,-33,5,41,9.0
1651827650,-30,5,29,-6.0
1651827652,-29,14,26,-1.5
1651827654,-29,6,26,0.0
1651827656,-25,5,16,-5.0
1651827658,-34,11,46,15.0
1651827660,-30,7,29,-8.5
1651827662,-34,6,46,8.5
1651827664,-35,6,52,3.0
1651827666,-30,6,29,-11.5
1651827668,-28,7,23,-3.0
1651827670,-34,7,46,11.5
1651827672,-34,7,46,0.0
1651827674,-30,5,29,-8.5
1651827676,-32,5,37,4.0
1651827678,-30,10,29,-4.0
1651827680,-33,10,41,6.0
1651827682,-27,7,21,-10.0
1651827684,-28,10,23,1.0
1651827686,-28,7,23,0.0
1651827688,-36,7,58,17.5
1651827690,-34,7,46,-6.0
1651827692,-30,7,29,-8.5
1651827694,-36,7,58,14.5
1651827696,-36,10,58,0.0
1651827698,-32,7,37,-10.5
1651827700,-30,7,29,-4.0
1651827702,-38,7,73,22.0
1651827704,-31,7,33,-20.0
1651827706,-32,10,37,2.0
1651827708,-30,10,29,-4.0
1651827710,-23,15,13,-8.0
1651827712,-35,10,52,19.5
1651827714,-32,7,37,-7.5
1651827716,-27,7,21,-8.0
1651827718,-31,7,33,6.0
1651827720,-29,7,26,-3.5
1651827722,-33,7,41,7.5
1651827724,-31,7,33,-4.0
1651827726,-36,10,58,12.5
1651827728,-30,4,29,-14.5
1651827730,-29,7,26,-1.5
1651827732,-30,11,29,1.5
1651827734,-38,7,73,22.0
1651827736,-33,4,41,-16.0
1651827738,-33,5,41,0.0
1651827740,-33,6,41,0.0
1651827742,-33,6,41,0.0
1651827744,-29,7,26,-7.5
1651827746,-36,5,58,16.0
1651827748,-34,9,46,-6.0
1651827750,-40,10,92,23.0
1651827752,-36,10,58,-17.0
1651827754,-29,5,26,-16.0
1651827756,-33,5,41,7.5
1651827758,-32,5,37,-2.0
1651827760,-28,10,23,-7.0
1651827762,-31,10,33,5.0
1651827764,-32,5,37,2.0
1651827766,-36,5,58,10.5
1651827768,-32,5,37,-10.5
1651827770,-35,7,52,7.5
1651827772,-30,6,29,-11.5
1651827774,-35,5,52,11.5
1651827776,-28,6,23,-14.5
1651827778,-27,6,21,-1.0
1651827780,-37,7,65,22.0
1651827782,-30,7,29,-18.0
1651827784,-36,4,58,14.5
1651827786,-26,10,18,-20.0
1651827788,-33,4,41,11.5
1651827790,-29,4,26,-7.5
1651827792,-37,5,65,19.5
1651827794,-29,5,26,-19.5
1651827796,-31,6,33,3.5
1651827798,-34,5,46,6.5
1651827800,-29,6,26,-10.0
1651827802,-36,6,58,16.0
1651827804,-35,6,52,-3.0
1651827806,-30,4,29,-11.5
1651827808,-31,6,33,2.0
1651827810,-30,6,29,-2.0
1651827812,-30,14,29,0.0
1651827814,-29,7,26,-1.5
1651827816,-35,13,52,13.0
1651827818,-24,7,15,-18.5
1651827820,-29,10,26,5.5
1651827822,-28,5,23,-1.5
1651827824,-35,7,52,14.5
1651827826,-34,12,46,-3.0
1651827828,-29,7,26,-10.0
1651827830,-31,7,33,3.5
1651827832,-31,7,33,0.0
1651827834,-30,7,29,-2.0
1651827836,-30,13,29,0.0
1651827838,-30,7,29,0.0
1651827840,-36,7,58,14.5
1651827842,-28,7,23,-17.5
1651827844,-30,7,29,3.0
1651827846,-29,7,26,-1.5
1651827848,-29,6,26,0.0
1651827850,-29,6,26,0.0
1651827852,-36,6,58,16.0
1651827854,-33,4,41,-8.5
1651827856,-35,6,52,5.5
1651827858,-32,12,37,-7.5
1651827860,-30,7,29,-4.0
1651827862,-31,7,33,2.0
1651827864,-30,7,29,-2.0
1651827866,-30,7,29,0.0
1651827868,-26,7,18,-5.5
1651827870,-37,10,65,23.5
1651827872,-35,7,52,-6.5
1651827874,-30,6,29,-11.5
1651827876,-37,7,65,18.0
1651827878,-29,6,26,-19.5
1651827880,-30,5,29,1.5
1651827882,-33,5,41,6.0
1651827884,-28,5,23,-9.0
1651827886,-30,5,29,3.0
1651827888,-35,7,52,11.5
1651827890,-29,7,26,-13.0
1651827892,-30,7,29,1.5
1651827894,-30,7,29,0.0
1651827896,-31,7,33,2.0
1651827898,-29,7,26,-3.5
1651827900,-31,7,33,3.5
1651827902,-29,7,26,-3.5
1651827904,-25,7,16,-5.0
1651827906,-29,7,26,5.0
1651827908,-36,6,58,16.0
1651827910,-32,5,37,-10.5
1651827912,-26,5,18,-9.5
1651827914,-28,5,23,2.5
1651827916,-36,7,58,17.5
1651827918,-33,7,41,-8.5
1651827920,-29,7,26,-7.5
1651827922,-31,4,33,3.5
1651827924,-30,3,29,-2.0
1651827926,-29,6,26,-1.5
1651827928,-31,7,33,3.5
1651827930,-27,7,21,-6.0
1651827932,-28,6,23,1.0
1651827934,-31,6,33,5.0
1651827936,-31,7,33,0.0
1651827938,-31,7,33,0.0
1651827940,-30,7,29,-2.0
1651827942,-28,6,23,-3.0
1651827944,-32,6,37,7.0
1651827946,-33,6,41,2.0
1651827948,-31,9,33,-4.0
1651827950,-35,10,52,9.5
1651827952,-33,10,41,-5.5
1651827954,-28,6,23,-9.0
1651827956,-29,6,26,1.5
1651827958,-33,4,41,7.5
1651827960,-34,10,46,2.5
1651827962,-33,7,41,-2.5
1651827964,-30,7,29,-6.0
1651827966,-35,7,52,11.5
1651827968,-31,4,33,-9.5
1651827970,-33,5,41,4.0
1651827972,-33,5,41,0.0
1651827974,-27,5,21,-10.0
1651827976,-33,10,41,10.0
1651827978,-29,5,26,-7.5
1651827980,-29,5,26,0.0
1651827982,-33,6,41,7.5
1651827984,-33,7,41,0.0
1651827986,-29,7,26,-7.5
1651827988,-34,5,46,10.0
1651827990,-30,5,29,-8.5
1651827992,-31,5,33,2.0
1651827994,-37,5,65,16.0
1651827996,-37,5,65,0.0
1651827998,-29,5,26,-19.5
1651828000,-31,4,33,3.5
1651828002,-30,4,29,-2.0
1651828004,-28,5,23,-3.0
1651828006,-33,5,41,9.0
1651828008,-28,5,23,-9.0
1651828010,-35,5,52,14.5
1651828012,-28,5,23,-14.5
1651828014,-36,7,58,17.5
1651828016,-29,7,26,-16.0
1651828018,-31,7,33,3.5
1651828020,-34,10,46,6.5
1651828022,-34,7,46,0.0
1651828024,-32,6,37,-4.5
1651828026,-33,6,41,2.0
1651828028,-34,7,46,2.5
1651828030,-30,7,29,-8.5
1651828032,-82,7,11580,5775.5
1651828034,-32,5,37,-5771.5
1651828036,-30,5,29,-4.0
1651828038,-36,7,58,14.5
1651828040,-31,7,33,-12.5
1651828042,-36,15,58,12.5
1651828044,-29,5,26,-16.0
1651828046,-31,5,33,3.5
1651828048,-31,7,33,0.0
1651828050,-36,7,58,12.5
1651828052,-30,5,29,-14.5
1651828054,-29,7,26,-1.5
1651828057,-33,7,41,5.0
1651828059,-34,11,46,2.5
1651828061,-33,7,41,-2.5
1651828063,-29,6,26,-7.5
1651828065,-37,6,65,19.5
1651828067,-30,7,29,-18.0
1651828069,-30,10,29,0.0
1651828071,-36,7,58,14.5
1651828073,-30,7,29,-14.5
1651828075,-35,7,52,11.5
1651828077,-29,6,26,-13.0
1651828079,-29,6,26,0.0
1651828081,-29,6,26,0.0
1651828083,-29,6,26,0.0
1651828085,-28,6,23,-1.5
1651828087,-29,10,26,1.5
1651828089,-28,7,23,-1.5
1651828091,-29,11,26,1.5
1651828093,-29,7,26,0.0
1651828095,-29,5,26,0.0
1651828097,-28,7,23,-1.5
1651828099,-29,7,26,1.5
1651828101,-30,7,29,1.5
1651828103,-27,7,21,-4.0
1651828105,-36,7,58,18.5
1651828107,-33,7,41,-8.5
1651828109,-33,7,41,0.0
1651828111,-24,7,15,-13.0
1651828113,-34,4,46,15.5
1651828115,-36,6,58,6.0
1651828117,-35,7,52,-3.0
1651828119,-35,6,52,0.0
1651828121,-28,7,23,-14.5
1651828123,-35,6,52,14.5
1651828125,-32,6,37,-7.5
1651828127,-29,5,26,-5.5
1651828129,-30,6,29,1.5
1651828131,-37,5,65,18.0
1651828133,-31,6,33,-16.0
1651828135,-34,6,46,6.5
1651828137,-36,7,58,6.0
1651828139,-30,14,29,-14.5
1651828141,-30,7,29,0.0
1651828143,-30,5,29,0.0
1651828145,-32,5,37,4.0
1651828147,-29,6,26,-5.5
1651828149,-37,6,65,19.5
1651828151,-28,4,23,-21.0
1651828153,-30,4,29,3.0
1651828155,-29,5,26,-1.5
1651828157,-29,3,26,0.0
1651828159,-29,7,26,0.0
1651828161,-29,4,26,0.0
1651828163,-25,5,16,-5.0
1651828165,-37,5,65,24.5
1651828167,-27,7,21,-22.0
1651828169,-30,7,29,4.0
1651828171,-31,5,33,2.0
1651828173,-29,5,26,-3.5
1651828175,-33,5,41,7.5
1651828177,-27,5,21,-10.0
1651828179,-30,6,29,4.0
1651828181,-80,6,9198,4584.5
1651828183,-27,6,21,-4588.5
1651828185,-29,12,26,2.5
1651828187,-35,6,52,13.0
1651828189,-32,7,37,-7.5
1651828191,-29,7,26,-5.5
1651828193,-28,7,23,-1.5
1651828195,-30,7,29,3.0
1651828197,-29,7,26,-1.5
1651828199,-30,10,29,1.5
1651828201,-31,7,33,2.0
1651828203,-30,7,29,-2.0
1651828205,-27,7,21,-4.0
1651828207,-24,6,15,-3.0
1651828209,-33,6,41,13.0
1651828211,-34,7,46,2.5
1651828213,-30,7,29,-8.5
1651828215,-30,7,29,0.0
1651828217,-28,7,23,-3.0
1651828219,-34,6,46,11.5
1651828221,-26,6,18,-14.0
1651828223,-33,7,41,11.5
1651828225,-31,7,33,-4.0
1651828227,-31,7,33,0.0
1651828229,-33,7,41,4.0
1651828231,-31,7,33,-4.0
1651828233,-31,7,33,0.0
1651828235,-30,5,29,-2.0
1651828237,-28,7,23,-3.0
1651828239,-28,7,23,0.0
1651828241,-30,6,29,3.0
1651828243,-29,7,26,-1.5
1651828245,-29,7,26,0.0
1651828247,-29,7,26,0.0
1651828249,-29,6,26,0.0
1651828251,-30,7,29,1.5
1651828253,-27,7,21,-4.0
1651828255,-29,7,26,2.5
1651828257,-29,7,26,0.0
1651828259,-29,7,26,0.0
1651828261,-28,7,23,-1.5
1651828263,-31,7,33,5.0
1651828265,-29,6,26,-3.5
1651828267,-27,7,21,-2.5
1651828269,-30,4,29,4.0
1651828271,-27,6,21,-4.0
1651828273,-27,7,21,0.0
1651828275,-36,5,58,18.5
1651828277,-30,7,29,-14.5
1651828279,-29,5,26,-1.5
1651828281,-29,6,26,0.0
1651828283,-29,3,26,0.0
1651828285,-29,4,26,0.0
1651828287,-28,4,23,-1.5
1651828289,-34,4,46,11.5
1651828291,-30,4,29,-8.5
1651828293,-29,4,26,-1.5
1651828295,-30,4,29,1.5
1651828297,-30,4,29,0.0
1651828299,-29,5,26,-1.5
1651828301,-31,7,33,3.5
1651828303,-31,10,33,0.0
1651828305,-28,6,23,-5.0
1651828307,-30,7,29,3.0
1651828309,-28,7,23,-3.0
1651828311,-34,4,46,11.5
1651828313,-29,6,26,-10.0
1651828315,-29,10,26,0.0
1651828317,-29,7,26,0.0
1651828319,-30,7,29,1.5
1651828321,-30,7,29,0.0
1651828323,-35,7,52,11.5
1651828325,-37,7,65,6.5
1651828327,-33,7,41,-12.0
1651828329,-27,7,21,-10.0
1651828331,-33,7,41,10.0
1651828333,-34,7,46,2.5
1651828335,-31,7,33,-6.5
1651828337,-31,7,33,0.0
1651828339,-29,6,26,-3.5
1651828341,-34,9,46,10.0
1651828343,-26,6,18,-14.0
1651828345,-29,7,26,4.0
1651828347,-32,7,37,5.5
1651828349,-34,5,46,4.5
1651828351,-30,7,29,-8.5
1651828353,-30,7,29,0.0
1651828355,-33,7,41,6.0
1651828357,-32,7,37,-2.0
1651828359,-30,7,29,-4.0
1651828361,-33,6,41,6.0
1651828363,-29,7,26,-7.5
1651828365,-31,6,33,3.5
1651828367,-32,6,37,2.0
1651828369,-32,5,37,0.0
1651828371,-31,6,33,-2.0
1651828373,-32,6,37,2.0
1651828375,-30,6,29,-4.0
1651828377,-29,7,26,-1.5
1651828379,-24,4,15,-5.5
1651828381,-34,11,46,15.5
1651828383,-29,3,26,-10.0
1651828385,-30,10,29,1.5
1651828387,-32,10,37,4.0
1651828389,-27,10,21,-8.0
1651828391,-28,7,23,1.0
1651828393,-29,7,26,1.5
1651828395,-25,6,16,-5.0
1651828397,-39,6,82,33.0
1651828399,-30,9,29,-26.5
1651828401,-32,4,37,4.0
1651828403,-30,6,29,-4.0
1651828405,-28,6,23,-3.0
1651828407,-35,6,52,14.5
1651828409,-29,6,26,-13.0
1651828411,-29,7,26,0.0
1651828413,-29,10,26,0.0
1651828415,-31,3,33,3.5
1651828417,-32,6,37,2.0
1651828419,-29,10,26,-5.5
1651828421,-30,10,29,1.5
1651828423,-27,6,21,-4.0
1651828425,-30,6,29,4.0
1651828427,-29,10,26,-1.5
1651828429,-33,11,41,7.5
1651828431,-27,11,21,-10.0
1651828433,-28,6,23,1.0
1651828435,-38,10,73,25.0
1651828437,-27,10,21,-26.0
1651828439,-34,6,46,12.5
1651828441,-30,6,29,-8.5
1651828443,-30,6,29,0.0
1651828445,-29,6,26,-1.5
1651828447,-29,10,26,0.0
1651828449,-30,7,29,1.5
1651828451,-28,5,23,-3.0
1651828453,-32,7,37,7.0
1651828455,-24,6,15,-11.0
1651828457,-32,10,37,11.0
1651828459,-31,6,33,-2.0
1651828461,-26,4,18,-7.5
1651828463,-29,6,26,4.0
1651828465,-26,7,18,-4.0
1651828467,-30,7,29,5.5
1651828469,-31,7,33,2.0
1651828471,-32,10,37,2.0
1651828473,-28,6,23,-7.0
1651828475,-29,7,26,1.5
1651828477,-28,5,23,-1.5
1651828479,-30,6,29,3.0
1651828481,-30,10,29,0.0
1651828483,-29,5,26,-1.5
1651828485,-34,4,46,10.0
1651828487,-30,7,29,-8.5
1651828489,-24,7,15,-7.0
1651828491,-30,5,29,7.0
1651828493,-28,5,23,-3.0
1651828495,-32,7,37,7.0
1651828497,-30,7,29,-4.0
1651828499,-33,7,41,6.0
1651828501,-31,7,33,-4.0
1651828503,-27,7,21,-6.0
1651828505,-27,5,21,0.0
1651828507,-22,5,12,-4.5
1651828509,-22,6,12,0.0
1651828511,-29,6,26,7.0
1651828513,-28,6,23,-1.5
1651828515,-34,7,46,11.5
1651828517,-29,7,26,-10.0
1651828519,-28,5,23,-1.5
1651828521,-30,6,29,3.0
1651828523,-30,5,29,0.0
1651828525,-28,10,23,-3.0
1651828527,-31,7,33,5.0
1651828529,-30,7,29,-2.0
1651828531,-31,7,33,2.0
1651828533,-29,7,26,-3.5
1651828535,-31,7,33,3.5
1651828537,-30,7,29,-2.0
1651828539,-32,6,37,4.0
1651828541,-30,7,29,-4.0
1651828543,-28,5,23,-3.0
1651828545,-21,5,10,-6.5
1651828547,-30,10,29,9.5
1651828549,-35,7,52,11.5
1651828551,-29,6,26,-13.0
1651828553,-27,6,21,-2.5
1651828555,-23,6,13,-4.0
1651828557,-28,6,23,5.0
1651828559,-27,5,21,-1.0
1651828561,-29,6,26,2.5
1651828563,-30,5,29,1.5
1651828565,-29,10,26,-1.5
1651828567,-29,6,26,0.0
1651828569,-31,7,33,3.5
1651828571,-27,7,21,-6.0
1651828573,-31,5,33,6.0
1651828575,-34,5,46,6.5
1651828577,-33,5,41,-2.5
1651828579,-30,5,29,-6.0
1651828581,-30,10,29,0.0
1651828583,-28,10,23,-3.0
1651828585,-29,9,26,1.5
1651828587,-31,10,33,3.5
1651828589,-29,4,26,-3.5
1651828591,-29,10,26,0.0
1651828593,-29,4,26,0.0
1651828595,-28,5,23,-1.5
1651828597,-30,5,29,3.0
1651828599,-29,7,26,-1.5
1651828601,-29,4,26,0.0
1651828603,-29,6,26,0.0
1651828605,-28,6,23,-1.5
1651828607,-30,6,29,3.0
1651828609,-30,7,29,0.0
1651828611,-35,7,52,11.5
1651828613,-35,7,52,0.0
1651828615,-32,7,37,-7.5
1651828617,-27,7,21,-8.0
1651828619,-30,6,29,4.0
1651828621,-27,9,21,-4.0
1651828623,-29,10,26,2.5
1651828625,-29,10,26,0.0
1651828627,-22,10,12,-7.0
1651828629,-28,13,23,5.5
1651828631,-27,5,21,-1.0
1651828633,-33,5,41,10.0
1651828635,-28,10,23,-9.0
1651828637,-27,10,21,-1.0
1651828639,-30,10,29,4.0
1651828641,-29,10,26,-1.5
1651828643,-30,5,29,1.5
1651828645,-28,5,23,-3.0
1651828647,-29,5,26,1.5
1651828649,-31,7,33,3.5
1651828651,-32,6,37,2.0
1651828653,-31,7,33,-2.0
1651828655,-29,7,26,-3.5
1651828657,-29,4,26,0.0
1651828659,-27,7,21,-2.5
1651828661,-29,7,26,2.5
1651828663,-31,7,33,3.5
1651828665,-24,7,15,-9.0
1651828667,-23,6,13,-1.0
1651828669,-34,7,46,16.5
1651828671,-28,4,23,-11.5
1651828673,-32,7,37,7.0
1651828675,-28,5,23,-7.0
1651828677,-31,6,33,5.0
1651828679,-30,4,29,-2.0
1651828681,-29,6,26,-1.5
1651828683,-31,10,33,3.5
1651828685,-30,4,29,-2.0
1651828687,-27,10,21,-4.0
1651828689,-27,9,21,0.0
1651828691,-27,10,21,0.0
1651828693,-36,5,58,18.5
1651828695,-30,5,29,-14.5
1651828697,-31,7,33,2.0
1651828699,-29,6,26,-3.5
1651828701,-28,7,23,-1.5
1651828703,-29,5,26,1.5
1651828705,-33,7,41,7.5
1651828707,-30,7,29,-6.0
1651828709,-35,6,52,11.5
1651828711,-25,7,16,-18.0
1651828713,-32,6,37,10.5
1651828715,-29,7,26,-5.5
1651828717,-30,7,29,1.5
1651828719,-30,7,29,0.0
1651828721,-34,7,46,8.5
1651828723,-29,7,26,-10.0
1651828725,-32,7,37,5.5
1651828727,-27,7,21,-8.0
1651828729,-35,7,52,15.5
1651828731,-35,7,52,0.0
1651828733,-35,7,52,0.0
1651828735,-31,7,33,-9.5
1651828737,-31,7,33,0.0
1651828739,-32,7,37,2.0
1651828741,-27,7,21,-8.0
1651828743,-33,7,41,10.0
1651828745,-27,7,21,-10.0
1651828747,-29,7,26,2.5
1651828749,-35,7,52,13.0
1651828751,-27,7,21,-15.5
1651828753,-29,7,26,2.5
1651828755,-27,7,21,-2.5
1651828757,-35,13,52,15.5
1651828759,-40,7,92,20.0
1651828761,-31,7,33,-29.5
1651828763,-28,7,23,-5.0
1651828765,-31,7,33,5.0
1651828767,-27,7,21,-6.0
1651828769,-28,7,23,1.0
1651828771,-27,7,21,-1.0
1651828773,-29,7,26,2.5
1651828775,-31,7,33,3.5
1651828777,-27,7,21,-6.0
1651828779,-28,7,23,1.0
1651828781,-25,7,16,-3.5
1651828783,-33,7,41,12.5
1651828785,-42,7,116,37.5
1651828787,-35,5,52,-32.0
1651828789,-31,5,33,-9.5
1651828791,-33,5,41,4.0
1651828793,-32,5,37,-2.0
1651828795,-40,5,92,27.5
1651828797,-44,5,146,27.0
1651828799,-35,7,52,-47.0
1651828801,-38,7,73,10.5
1651828803,-35,7,52,-10.5
1651828805,-36,7,58,3.0
1651828807,-38,7,73,7.5
1651828809,-36,7,58,-7.5
1651828811,-36,7,58,0.0
1651828813,-35,7,52,-3.0
1651828815,-38,7,73,10.5
1651828817,-24,7,15,-29.0
1651828819,-24,6,15,0.0
1651828821,-29,5,26,5.5
1651828823,-29,5,26,0.0
1651828825,-30,7,29,1.5
1651828827,-23,7,13,-8.0
1651828829,-33,7,41,14.0
1651828831,-33,7,41,0.0
1651828833,-35,7,52,5.5
1651828835,-28,7,23,-14.5
1651828837,-27,7,21,-1.0
1651828839,-28,7,23,1.0
1651828841,-26,7,18,-2.5
1651828843,-28,5,23,2.5
1651828845,-28,10,23,0.0
1651828847,-27,5,21,-1.0
1651828849,-29,6,26,2.5
1651828851,-30,7,29,1.5
1651828853,-28,6,23,-3.0
1651828855,-28,7,23,0.0
1651828857,-27,7,21,-1.0
1651828859,-28,7,23,1.0
1651828861,-34,6,46,11.5
1651828863,-28,6,23,-11.5
1651828865,-33,10,41,9.0
1651828867,-28,7,23,-9.0
1651828869,-27,7,21,-1.0
1651828871,-28,9,23,1.0
1651828873,-29,6,26,1.5
1651828875,-28,6,23,-1.5
1651828877,-29,6,26,1.5
1651828879,-29,6,26,0.0
1651828881,-27,4,21,-2.5
1651828883,-25,5,16,-2.5
1651828885,-24,5,15,-0.5
1651828887,-35,7,52,18.5
1651828889,-26,7,18,-17.0
1651828891,-28,15,23,2.5
1651828893,-35,7,52,14.5
1651828895,-28,7,23,-14.5
1651828897,-28,7,23,0.0
1651828899,-29,6,26,1.5
1651828901,-29,6,26,0.0
1651828903,-28,4,23,-1.5
1651828905,-30,7,29,3.0
1651828907,-28,7,23,-3.0
1651828909,-27,7,21,-1.0
1651828911,-29,6,26,2.5
1651828913,-35,7,52,13.0
1651828915,-30,4,29,-11.5
1651828917,-33,4,41,6.0
1651828919,-37,5,65,12.0
1651828921,-29,7,26,-19.5
1651828923,-20,5,9,-8.5
1651828925,-29,7,26,8.5
1651828927,-42,5,116,45.0
1651828929,-36,7,58,-29.0
1651828931,-22,7,12,-23.0
1651828933,-29,6,26,7.0
1651828935,-29,10,26,0.0
1651828937,-30,6,29,1.5
1651828939,-27,7,21,-4.0
1651828941,-27,7,21,0.0
1651828943,-28,7,23,1.0
1651828945,-29,7,26,1.5
1651828947,-29,7,26,0.0
1651828949,-35,7,52,13.0
1651828951,-29,7,26,-13.0
1651828953,-28,7,23,-1.5
1651828955,-29,7,26,1.5
1651828957,-29,7,26,0.0
1651828959,-28,10,23,-1.5
1651828961,-29,7,26,1.5
1651828963,-28,5,23,-1.5
1651828965,-29,7,26,1.5
1651828967,-30,7,29,1.5
1651828969,-29,4,26,-1.5
1651828971,-28,11,23,-1.5
1651828973,-29,6,26,1.5
1651828975,-29,6,26,0.0
1651828977,-29,6,26,0.0
1651828979,-29,7,26,0.0
1651828981,-27,7,21,-2.5
1651828983,-30,12,29,4.0
1651828985,-29,7,26,-1.5
1651828987,-29,7,26,0.0
1651828989,-29,11,26,0.0
1651828991,-30,11,29,1.5
1651828993,-26,5,18,-5.5
1651828995,-27,5,21,1.5
1651828997,-29,5,26,2.5
1651828999,-28,5,23,-1.5
1651829001,-28,7,23,0.0
1651829003,-28,7,23,0.0
1651829005,-28,7,23,0.0
1651829007,-30,4,29,3.0
1651829009,-30,4,29,0.0
1651829011,-27,4,21,-4.0
1651829013,-30,7,29,4.0
1651829015,-29,5,26,-1.5
1651829017,-28,4,23,-1.5
1651829019,-31,7,33,5.0
1651829021,-30,4,29,-2.0
1651829023,-34,7,46,8.5
1651829025,-29,7,26,-10.0
1651829027,-29,7,26,0.0
1651829029,-27,7,21,-2.5
1651829031,-28,5,23,1.0
1651829033,-29,7,26,1.5
1651829035,-30,5,29,1.5
1651829037,-28,5,23,-3.0
1651829039,-32,7,37,7.0
1651829041,-30,7,29,-4.0
1651829043,-30,7,29,0.0
1651829045,-40,12,92,31.5
1651829047,-36,11,58,-17.0
1651829049,-35,7,52,-3.0
1651829051,-35,7,52,0.0
1651829053,-33,5,41,-5.5
1651829055,-34,7,46,2.5
1651829057,-39,7,82,18.0
1651829059,-33,5,41,-20.5
1651829061,-41,7,103,31.0
1651829063,-35,7,52,-25.5
1651829065,-34,11,46,-3.0
1651829067,-36,11,58,6.0
1651829069,-40,12,92,17.0
1651829071,-36,12,58,-17.0
1651829073,-38,11,73,7.5
1651829075,-40,6,92,9.5
1651829077,-45,7,164,36.0
1651829079,-44,7,146,-9.0
1651829081,-43,7,130,-8.0
1651829083,-45,4,164,17.0
1651829085,-38,5,73,-45.5
1651829087,-47,7,206,66.5
1651829089,-36,11,58,-74.0
1651829091,-44,11,146,44.0
1651829093,-45,7,164,9.0
1651829095,-44,7,146,-9.0
1651829097,-45,5,164,9.0
1651829099,-43,7,130,-17.0
1651829101,-46,7,184,27.0
1651829103,-50,3,291,53.5
1651829105,-43,4,130,-80.5
1651829107,-48,4,231,50.5
1651829109,-47,10,206,-12.5
1651829111,-49,10,259,26.5
1651829113,-50,5,291,16.0
1651829115,-53,10,411,60.0
1651829117,-53,10,411,0.0
1651829119,-54,5,461,25.0
1651829121,-53,5,411,-25.0
1651829123,-50,5,291,-60.0
1651829125,-52,7,366,37.5
1651829127,-52,5,366,0.0
1651829129,-54,5,461,47.5
1651829131,-47,2,206,-127.5
1651829133,-54,6,461,127.5
1651829135,-56,6,580,59.5
1651829137,-56,5,580,0.0
1651829139,-54,5,461,-59.5
1651829141,-54,7,461,0.0
1651829143,-53,7,411,-25.0
1651829145,-50,7,291,-60.0
1651829147,-50,14,291,0.0
1651829149,-52,7,366,37.5
1651829151,-55,7,517,75.5
1651829153,-54,7,461,-28.0
1651829155,-53,4,411,-25.0
1651829157,-52,5,366,-22.5
1651829159,-56,7,580,107.0
1651829161,-52,7,366,-107.0
1651829163,-52,7,366,0.0
1651829165,-44,7,146,-110.0
1651829167,-51,4,326,90.0
1651829169,-49,5,259,-33.5
1651829171,-50,6,291,16.0
1651829173,-53,6,411,60.0
1651829175,-50,6,291,-60.0
1651829177,-50,7,291,0.0
1651829179,-49,6,259,-16.0
1651829181,-49,6,259,0.0
1651829183,-46,5,184,-37.5
1651829185,-43,5,130,-27.0
1651829187,-49,5,259,64.5
1651829189,-51,5,326,33.5
1651829191,-47,5,206,-60.0
1651829193,-44,6,146,-30.0
1651829195,-46,7,184,19.0
1651829197,-46,7,184,0.0
1651829199,-49,7,259,37.5
1651829201,-45,6,164,-47.5
1651829203,-46,6,184,10.0
1651829205,-44,6,146,-19.0
1651829207,-43,6,130,-8.0
1651829209,-45,7,164,17.0
1651829211,-44,6,146,-9.0
1651829213,-45,6,164,9.0
1651829215,-36,6,58,-53.0
1651829217,-40,10,92,17.0
1651829219,-39,10,82,-5.0
1651829221,-39,5,82,0.0
1651829223,-33,7,41,-20.5
1651829225,-37,7,65,12.0
1651829227,-33,7,41,-12.0
1651829229,-38,6,73,16.0
1651829231,-41,12,103,15.0
1651829233,-40,7,92,-5.5
1651829235,-39,7,82,-5.0
1651829237,-43,7,130,24.0
1651829239,-42,7,116,-7.0
1651829241,-41,12,103,-6.5
1651829243,-44,7,146,21.5
1651829245,-78,7,7307,3580.5
1651829247,-46,5,184,-3561.5
1651829249,-46,4,184,0.0
1651829251,-47,14,206,11.0
1651829253,-43,7,130,-38.0
1651829255,-50,7,291,80.5
1651829257,-50,4,291,0.0
1651829259,-47,6,206,-42.5
1651829261,-49,5,259,26.5
1651829263,-51,7,326,33.5
1651829265,-48,4,231,-47.5
1651829268,-47,6,206,-8.3
1651829270,-53,6,411,102.5
1651829272,-46,7,184,-113.5
1651829274,-52,7,366,91.0
1651829276,-50,7,291,-37.5
1651829278,-48,7,231,-30.0
1651829280,-46,7,184,-23.5
1651829282,-48,5,231,23.5
1651829284,-46,4,184,-23.5
1651829286,-50,12,291,53.5
1651829288,-50,11,291,0.0
1651829290,-54,12,461,85.0
1651829292,-52,3,366,-47.5
1651829294,-55,11,517,75.5
1651829296,-61,3,1032,257.5
1651829298,-65,15,1636,302.0
1651829300,-70,1,2909,636.5
1651829302,-70,8,2909,0.0
1651829304,-70,0,2909,0.0
1651829306,-69,1,2592,-158.5
1651829308,-65,2,1636,-478.0
1651829310,-61,9,1032,-302.0
1651829312,-59,9,820,-106.0
1651829314,-44,9,146,-337.0
1651829316,-44,2,146,0.0
1651829318,-48,9,231,42.5
1651829320,-43,2,130,-50.5
1651829322,-43,10,130,0.0
1651829324,-45,10,164,17.0
1651829326,-50,6,291,63.5
1651829328,-48,6,231,-30.0
1651829330,-39,6,82,-74.5
1651829332,-39,6,82,0.0
1651829334,-36,10,58,-12.0
1651829336,-29,6,26,-16.0
1651829338,-36,5,58,16.0
1651829340,-32,5,37,-10.5
1651829342,-30,6,29,-4.0
1651829344,-29,4,26,-1.5
1651829346,-29,7,26,0.0
1651829348,-22,7,12,-7.0
1651829350,-33,7,41,14.5
1651829352,-30,14,29,-6.0
1651829354,-26,7,18,-5.5
1651829356,-28,14,23,2.5
1651829358,-30,7,29,3.0
1651829360,-30,7,29,0.0
1651829362,-30,7,29,0.0
1651829364,-29,7,26,-1.5
1651829366,-28,7,23,-1.5
1651829368,-31,13,33,5.0
1651829370,-25,7,16,-8.5
1651829372,-28,7,23,3.5
1651829374,-29,7,26,1.5
1651829376,-35,7,52,13.0
1651829378,-29,7,26,-13.0
1651829380,-29,7,26,0.0
1651829382,-29,7,26,0.0
1651829384,-29,7,26,0.0
1651829386,-29,7,26,0.0
1651829388,-29,7,26,0.0
1651829390,-29,7,26,0.0
1651829392,-29,7,26,0.0
1651829394,-29,7,26,0.0
1651829396,-29,7,26,0.0
1651829398,-29,7,26,0.0
1651829400,-29,7,26,0.0
1651829402,-29,7,26,0.0
1651829404,-29,7,26,0.0
1651829406,-29,7,26,0.0
1651829408,-29,7,26,0.0
1651829410,-29,7,26,0.0
1651829412,-29,7,26,0.0
1651829414,-29,7,26,0.0
1651829416,-29,7,26,0.0
1651829418,-29,7,26,0.0
1651829420,-29,7,26,0.0
1651829422,-29,7,26,0.0
1651829424,-29,7,26,0.0
1651829426,-29,7,26,0.0
1651829428,-29,7,26,0.0
1651829430,-29,7,26,0.0
1651829432,-29,7,26,0.0
1651829434,-29,7,26,0.0
1651829436,-29,7,26,0.0
1651829438,-29,7,26,0.0
1651829440,-29,7,26,0.0
1651829442,-29,7,26,0.0
1651829444,-29,7,26,0.0
1651829446,-29,7,26,0.0
1651829448,-29,7,26,0.0
1651829450,-29,7,26,0.0
1651829452,-29,7,26,0.0
1651829454,-29,7,26,0.0
1651829456,-29,7,26,0.0
1651829458,-29,7,26,0.0
1651829460,-29,7,26,0.0
1651829462,-29,7,26,0.0
1651829464,-29,7,26,0.0
1651829466,-29,7,26,0.0
1651829468,-29,7,26,0.0
1651829470,-29,7,26,0.0
1651829472,-29,7,26,0.0
1651829474,-29,7,26,0.0
1651829476,-29,7,26,0.0
1651829478,-29,7,26,0.0
1651829480,-29,7,26,0.0
1651829482,-29,7,26,0.0
1651829484,-29,7,26,0.0
1651829486,-29,7,26,0.0
1651829488,-29,7,26,0.0
1651829490,-29,7,26,0.0
1651829492,-29,7,26,0.0
1651829494,-29,7,26,0.0
1651829496,-29,7,26,0.0
1651829498,-29,7,26,0.0
1651829500,-29,7,26,0.0
1651829502,-29,7,26,0.0
1651829504,-29,7,26,0.0
1651829506,-29,7,26,0.0
1651829508,-29,7,26,0.0
1651829510,-29,7,26,0.0
1651829512,-29,7,26,0.0
1651829514,-29,7,26,0.0
1651829516,-29,7,26,0.0
1651829518,-29,7,26,0.0
1651829520,-29,7,26,0.0
1651829522,-29,7,26,0.0
1651829524,-29,7,26,0.0
1651829526,-29,7,26,0.0
1651829528,-29,7,26,0.0
1651829530,-29,7,26,0.0
1651829532,-29,7,26,0.0
1651829534,-29,7,26,0.0
1651829536,-29,7,26,0.0
1651829538,-29,7,26,0.0
1651829540,-29,7,26,0.0
1651829542,-29,7,26,0.0
1651829544,-29,7,26,0.0
1651829546,-29,7,26,0.0
1651829548,-29,7,26,0.0
1651829550,-29,7,26,0.0
1651829552,-29,7,26,0.0
1651829554,-29,7,26,0.0
1651829556,-29,7,26,0.0
1651829558,-29,7,26,0.0
1651829560,-29,7,26,0.0
1651829562,-29,7,26,0.0
1651829564,-29,7,26,0.0
1651829566,-29,7,26,0.0
1651829568,-29,7,26,0.0
1651829570,-29,7,26,0.0
1651829572,-29,7,26,0.0
1651829574,-29,7,26,0.0
1651829576,-29,7,26,0.0
1651829578,-29,7,26,0.0
1651829580,-29,7,26,0.0
1651829582,-29,7,26,0.0
1651829584,-29,7,26,0.0
1651829586,-29,7,26,0.0
1651829588,-29,7,26,0.0
1651829590,-29,7,26,0.0
1651829592,-29,7,26,0.0
1651829594,-29,7,26,0.0
1651829596,-29,7,26,0.0
1651829598,-29,7,26,0.0
1651829600,-29,7,26,0.0
1651829602,-29,7,26,0.0
1651829604,-29,7,26,0.0
1651829606,-29,7,26,0.0
1651829608,-29,7,26,0.0
1651829610,-29,7,26,0.0
1651829612,-29,7,26,0.0
1651829614,-29,7,26,0.0
1651829616,-29,7,26,0.0
1651829618,-29,7,26,0.0
1651829620,-29,7,26,0.0
1651829622,-29,7,26,0.0
1651829624,-29,7,26,0.0
1651829626,-29,7,26,0.0
1651829628,-29,7,26,0.0
1651829630,-29,7,26,0.0
1651829632,-29,7,26,0.0
1651829634,-29,7,26,0.0
1651829636,-29,7,26,0.0
1651829638,-29,7,26,0.0
1651829640,-29,7,26,0.0
1651829642,-29,7,26,0.0
1651829644,-29,7,26,0.0
1651829646,-29,7,26,0.0
1651829648,-29,7,26,0.0
1651829650,-29,7,26,0.0
1651829652,-29,7,26,0.0
1651829654,-29,7,26,0.0
1651829656,-29,7,26,0.0
1651829658,-29,7,26,0.0
1651829660,-29,7,26,0.0
1651829662,-29,7,26,0.0
1651829664,-29,7,26,0.0
1651829666,-29,7,26,0.0
1651829668,-29,7,26,0.0
1651829670,-29,7,26,0.0
1651829672,-29,7,26,0.0
1651829674,-29,7,26,0.0
1651829676,-29,7,26,0.0
1651829678,-29,7,26,0.0
1651829680,-29,7,26,0.0
1651829682,-29,7,26,0.0
1651829684,-29,7,26,0.0
1651829686,-29,7,26,0.0
1651829688,-29,7,26,0.0
1651829690,-29,7,26,0.0
1651829692,-29,7,26,0.0
1651829694,-29,7,26,0.0
1651829696,-29,7,26,0.0
1651829698,-29,7,26,0.0
1651829700,-29,7,26,0.0
1651829702,-29,7,26,0.0
1651829704,-29,7,26,0.0
1651829706,-29,7,26,0.0
1651829708,-29,7,26,0.0
1651829710,-29,7,26,0.0
1651829712,-29,7,26,0.0
1651829714,-29,7,26,0.0
1651829716,-29,7,26,0.0
1651829718,-29,7,26,0.0
1651829720,-29,7,26,0.0
1651829722,-29,7,26,0.0
1651829724,-29,7,26,0.0
1651829726,-29,7,26,0.0
1651829728,-29,7,26,0.0
1651829730,-29,7,26,0.0
1651829732,-29,7,26,0.0
1651829734,-29,7,26,0.0
1651829736,-29,7,26,0.0
1651829738,-29,7,26,0.0
1651829740,-29,7,26,0.0
1651829742,-29,7,26,0.0
1651829744,-29,7,26,0.0
1651829746,-29,7,26,0.0
1651829748,-29,7,26,0.0
1651829750,-29,7,26,0.0
1651829752,-29,7,26,0.0
1651829754,-29,7,26,0.0
1651829756,-29,7,26,0.0
1651829758,-29,7,26,0.0
1651829760,-29,7,26,0.0
1651829762,-29,7,26,0.0
1651829764,-29,7,26,0.0
1651829766,-29,7,26,0.0
1651829768,-29,7,26,0.0
1651829770,-29,7,26,0.0
1651829772,-29,7,26,0.0
1651829774,-29,7,26,0.0
1651829776,-29,7,26,0.0
1651829778,-29,7,26,0.0
1651829780,-29,7,26,0.0
1651829782,-29,7,26,0.0
1651829784,-29,7,26,0.0
1651829786,-29,7,26,0.0
1651829788,-29,7,26,0.0
1651829790,-29,7,26,0.0
1651829792,-29,7,26,0.0
1651829794,-29,7,26,0.0
1651829796,-29,7,26,0.0
1651829798,-29,7,26,0.0
1651829800,-29,7,26,0.0
1651829802,-29,7,26,0.0
1651829804,-29,7,26,0.0
1651829806,-29,7,26,0.0
1651829808,-29,7,26,0.0
1651829810,-29,7,26,0.0
1651829812,-29,7,26,0.0
1651829814,-29,7,26,0.0
1651829816,-29,7,26,0.0
1651829818,-29,7,26,0.0
1651829820,-29,7,26,0.0
1651829822,-29,7,26,0.0
1651829824,-29,7,26,0.0
1651829826,-29,7,26,0.0
1651829828,-29,7,26,0.0
1651829830,-29,7,26,0.0
1651829832,-29,7,26,0.0
1651829834,-29,7,26,0.0
1651829836,-29,7,26,0.0
1651829838,-29,7,26,0.0
1651829840,-29,7,26,0.0
1651829842,-29,7,26,0.0
1651829844,-29,7,26,0.0
1651829846,-29,7,26,0.0
1651829848,-29,7,26,0.0
1651829850,-29,7,26,0.0
1651829852,-29,7,26,0.0
1651829854,-29,7,26,0.0
1651829856,-29,7,26,0.0
1651829858,-29,7,26,0.0
1651829860,-29,7,26,0.0
1651829862,-29,7,26,0.0
1651829864,-29,7,26,0.0
1651829866,-29,7,26,0.0
1651829868,-29,7,26,0.0
1651829870,-29,7,26,0.0
1651829872,-29,7,26,0.0
1651829874,-29,7,26,0.0
1651829876,-29,7,26,0.0
1651829878,-29,7,26,0.0
1651829880,-29,7,26,0.0
1651829882,-29,7,26,0.0
1651829884,-29,7,26,0.0
1651829886,-29,7,26,0.0
1651829888,-29,7,26,0.0
1651829890,-29,7,26,0.0
1651829892,-29,7,26,0.0
1651829894,-29,7,26,0.0
1651829896,-29,7,26,0.0
1651829898,-29,7,26,0.0
1651829900,-29,7,26,0.0
1651829902,-29,7,26,0.0
1651829904,-29,7,26,0.0
1651829906,-29,7,26,0.0
1651829908,-29,7,26,0.0
1651829910,-29,7,26,0.0
1651829912,-29,7,26,0.0
1651829914,-29,7,26,0.0
1651829916,-29,7,26,0.0
1651829918,-29,7,26,0.0
1651829920,-29,7,26,0.0
1651829922,-29,7,26,0.0
1651829924,-29,7,26,0.0
1651829926,-29,7,26,0.0
1651829928,-29,7,26,0.0
1651829930,-29,7,26,0.0
1651829932,-29,7,26,0.0
1651829934,-29,7,26,0.0
1651829936,-29,7,26,0.0
1651829938,-29,7,26,0.0
1651829940,-29,7,26,0.0
1651829942,-29,7,26,0.0
1651829944,-29,7,26,0.0
1651829946,-29,7,26,0.0
1651829948,-29,7,26,0.0
1651829950,-29,7,26,0.0
1651829952,-29,7,26,0.0
1651829954,-29,7,26,0.0
1651829956,-29,7,26,0.0
1651829958,-29,7,26,0.0
1651829960,-29,7,26,0.0
1651829962,-29,7,26,0.0
1651829964,-29,7,26,0.0
1651829966,-29,7,26,0.0
1651829968,-29,7,26,0.0
1651829970,-29,7,26,0.0
1651829972,-29,7,26,0.0
1651829974,-29,7,26,0.0
1651829976,-29,7,26,0.0
1651829978,-29,7,26,0.0
1651829980,-29,7,26,0.0
1651829982,-29,7,26,0.0
1651829984,-29,7,26,0.0
1651829986,-29,7,26,0.0
1651829988,-29,7,26,0.0
1651829990,-29,7,26,0.0
1651829992,-29,7,26,0.0
1651829994,-29,7,26,0.0
1651829996,-29,7,26,0.0
1651829998,-29,7,26,0.0
1651830000,-29,7,26,0.0
1651830002,-29,7,26,0.0
1651830004,-29,7,26,0.0
1651830006,-29,7,26,0.0
1651830008,-29,7,26,0.0
1651830010,-29,7,26,0.0
1651830012,-29,7,26,0.0
1651830014,-29,7,26,0.0
1651830016,-29,7,26,0.0
1651830018,-29,7,26,0.0
1651830020,-29,7,26,0.0
1651830022,-29,7,26,0.0
1651830024,-29,7,26,0.0
1651830026,-29,7,26,0.0
1651830028,-29,7,26,0.0
1651830030,-29,7,26,0.0
1651830032,-29,7,26,0.0
1651830034,-29,7,26,0.0
1651830036,-29,7,26,0.0
1651830038,-29,7,26,0.0
1651830040,-29,7,26,0.0
1651830042,-29,7,26,0.0
1651830044,-29,7,26,0.0
1651830046,-29,7,26,0.0
1651830048,-29,7,26,0.0
1651830050,-29,7,26,0.0
1651830052,-29,7,26,0.0
1651830054,-29,7,26,0.0
1651830056,-29,7,26,0.0
1651830058,-29,7,26,0.0
1651830060,-29,7,26,0.0
1651830062,-29,7,26,0.0
1651830064,-29,7,26,0.0
1651830066,-29,7,26,0.0
1651830068,-29,7,26,0.0
1651830070,-29,7,26,0.0
1651830072,-29,7,26,0.0
1651830074,-29,7,26,0.0
1651830076,-29,7,26,0.0
1651830078,-29,7,26,0.0
1651830080,-29,7,26,0.0
1651830082,-29,7,26,0.0
1651830084,-29,7,26,0.0
1651830086,-29,7,26,0.0
1651830088,-29,7,26,0.0
1651830090,-29,7,26,0.0
1651830092,-29,7,26,0.0
1651830094,-29,7,26,0.0
1651830096,-29,7,26,0.0
1651830098,-29,7,26,0.0
1651830100,-29,7,26,0.0
1651830102,-29,7,26,0.0
1651830104,-29,7,26,0.0
1651830106,-29,7,26,0.0
1651830108,-29,7,26,0.0
1651830110,-29,7,26,0.0
1651830112,-29,7,26,0.0
1651830114,-29,7,26,0.0
1651830116,-29,7,26,0.0
1651830118,-29,7,26,0.0
1651830120,-29,7,26,0.0
1651830122,-29,7,26,0.0
1651830124,-29,7,26,0.0
1651830126,-29,7,26,0.0
1651830128,-29,7,26,0.0
1651830130,-29,7,26,0.0
1651830132,-29,7,26,0.0
1651830134,-29,7,26,0.0
1651830136,-29,7,26,0.0
1651830138,-29,7,26,0.0
1651830140,-29,7,26,0.0
1651830142,-29,7,26,0.0
1651830144,-29,7,26,0.0
1651830146,-29,7,26,0.0
1651830148,-29,7,26,0.0
1651830150,-29,7,26,0.0
1651830152,-29,7,26,0.0
1651830154,-29,7,26,0.0
1651830156,-29,7,26,0.0
1651830158,-29,7,26,0.0
1651830160,-29,7,26,0.0
1651830162,-29,7,26,0.0
1651830164,-29,7,26,0.0
1651830166,-29,7,26,0.0
1651830168,-29,7,26,0.0
1651830170,-29,7,26,0.0
1651830172,-29,7,26,0.0
1651830174,-29,7,26,0.0
1651830176,-29,7,26,0.0
1651830178,-29,7,26,0.0
1651830180,-29,7,26,0.0
1651830182,-29,7,26,0.0
1651830184,-29,7,26,0.0
1651830186,-29,7,26,0.0
1651830188,-29,7,26,0.0
1651830190,-29,7,26,0.0
1651830192,-29,7,26,0.0
1651830194,-29,7,26,0.0
1651830196,-29,7,26,0.0
1651830198,-29,7,26,0.0
1651830200,-29,7,26,0.0
1651830202,-29,7,26,0.0
1651830204,-29,7,26,0.0
1651830206,-29,7,26,0.0
1651830208,-29,7,26,0.0
1651830210,-29,7,26,0.0
1651830212,-29,7,26,0.0
1651830214,-29,7,26,0.0
1651830216,-29,7,26,0.0
1651830218,-29,7,26,0.0
1651830220,-29,7,26,0.0
1651830222,-29,7,26,0.0
1651830224,-29,7,26,0.0
1651830226,-29,7,26,0.0
1651830228,-29,7,26,0.0
1651830230,-29,7,26,0.0
1651830232,-29,7,26,0.0
1651830234,-29,7,26,0.0
1651830236,-29,7,26,0.0
1651830238,-29,7,26,0.0
1651830240,-29,7,26,0.0
1651830242,-29,7,26,0.0
1651830244,-29,7,26,0.0
1651830246,-29,7,26,0.0
1651830248,-29,7,26,0.0
1651830250,-29,7,26,0.0
1651830252,-29,7,26,0.0
1651830254,-29,7,26,0.0
1651830256,-29,7,26,0.0
1651830258,-29,7,26,0.0
1651830260,-29,7,26,0.0
1651830262,-29,7,26,0.0
1651830264,-29,7,26,0.0
1651830266,-29,7,26,0.0
1651830268,-29,7,26,0.0
1651830270,-29,7,26,0.0
1651830272,-29,7,26,0.0
1651830274,-29,7,26,0.0
1651830276,-29,7,26,0.0
1651830278,-29,7,26,0.0
1651830280,-29,7,26,0.0
1651830282,-29,7,26,0.0
1651830284,-29,7,26,0.0
1651830286,-29,7,26,0.0
1651830288,-29,7,26,0.0
1651830290,-29,7,26,0.0
1651830292,-29,7,26,0.0
1651830294,-29,7,26,0.0
1651830296,-29,7,26,0.0
1651830298,-29,7,26,0.0
1651830300,-29,7,26,0.0
1651830302,-29,7,26,0.0
1651830304,-29,7,26,0.0
1651830306,-29,7,26,0.0
1651830308,-29,7,26,0.0
1651830310,-29,7,26,0.0
1651830312,-29,7,26,0.0
1651830314,-29,7,26,0.0
1651830316,-29,7,26,0.0
1651830318,-29,7,26,0.0
1651830320,-29,7,26,0.0
1651830322,-29,7,26,0.0
1651830324,-29,7,26,0.0
1651830326,-29,7,26,0.0
1651830328,-29,7,26,0.0
1651830330,-29,7,26,0.0
1651830332,-29,7,26,0.0
1651830334,-29,7,26,0.0
1651830336,-29,7,26,0.0
1651830338,-29,7,26,0.0
1651830340,-29,7,26,0.0
1651830342,-29,7,26,0.0
1651830344,-29,7,26,0.0
1651830346,-29,7,26,0.0
1651830348,-29,7,26,0.0
1651830350,-29,7,26,0.0
1651830352,-29,7,26,0.0
1651830354,-29,7,26,0.0
1651830356,-29,7,26,0.0
1651830358,-29,7,26,0.0
1651830360,-29,7,26,0.0
1651830362,-29,7,26,0.0
1651830364,-29,7,26,0.0
1651830366,-29,7,26,0.0
1651830368,-29,7,26,0.0
1651830370,-29,7,26,0.0
1651830372,-29,7,26,0.0
1651830374,-29,7,26,0.0
1651830376,-29,7,26,0.0
1651830378,-29,7,26,0.0
1651830380,-29,7,26,0.0
1651830382,-29,7,26,0.0
1651830384,-29,7,26,0.0
1651830386,-29,7,26,0.0
1651830388,-29,7,26,0.0
1651830390,-29,7,26,0.0
1651830392,-29,7,26,0.0
1651830394,-29,7,26,0.0
1651830396,-29,7,26,0.0
1651830398,-29,7,26,0.0
1651830400,-29,7,26,0.0
1651830402,-29,7,26,0.0
1651830404,-29,7,26,0.0
1651830406,-29,7,26,0.0
1651830408,-29,7,26,0.0
1651830410,-29,7,26,0.0
1651830412,-29,7,26,0.0
1651830414,-29,7,26,0.0
1651830416,-29,7,26,0.0
1651830418,-29,7,26,0.0
1651830420,-29,7,26,0.0
1651830422,-29,7,26,0.0
1651830424,-29,7,26,0.0
1651830426,-29,7,26,0.0
1651830428,-29,7,26,0.0
1651830430,-29,7,26,0.0
1651830432,-29,7,26,0.0
1651830434,-29,7,26,0.0
1651830436,-29,7,26,0.0
1651830438,-29,7,26,0.0
1651830440,-29,7,26,0.0
1651830442,-29,7,26,0.0
1651830444,-29,7,26,0.0
1651830446,-29,7,26,0.0
1651830448,-29,7,26,0.0
1651830450,-29,7,26,0.0
1651830452,-29,7,26,0.0
1651830454,-29,7,26,0.0
1651830456,-29,7,26,0.0
1651830458,-29,7,26,0.0
1651830460,-29,7,26,0.0
1651830462,-29,7,26,0.0
1651830464,-29,7,26,0.0
1651830466,-29,7,26,0.0
1651830468,-29,7,26,0.0
1651830470,-29,7,26,0.0
1651830472,-29,7,26,0.0
1651830474,-29,7,26,0.0
1651830476,-29,7,26,0.0
1651830478,-29,7,26,0.0
1651830480,-29,7,26,0.0
1651830482,-29,7,26,0.0
1651830484,-29,7,26,0.0
1651830486,-29,7,26,0.0
1651830488,-29,7,26,0.0
1651830490,-29,7,26,0.0
1651830492,-29,7,26,0.0
1651830494,-29,7,26,0.0
1651830496,-29,7,26,0.0
1651830498,-29,7,26,0.0
1651830500,-29,7,26,0.0
1651830502,-29,7,26,0.0
1651830504,-29,7,26,0.0
1651830506,-29,7,26,0.0
1651830508,-29,7,26,0.0
1651830510,-29,7,26,0.0
1651830512,-29,7,26,0.0
1651830514,-29,7,26,0.0
1651830516,-29,7,26,0.0
1651830518,-29,7,26,0.0
1651830520,-29,7,26,0.0
1651830522,-29,7,26,0.0
1651830524,-29,7,26,0.0
1651830526,-29,7,26,0.0
1651830528,-29,7,26,0.0
1651830530,-29,7,26,0.0
1651830532,-29,7,26,0.0
1651830534,-29,7,26,0.0
1651830536,-29,7,26,0.0
1651830538,-29,7,26,0.0
1651830540,-29,7,26,0.0
1651830542,-29,7,26,0.0
1651830544,-29,7,26,0.0
1651830546,-29,7,26,0.0
1651830548,-29,7,26,0.0
1651830550,-29,7,26,0.0
1651830552,-29,7,26,0.0
1651830554,-29,7,26,0.0
1651830556,-29,7,26,0.0
1651830558,-29,7,26,0.0
1651830560,-29,7,26,0.0
1651830562,-29,7,26,0.0
1651830564,-29,7,26,0.0
1651830566,-29,7,26,0.0
1651830568,-29,7,26,0.0
1651830570,-29,7,26,0.0
1651830572,-29,7,26,0.0
1651830574,-29,7,26,0.0
1651830576,-29,7,26,0.0
1651830578,-29,7,26,0.0
1651830580,-29,7,26,0.0
1651830582,-29,7,26,0.0
1651830584,-29,7,26,0.0
1651830586,-29,7,26,0.0
1651830588,-29,7,26,0.0
1651830590,-29,7,26,0.0
1651830593,-29,7,26,0.0
1651830595,-29,7,26,0.0
1651830597,-29,7,26,0.0
1651830599,-29,7,26,0.0
1651830601,-29,7,26,0.0
1651830603,-29,7,26,0.0
1651830605,-29,7,26,0.0
1651830607,-29,7,26,0.0
1651830609,-29,7,26,0.0
1651830611,-29,7,26,0.0
1651830613,-29,7,26,0.0
1651830615,-29,7,26,0.0
1651830617,-29,7,26,0.0
1651830619,-29,7,26,0.0
1651830621,-29,7,26,0.0
1651830623,-29,7,26,0.0
1651830625,-29,7,26,0.0
1651830627,-29,7,26,0.0
1651830629,-29,7,26,0.0
1651830631,-29,7,26,0.0
1651830633,-29,7,26,0.0
1651830635,-29,7,26,0.0
1651830637,-29,7,26,0.0
1651830639,-29,7,26,0.0
1651830641,-29,7,26,0.0
1651830643,-29,7,26,0.0
1651830645,-29,7,26,0.0
1651830647,-29,7,26,0.0
1651830649,-29,7,26,0.0
1651830651,-29,7,26,0.0
1651830653,-29,7,26,0.0
1651830655,-29,7,26,0.0
1651830657,-29,7,26,0.0
1651830659,-29,7,26,0.0
1651830661,-29,7,26,0.0
1651830663,-29,7,26,0.0
1651830665,-29,7,26,0.0
1651830667,-29,7,26,0.0
1651830669,-29,7,26,0.0
1651830671,-29,7,26,0.0
1651830673,-29,7,26,0.0
1651830675,-29,7,26,0.0
1651830677,-29,7,26,0.0
1651830679,-29,7,26,0.0
1651830681,-29,7,26,0.0
1651830683,-29,7,26,0.0
1651830685,-29,7,26,0.0
1651830687,-29,7,26,0.0
1651830689,-29,7,26,0.0
1651830691,-29,7,26,0.0
1651830693,-29,7,26,0.0
1651830695,-29,7,26,0.0
1651830697,-29,7,26,0.0
1651830699,-29,7,26,0.0
1651830701,-29,7,26,0.0
1651830703,-29,7,26,0.0
1651830705,-29,7,26,0.0
1651830707,-29,7,26,0.0
1651830709,-29,7,26,0.0
1651830711,-29,7,26,0.0
1651830713,-29,7,26,0.0
1651830715,-29,7,26,0.0
1651830717,-29,7,26,0.0
1651830719,-29,7,26,0.0
1651830721,-29,7,26,0.0
1651830723,-29,7,26,0.0
1651830725,-29,7,26,0.0
1651830727,-29,7,26,0.0
1651830729,-29,7,26,0.0
1651830731,-29,7,26,0.0
1651830733,-29,7,26,0.0
1651830735,-29,7,26,0.0
1651830737,-29,7,26,0.0
1651830739,-29,7,26,0.0
1651830741,-29,7,26,0.0
1651830743,-29,7,26,0.0
1651830745,-29,7,26,0.0
1651830747,-29,7,26,0.0
1651830749,-29,7,26,0.0
1651830751,-29,7,26,0.0
1651830753,-29,7,26,0.0
1651830755,-29,7,26,0.0
1651830757,-29,7,26,0.0
1651830759,-29,7,26,0.0
1651830761,-29,7,26,0.0
1651830763,-29,7,26,0.0
1651830765,-29,7,26,0.0
1651830767,-29,7,26,0.0
1651830769,-29,7,26,0.0
1651830771,-29,7,26,0.0
1651830773,-29,7,26,0.0
1651830775,-29,7,26,0.0
1651830777,-29,7,26,0.0
1651830779,-29,7,26,0.0
1651830781,-29,7,26,0.0
1651830783,-29,7,26,0.0
1651830785,-29,7,26,0.0
1651830787,-29,7,26,0.0
1651830789,-29,7,26,0.0
1651830791,-29,7,26,0.0
1651830793,-29,7,26,0.0
1651830795,-29,7,26,0.0
1651830797,-29,7,26,0.0
1651830799,-29,7,26,0.0
1651830801,-29,7,26,0.0
1651830803,-29,7,26,0.0
1651830805,-29,7,26,0.0
1651830807,-29,7,26,0.0
1651830809,-29,7,26,0.0
1651830811,-29,7,26,0.0
1651830813,-29,7,26,0.0
1651830815,-29,7,26,0.0
1651830817,-29,7,26,0.0
1651830819,-29,7,26,0.0
1651830821,-29,7,26,0.0
1651830823,-29,7,26,0.0
1651830825,-29,7,26,0.0
1651830827,-29,7,26,0.0
1651830829,-29,7,26,0.0
1651830831,-29,7,26,0.0
1651830833,-29,7,26,0.0
1651830835,-29,7,26,0.0
1651830837,-29,7,26,0.0
1651830839,-29,7,26,0.0
1651830841,-29,7,26,0.0
1651830843,-29,7,26,0.0
1651830845,-29,7,26,0.0
1651830847,-29,7,26,0.0
1651830849,-29,7,26,0.0
1651830851,-29,7,26,0.0
1651830853,-29,7,26,0.0
1651830855,-29,7,26,0.0
1651830857,-29,7,26,0.0
1651830859,-29,7,26,0.0
1651830861,-29,7,26,0.0
1651830863,-29,7,26,0.0
1651830865,-29,7,26,0.0
1651830867,-29,7,26,0.0
1651830869,-29,7,26,0.0
1651830871,-29,7,26,0.0
1651830873,-29,7,26,0.0
1651830875,-29,7,26,0.0
1651830877,-29,7,26,0.0
1651830879,-29,7,26,0.0
1651830881,-29,7,26,0.0
1651830883,-29,7,26,0.0
1651830885,-29,7,26,0.0
1651830887,-29,7,26,0.0
1651830889,-29,7,26,0.0
1651830891,-29,7,26,0.0
1651830893,-29,7,26,0.0
1651830895,-29,7,26,0.0
1651830897,-29,7,26,0.0
1651830899,-29,7,26,0.0
1651830901,-29,7,26,0.0
1651830903,-29,7,26,0.0
1651830905,-29,7,26,0.0
1651830907,-29,7,26,0.0
1651830909,-29,7,26,0.0
1651830911,-29,7,26,0.0
1651830913,-29,7,26,0.0
1651830915,-29,7,26,0.0
1651830917,-29,7,26,0.0
1651830919,-29,7,26,0.0
1651830921,-29,7,26,0.0
1651830923,-29,7,26,0.0
1651830925,-29,7,26,0.0
1651830927,-29,7,26,0.0
1651830929,-29,7,26,0.0
1651830931,-29,7,26,0.0
1651830933,-29,7,26,0.0
1651830935,-29,7,26,0.0
1651830937,-29,7,26,0.0
1651830939,-29,7,26,0.0
1651830941,-29,7,26,0.0
1651830943,-29,7,26,0.0
1651830945,-29,7,26,0.0
1651830947,-29,7,26,0.0
1651830949,-29,7,26,0.0
1651830951,-29,7,26,0.0
1651830953,-29,7,26,0.0
1651830955,-29,7,26,0.0
1651830957,-29,7,26,0.0
1651830959,-29,7,26,0.0
1651830961,-29,7,26,0.0
1651830963,-29,7,26,0.0
1651830965,-29,7,26,0.0
1651830967,-29,7,26,0.0
1651830969,-29,7,26,0.0
1651830971,-29,7,26,0.0
1651830973,-29,7,26,0.0
1651830975,-29,7,26,0.0
1651830977,-29,7,26,0.0
1651830979,-29,7,26,0.0
1651830981,-29,7,26,0.0
1651830983,-29,7,26,0.0
1651830985,-29,7,26,0.0
1651830987,-29,7,26,0.0
1651830989,-29,7,26,0.0
1651830991,-29,7,26,0.0
1651830993,-29,7,26,0.0
1651830995,-29,7,26,0.0
1651830997,-29,7,26,0.0
1651830999,-29,7,26,0.0
1651831001,-29,7,26,0.0
1651831003,-29,7,26,0.0
1651831005,-29,7,26,0.0
1651831007,-29,7,26,0.0
1651831009,-29,7,26,0.0
1651831011,-29,7,26,0.0
1651831013,-29,7,26,0.0
1651831015,-29,7,26,0.0
1651831017,-29,7,26,0.0
1651831019,-29,7,26,0.0
1651831021,-29,7,26,0.0
1651831023,-29,7,26,0.0
1651831025,-29,7,26,0.0
1651831027,-29,7,26,0.0
1651831029,-29,7,26,0.0
1651831031,-29,7,26,0.0
1651831033,-29,7,26,0.0
1651831035,-29,7,26,0.0
1651831037,-29,7,26,0.0
1651831039,-29,7,26,0.0
1651831041,-29,7,26,0.0
1651831043,-29,7,26,0.0
1651831045,-29,7,26,0.0
1651831047,-29,7,26,0.0
1651831049,-29,7,26,0.0
1651831051,-29,7,26,0.0
1651831053,-29,7,26,0.0
1651831055,-29,7,26,0.0
1651831057,-29,7,26,0.0
1651831059,-29,7,26,0.0
1651831061,-29,7,26,0.0
1651831063,-29,7,26,0.0
1651831065,-29,7,26,0.0
1651831067,-29,7,26,0.0
1651831069,-29,7,26,0.0
1651831071,-29,7,26,0.0
1651831073,-29,7,26,0.0
1651831075,-29,7,26,0.0
1651831077,-29,7,26,0.0
1651831079,-29,7,26,0.0
1651831081,-29,7,26,0.0
1651831083,-29,7,26,0.0
1651831085,-29,7,26,0.0
1651831087,-29,7,26,0.0
1651831089,-29,7,26,0.0
1651831091,-29,7,26,0.0
1651831093,-29,7,26,0.0
1651831095,-29,7,26,0.0
1651831097,-29,7,26,0.0
1651831099,-29,7,26,0.0
1651831101,-29,7,26,0.0
1651831103,-29,7,26,0.0
1651831105,-29,7,26,0.0
1651831107,-29,7,26,0.0
1651831109,-29,7,26,0.0
1651831111,-29,7,26,0.0
1651831113,-29,7,26,0.0
1651831115,-29,7,26,0.0
1651831117,-29,7,26,0.0
1651831119,-29,7,26,0.0
1651831121,-29,7,26,0.0
1651831123,-29,7,26,0.0
1651831125,-29,7,26,0.0
1651831127,-29,7,26,0.0
1651831129,-29,7,26,0.0
1651831131,-29,7,26,0.0
1651831133,-29,7,26,0.0
1651831135,-29,7,26,0.0
1651831137,-29,7,26,0.0
1651831139,-29,7,26,0.0
1651831141,-29,7,26,0.0
1651831143,-29,7,26,0.0
1651831145,-29,7,26,0.0
1651831147,-29,7,26,0.0
1651831149,-29,7,26,0.0
1651831151,-29,7,26,0.0
1651831153,-29,7,26,0.0
1651831155,-29,7,26,0.0
1651831157,-29,7,26,0.0
1651831159,-29,7,26,0.0
1651831161,-29,7,26,0.0
1651831163,-29,7,26,0.0
1651831165,-29,7,26,0.0
1651831167,-29,7,26,0.0
1651831169,-29,7,26,0.0
1651831171,-29,7,26,0.0
1651831173,-29,7,26,0.0
1651831175,-29,7,26,0.0
1651831177,-29,7,26,0.0
1651831179,-29,7,26,0.0
1651831181,-29,7,26,0.0
1651831183,-29,7,26,0.0
1651831185,-29,7,26,0.0
1651831187,-29,7,26,0.0
1651831189,-29,7,26,0.0
1651831191,-29,7,26,0.0
1651831193,-29,7,26,0.0
1651831195,-29,7,26,0.0
1651831197,-29,7,26,0.0
1651831199,-29,7,26,0.0
1651831201,-29,7,26,0.0
1651831203,-29,7,26,0.0
1651831205,-29,7,26,0.0
1651831207,-29,7,26,0.0
1651831209,-29,7,26,0.0
1651831211,-29,7,26,0.0
1651831213,-29,7,26,0.0
1651831215,-29,7,26,0.0
1651831217,-29,7,26,0.0
1651831219,-29,7,26,0.0
1651831221,-29,7,26,0.0
1651831223,-29,7,26,0.0
1651831225,-29,7,26,0.0
1651831227,-29,7,26,0.0
1651831229,-29,7,26,0.0
1651831231,-29,7,26,0.0
1651831233,-29,7,26,0.0
1651831235,-29,7,26,0.0
1651831237,-29,7,26,0.0
1651831239,-29,7,26,0.0
1651831241,-29,7,26,0.0
1651831243,-29,7,26,0.0
1651831245,-29,7,26,0.0
1651831247,-29,7,26,0.0
1651831249,-29,7,26,0.0
1651831251,-29,7,26,0.0
1651831253,-29,7,26,0.0
1651831255,-29,7,26,0.0
1651831257,-29,7,26,0.0
1651831259,-29,7,26,0.0
1651831261,-29,7,26,0.0
1651831263,-29,7,26,0.0
1651831265,-29,7,26,0.0
1651831267,-29,7,26,0.0
1651831269,-29,7,26,0.0
1651831271,-29,7,26,0.0
1651831273,-29,7,26,0.0
1651831275,-29,7,26,0.0
1651831277,-29,7,26,0.0
1651831279,-29,7,26,0.0
1651831281,-29,7,26,0.0
1651831283,-29,7,26,0.0
1651831285,-29,7,26,0.0
1651831287,-29,7,26,0.0
1651831289,-29,7,26,0.0
1651831291,-29,7,26,0.0
1651831293,-29,7,26,0.0
1651831295,-29,7,26,0.0
1651831297,-29,7,26,0.0
1651831299,-29,7,26,0.0
1651831301,-29,7,26,0.0
1651831303,-29,7,26,0.0
1651831305,-29,7,26,0.0
1651831307,-29,7,26,0.0
1651831309,-29,7,26,0.0
1651831311,-29,7,26,0.0
1651831313,-29,7,26,0.0
1651831315,-29,7,26,0.0
1651831317,-29,7,26,0.0
1651831319,-29,7,26,0.0
1651831321,-29,7,26,0.0
1651831323,-29,7,26,0.0
1651831325,-29,7,26,0.0
1651831327,-29,7,26,0.0
1651831329,-29,7,26,0.0
1651831331,-29,7,26,0.0
1651831333,-29,7,26,0.0
1651831335,-29,7,26,0.0
1651831337,-29,7,26,0.0
1651831339,-29,7,26,0.0
1651831341,-29,7,26,0.0
1651831343,-29,7,26,0.0
1651831345,-29,7,26,0.0
1651831347,-29,7,26,0.0
1651831349,-29,7,26,0.0
1651831351,-29,7,26,0.0
1651831353,-29,7,26,0.0
1651831355,-29,7,26,0.0
1651831357,-29,7,26,0.0
1651831359,-29,7,26,0.0
1651831361,-29,7,26,0.0
1651831363,-29,7,26,0.0
1651831365,-29,7,26,0.0
1651831367,-29,7,26,0.0
1651831369,-29,7,26,0.0
1651831371,-29,7,26,0.0
1651831373,-29,7,26,0.0
1651831375,-29,7,26,0.0
1651831377,-29,7,26,0.0
1651831379,-29,7,26,0.0
1651831381,-29,7,26,0.0
1651831383,-29,7,26,0.0
1651831385,-29,7,26,0.0
1651831387,-29,7,26,0.0
1651831389,-29,7,26,0.0
1651831391,-29,7,26,0.0
1651831393,-29,7,26,0.0
1651831395,-29,7,26,0.0
1651831397,-29,7,26,0.0
1651831399,-29,7,26,0.0
1651831401,-29,7,26,0.0
1651831403,-29,7,26,0.0
1651831405,-29,7,26,0.0
1651831407,-29,7,26,0.0
1651831409,-29,7,26,0.0
1651831411,-29,7,26,0.0
1651831413,-29,7,26,0.0
1651831415,-29,7,26,0.0
1651831417,-29,7,26,0.0
1651831419,-29,7,26,0.0
1651831421,-29,7,26,0.0
1651831423,-29,7,26,0.0
1651831425,-29,7,26,0.0
1651831427,-29,7,26,0.0
1651831429,-29,7,26,0.0
1651831431,-29,7,26,0.0
1651831433,-29,7,26,0.0
1651831435,-29,7,26,0.0
1651831437,-29,7,26,0.0
1651831439,-29,7,26,0.0
1651831441,-29,7,26,0.0
1651831443,-29,7,26,0.0
1651831445,-29,7,26,0.0
1651831447,-29,7,26,0.0
1651831449,-29,7,26,0.0
1651831451,-29,7,26,0.0
1651831453,-29,7,26,0.0
1651831455,-29,7,26,0.0
1651831457,-29,7,26,0.0
1651831459,-29,7,26,0.0
1651831461,-29,7,26,0.0
1651831463,-29,7,26,0.0
1651831465,-29,7,26,0.0
1651831467,-29,7,26,0.0
1651831469,-29,7,26,0.0
1651831471,-29,7,26,0.0
1651831473,-29,7,26,0.0
1651831475,-29,7,26,0.0
1651831477,-29,7,26,0.0
1651831479,-29,7,26,0.0
1651831481,-29,7,26,0.0
1651831483,-29,7,26,0.0
1651831485,-29,7,26,0.0
1651831487,-29,7,26,0.0
1651831489,-29,7,26,0.0
1651831491,-29,7,26,0.0
1651831493,-29,7,26,0.0
1651831495,-29,7,26,0.0
1651831497,-29,7,26,0.0
1651831499,-29,7,26,0.0
1651831501,-29,7,26,0.0
1651831503,-29,7,26,0.0
1651831505,-29,7,26,0.0
1651831507,-29,7,26,0.0
1651831509,-29,7,26,0.0
1651831511,-29,7,26,0.0
1651831513,-29,7,26,0.0
1651831515,-29,7,26,0.0
1651831517,-29,7,26,0.0
1651831519,-29,7,26,0.0
1651831521,-29,7,26,0.0
1651831523,-29,7,26,0.0
1651831525,-29,7,26,0.0
1651831527,-29,7,26,0.0
1651831529,-29,7,26,0.0
1651831531,-29,7,26,0.0
1651831533,-29,7,26,0.0
1651831535,-29,7,26,0.0
1651831537,-29,7,26,0.0
1651831539,-29,7,26,0.0
1651831541,-29,7,26,0.0
1651831543,-29,7,26,0.0
1651831545,-29,7,26,0.0
1651831547,-29,7,26,0.0
1651831549,-29,7,26,0.0
1651831551,-29,7,26,0.0
1651831553,-29,7,26,0.0
1651831555,-29,7,26,0.0
1651831557,-29,7,26,0.0
1651831559,-29,7,26,0.0
1651831561,-29,7,26,0.0
1651831563,-29,7,26,0.0
1651831565,-29,7,26,0.0
1651831567,-29,7,26,0.0
1651831569,-29,7,26,0.0
1651831571,-29,7,26,0.0
1651831573,-29,7,26,0.0
1651831575,-29,7,26,0.0
1651831577,-29,7,26,0.0
1651831579,-29,7,26,0.0
1651831581,-29,7,26,0.0
1651831583,-29,7,26,0.0
1651831585,-29,7,26,0.0
1651831587,-29,7,26,0.0
1651831589,-29,7,26,0.0
1651831591,-29,7,26,0.0
1651831593,-29,7,26,0.0
1651831595,-29,7,26,0.0
1651831597,-29,7,26,0.0
1651831599,-29,7,26,0.0
1651831601,-29,7,26,0.0
1651831603,-29,7,26,0.0
1651831605,-29,7,26,0.0
1651831607,-29,7,26,0.0
1651831609,-29,7,26,0.0
1651831611,-29,7,26,0.0
1651831613,-29,7,26,0.0
1651831615,-29,7,26,0.0
1651831617,-29,7,26,0.0
1651831619,-29,7,26,0.0
1651831621,-29,7,26,0.0
1651831623,-29,7,26,0.0
1651831625,-29,7,26,0.0
1651831627,-29,7,26,0.0
1651831629,-29,7,26,0.0
1651831631,-29,7,26,0.0
1651831633,-29,7,26,0.0
1651831635,-29,7,26,0.0
1651831637,-29,7,26,0.0
1651831639,-29,7,26,0.0
1651831641,-29,7,26,0.0
1651831643,-29,7,26,0.0
1651831645,-29,7,26,0.0
1651831647,-29,7,26,0.0
1651831649,-29,7,26,0.0
1651831651,-29,7,26,0.0
1651831653,-29,7,26,0.0
1651831655,-29,7,26,0.0
1651831657,-29,7,26,0.0
1651831659,-29,7,26,0.0
1651831661,-29,7,26,0.0
1651831663,-29,7,26,0.0
1651831665,-29,7,26,0.0
1651831667,-29,7,26,0.0
1651831669,-29,7,26,0.0
1651831671,-29,7,26,0.0
1651831673,-29,7,26,0.0
1651831675,-29,7,26,0.0
1651831677,-29,7,26,0.0
1651831679,-29,7,26,0.0
1651831681,-29,7,26,0.0
1651831683,-29,7,26,0.0
1651831685,-29,7,26,0.0
1651831687,-29,7,26,0.0
1651831689,-29,7,26,0.0
1651831691,-29,7,26,0.0
1651831693,-29,7,26,0.0
1651831695,-29,7,26,0.0
1651831697,-29,7,26,0.0
1651831699,-29,7,26,0.0
1651831701,-29,7,26,0.0
1651831703,-29,7,26,0.0
1651831705,-29,7,26,0.0
1651831707,-29,7,26,0.0
1651831709,-29,7,26,0.0
1651831711,-29,7,26,0.0
1651831713,-29,7,26,0.0
1651831715,-29,7,26,0.0
1651831717,-29,7,26,0.0
1651831719,-29,7,26,0.0
1651831721,-29,7,26,0.0
1651831723,-29,7,26,0.0
1651831725,-29,7,26,0.0
1651831727,-29,7,26,0.0
1651831729,-29,7,26,0.0
1651831731,-29,7,26,0.0
1651831733,-29,7,26,0.0
1651831735,-29,7,26,0.0
1651831737,-29,7,26,0.0
1651831739,-29,7,26,0.0
1651831741,-29,7,26,0.0
1651831743,-29,7,26,0.0
1651831745,-29,7,26,0.0
1651831747,-29,7,26,0.0
1651831749,-29,7,26,0.0
1651831751,-29,7,26,0.0
1651831753,-29,7,26,0.0
1651831755,-29,7,26,0.0
1651831757,-29,7,26,0.0
1651831759,-29,7,26,0.0
1651831761,-29,7,26,0.0
1651831763,-29,7,26,0.0
1651831765,-29,7,26,0.0
1651831767,-29,7,26,0.0
1651831769,-29,7,26,0.0
1651831771,-29,7,26,0.0
1651831773,-29,7,26,0.0
1651831775,-29,7,26,0.0
1651831777,-29,7,26,0.0
1651831779,-29,7,26,0.0
1651831781,-29,7,26,0.0
1651831783,-29,7,26,0.0
1651831785,-29,7,26,0.0
1651831787,-29,7,26,0.0
1651831789,-29,7,26,0.0
1651831791,-29,7,26,0.0
1651831793,-29,7,26,0.0
1651831795,-29,7,26,0.0
1651831797,-29,7,26,0.0
1651831799,-29,7,26,0.0
1651831801,-29,7,26,0.0
1651831803,-29,7,26,0.0
1651831805,-29,7,26,0.0
1651831807,-29,7,26,0.0
1651831809,-29,7,26,0.0
1651831811,-29,7,26,0.0
1651831813,-29,7,26,0.0
1651831888,-18,0,7,-0.3
1651831890,-18,0,7,0.0
1651831892,-18,0,7,0.0
1651831894,-17,0,7,0.0
1651831896,-19,0,8,0.5
1651831898,-19,0,8,0.0
1651831900,-20,0,9,0.5
1651831902,-19,0,8,-0.5
1651831904,-21,0,10,1.0
1651831906,-22,0,12,1.0
1651831908,-24,0,15,1.5
1651831910,-25,0,16,0.5
1651831912,-25,11,16,0.0
1651831914,-16,0,6,-5.0
1651831916,-17,0,7,0.5
1651831918,-25,3,16,4.5
1651831920,-25,3,16,0.0
1651831922,-25,3,16,0.0
1651831924,-25,0,16,0.0
1651831926,-24,2,15,-0.5
1651831928,-24,2,15,0.0
1651831930,-25,2,16,0.5
1651831932,-25,2,16,0.0
1651831934,-25,2,16,0.0
1651831936,-24,2,15,-0.5
1651831938,-24,2,15,0.0
1651831940,-26,2,18,1.5
1651831942,-25,2,16,-1.0
1651831944,-26,2,18,1.0
1651831946,-26,8,18,0.0
1651831948,-25,1,16,-1.0
1651831950,-24,8,15,-0.5
1651831952,-25,8,16,0.5
1651831954,-24,8,15,-0.5
1651831956,-24,8,15,0.0
1651831958,-21,2,10,-2.5
1651831960,-25,2,16,3.0
1651831962,-25,2,16,0.0
1651831964,-26,14,18,1.0
1651831966,-24,10,15,-1.5
1651831968,-23,10,13,-1.0
1651831971,-24,10,15,0.7
1651831973,-25,10,16,0.5
1651831975,-25,2,16,0.0
1651831977,-25,2,16,0.0
1651831979,-76,2,5804,2894.0
1651831981,-26,10,18,-2893.0
1651831983,-26,10,18,0.0
1651831985,-25,12,16,-1.0
1651831987,-25,10,16,0.0
1651831989,-25,4,16,0.0
1651831991,-23,10,13,-1.5
1651831993,-26,10,18,2.5
1651831995,-24,10,15,-1.5
1651831997,-25,10,16,0.5
1651831999,-24,10,15,-0.5
1651832001,-26,10,18,1.5
1651832003,-26,10,18,0.0
1651832005,-24,10,15,-1.5
1651832007,-25,10,16,0.5
1651832009,-24,10,15,-0.5
1651832011,-26,10,18,1.5
1651832013,-25,10,16,-1.0
1651832015,-24,3,15,-0.5
1651832017,-26,3,18,1.5
1651832019,-25,3,16,-1.0
1651832021,-25,3,16,0.0
1651832023,-25,13,16,0.0
1651832025,-23,3,13,-1.5
1651832027,-24,3,15,1.0
1651832029,-27,3,21,3.0
1651832031,-24,9,15,-3.0
1651832033,-25,9,16,0.5
1651832035,-23,9,13,-1.5
1651832037,-21,9,10,-1.5
1651832039,-21,3,10,0.0
1651832041,-21,3,10,0.0
1651832043,-26,2,18,4.0
1651832045,-27,3,21,1.5
1651832047,-26,3,18,-1.5
1651832049,-24,3,15,-1.5
1651832051,-25,3,16,0.5
1651832053,-24,3,15,-0.5
1651832055,-22,3,12,-1.5
1651832057,-23,3,13,0.5
1651832059,-23,3,13,0.0
1651832061,-25,3,16,1.5
1651832063,-25,4,16,0.0
1651832065,-25,4,16,0.0
1651832067,-26,3,18,1.0
1651832069,-25,3,16,-1.0
1651832071,-26,3,18,1.0
1651832073,-26,3,18,0.0
1651832075,-25,4,16,-1.0
1651832077,-24,3,15,-0.5
1651832079,-24,3,15,0.0
1651832081,-21,3,10,-2.5
1651832083,-24,3,15,2.5
1651832085,-22,1,12,-1.5
1651832087,-23,0,13,0.5
1651832089,-24,6,15,1.0
1651832091,-23,0,13,-1.0
1651832093,-23,0,13,0.0
1651832095,-24,10,15,1.0
1651832097,-21,10,10,-2.5
1651832099,-24,11,15,2.5
1651832101,-24,10,15,0.0
1651832103,-25,10,16,0.5
1651832105,-23,10,13,-1.5
1651832107,-25,5,16,1.5
1651832109,-24,10,15,-0.5
1651832111,-25,10,16,0.5
1651832113,-23,10,13,-1.5
1651832115,-24,10,15,1.0
1651832117,-24,10,15,0.0
1651832119,-24,10,15,0.0
1651832121,-22,10,12,-1.5
1651832123,-23,10,13,0.5
1651832125,-22,0,12,-0.5
1651832127,-23,0,13,0.5
1651832129,-23,10,13,0.0
1651832131,-25,10,16,1.5
1651832133,-26,10,18,1.0
1651832135,-23,2,13,-2.5
1651832137,-25,10,16,1.5
1651832139,-24,8,15,-0.5
1651832141,-24,10,15,0.0
1651832143,-23,10,13,-1.0
1651832145,-23,10,13,0.0
1651832147,-24,12,15,1.0
1651832149,-24,8,15,0.0
1651832151,-23,8,13,-1.0
1651832153,-23,8,13,0.0
1651832155,-23,9,13,0.0
1651832157,-22,9,12,-0.5
1651832159,-24,9,15,1.5
1651832161,-23,9,13,-1.0
1651832163,-24,9,15,1.0
1651832165,-24,9,15,0.0
1651832167,-24,10,15,0.0
1651832169,-25,10,16,0.5
1651832171,-20,10,9,-3.5
1651832173,-24,4,15,3.0
1651832175,-25,4,16,0.5
1651832177,-24,1,15,-0.5
1651832179,-23,1,13,-1.0
1651832181,-26,1,18,2.5
1651832183,-25,9,16,-1.0
1651832185,-24,9,15,-0.5
1651832187,-24,9,15,0.0
1651832189,-26,9,18,1.5
1651832191,-24,9,15,-1.5
1651832193,-24,9,15,0.0
1651832195,-24,9,15,0.0
1651832197,-24,9,15,0.0
1651832199,-23,9,13,-1.0
1651832201,-24,9,15,1.0
1651832203,-30,9,29,7.0
1651832205,-28,4,23,-3.0
1651832207,-25,4,16,-3.5
1651832209,-30,4,29,6.5
1651832211,-27,4,21,-4.0
1651832213,-23,1,13,-4.0
1651832215,-23,3,13,0.0
1651832217,-25,3,16,1.5
1651832219,-28,3,23,3.5
1651832221,-26,2,18,-2.5
1651832223,-27,10,21,1.5
1651832225,-25,2,16,-2.5
1651832227,-27,2,21,2.5
1651832229,-28,3,23,1.0
1651832231,-25,3,16,-3.5
1651832233,-27,2,21,2.5
1651832235,-26,2,18,-1.5
1651832237,-27,3,21,1.5
1651832239,-27,2,21,0.0
1651832241,-27,2,21,0.0
1651832243,-26,2,18,-1.5
1651832245,-26,2,18,0.0
1651832247,-27,10,21,1.5
1651832249,-21,2,10,-5.5
1651832251,-28,2,23,6.5
1651832253,-27,3,21,-1.0
1651832255,-26,3,18,-1.5
1651832257,-27,3,21,1.5
1651832259,-28,2,23,1.0
1651832261,-28,3,23,0.0
1651832263,-25,3,16,-3.5
1651832265,-28,3,23,3.5
1651832267,-26,3,18,-2.5
1651832269,-28,3,23,2.5
1651832271,-26,3,18,-2.5
1651832273,-27,3,21,1.5
1651832275,-26,3,18,-1.5
1651832277,-28,2,23,2.5
1651832279,-28,2,23,0.0
1651832281,-27,3,21,-1.0
1651832283,-26,2,18,-1.5
1651832285,-25,2,16,-1.0
1651832287,-28,3,23,3.5
1651832289,-27,3,21,-1.0
1651832291,-28,3,23,1.0
1651832293,-22,1,12,-5.5
1651832295,-25,1,16,2.0
1651832297,-23,0,13,-1.5
1651832299,-23,0,13,0.0
1651832301,-23,11,13,0.0
1651832303,-23,0,13,0.0
1651835904,-25,0,16,0.0
1651835906,-25,12,16,0.0
1651835908,-25,12,16,0.0
1651835910,-25,12,16,0.0
1651835912,-24,12,15,-0.5
1651835914,-25,12,16,0.5
1651835916,-26,15,18,1.0
1651835918,-25,15,16,-1.0
1651835920,-27,15,21,2.5
1651835922,-26,15,18,-1.5
1651835924,-27,15,21,1.5
1651835926,-30,15,29,4.0
1651835928,-30,15,29,0.0
1651835930,-28,15,23,-3.0
1651835932,-29,15,26,1.5
1651835934,-27,15,21,-2.5
1651835936,-30,15,29,4.0
1651835938,-28,14,23,-3.0
1651835940,-29,15,26,1.5
1651835942,-28,15,23,-1.5
1651835944,-30,13,29,3.0
1651835946,-27,15,21,-4.0
1651835948,-29,15,26,2.5
1651835950,-27,12,21,-2.5
1651835952,-36,12,58,18.5
1651835954,-33,15,41,-8.5
1651835956,-27,14,21,-10.0
1651835958,-27,12,21,0.0
1651835960,-27,13,21,0.0
1651835962,-31,13,33,6.0
1651835964,-37,15,65,16.0
1651835966,-29,5,26,-19.5
1651835968,-27,13,21,-2.5
1651835970,-35,7,52,15.5
1651835972,-28,15,23,-14.5
1651835974,-28,15,23,0.0
1651835976,-30,14,29,3.0
1651835978,-34,7,46,8.5
1651835980,-29,13,26,-10.0
1651835982,-34,14,46,10.0
1651835984,-29,15,26,-10.0
1651835986,-35,15,52,13.0
1651835988,-27,15,21,-15.5
1651835990,-35,15,52,15.5
1651835992,-34,14,46,-3.0
1651835994,-34,14,46,0.0
1651835996,-34,14,46,0.0
1651835998,-28,13,23,-11.5
1651836000,-30,13,29,3.0
1651836002,-31,15,33,2.0
1651836004,-27,15,21,-6.0
1651836006,-29,15,26,2.5
1651836008,-35,6,52,13.0
1651836010,-31,14,33,-9.5
1651836012,-32,13,37,2.0
1651836014,-29,14,26,-5.5
1651836016,-38,14,73,23.5
1651836018,-28,15,23,-25.0
1651836020,-28,13,23,0.0
1651836022,-29,14,26,1.5
1651836024,-29,14,26,0.0
1651836026,-29,13,26,0.0
1651836028,-36,14,58,16.0
1651836030,-36,14,58,0.0
1651836032,-34,14,46,-6.0
1651836034,-29,13,26,-10.0
1651836036,-36,13,58,16.0
1651836038,-30,14,29,-14.5
1651836040,-28,14,23,-3.0
1651836042,-35,14,52,14.5
1651836044,-30,14,29,-11.5
1651836046,-28,14,23,-3.0
1651836048,-35,14,52,14.5
1651836050,-32,14,37,-7.5
1651836052,-37,14,65,14.0
1651836054,-29,13,26,-19.5
1651836056,-32,12,37,5.5
1651836058,-34,12,46,4.5
1651836060,-33,12,41,-2.5
1651836062,-35,14,52,5.5
1651836064,-37,12,65,6.5
1651836066,-30,14,29,-18.0
1651836068,-29,14,26,-1.5
1651836070,-36,14,58,16.0
1651836072,-66,13,1835,888.5
1651836074,-70,13,2909,537.0
1651836076,-32,7,37,-1436.0
1651836078,-31,13,33,-2.0
1651836080,-38,15,73,20.0
1651836082,-36,15,58,-7.5
1651836084,-31,15,33,-12.5
1651836086,-27,14,21,-6.0
1651836088,-29,14,26,2.5
1651836090,-29,5,26,0.0
1651836092,-31,14,33,3.5
1651836094,-28,14,23,-5.0
1651836096,-36,14,58,17.5
1651836098,-30,13,29,-14.5
1651836100,-33,13,41,6.0
1651836102,-32,14,37,-2.0
1651836104,-29,15,26,-5.5
1651836106,-30,15,29,1.5
1651836108,-31,15,33,2.0
1651836110,-31,15,33,0.0
1651836112,-29,15,26,-3.5
1651836114,-37,15,65,19.5
1651836116,-31,14,33,-16.0
1651836118,-40,15,92,29.5
1651836120,-31,14,33,-29.5
1651836122,-30,15,29,-2.0
1651836124,-30,15,29,0.0
1651836126,-31,13,33,2.0
1651836128,-31,15,33,0.0
1651836130,-28,12,23,-5.0
1651836132,-29,14,26,1.5
1651836134,-29,7,26,0.0
1651836136,-29,13,26,0.0
1651836138,-31,13,33,3.5
1651836140,-30,13,29,-2.0
1651836142,-31,14,33,2.0
1651836144,-29,11,26,-3.5
1651836146,-27,15,21,-2.5
1651836148,-28,14,23,1.0
1651836150,-29,14,26,1.5
1651836152,-31,14,33,3.5
1651836154,-29,15,26,-3.5
1651836156,-34,15,46,10.0
1651836158,-37,6,65,9.5
1651836160,-29,13,26,-19.5
1651836162,-31,15,33,3.5
1651836164,-39,15,82,24.5
1651836166,-29,14,26,-28.0
1651836168,-33,14,41,7.5
1651836170,-30,15,29,-6.0
1651836172,-36,15,58,14.5
1651836174,-30,15,29,-14.5
1651836176,-32,15,37,4.0
1651836178,-27,14,21,-8.0
1651836180,-33,14,41,10.0
1651836182,-30,14,29,-6.0
1651836184,-32,15,37,4.0
1651836186,-32,15,37,0.0
1651836188,-32,14,37,0.0
1651836190,-30,13,29,-4.0
1651836192,-30,15,29,0.0
1651836194,-30,13,29,0.0
1651836196,-32,13,37,4.0
1651836198,-38,15,73,18.0
1651836200,-31,15,33,-20.0
1651836202,-32,14,37,2.0
1651836204,-34,14,46,4.5
1651836206,-38,14,73,13.5
1651836208,-36,14,58,-7.5
1651836210,-31,14,33,-12.5
1651836212,-36,6,58,12.5
1651836214,-33,14,41,-8.5
1651836216,-31,15,33,-4.0
1651836218,-36,15,58,12.5
1651836220,-31,15,33,-12.5
1651836222,-28,14,23,-5.0
1651836224,-29,15,26,1.5
1651836226,-31,14,33,3.5
1651836228,-34,13,46,6.5
1651836230,-29,15,26,-10.0
1651836232,-35,14,52,13.0
1651836234,-30,15,29,-11.5
1651836236,-29,6,26,-1.5
1651836238,-31,14,33,3.5
1651836240,-29,14,26,-3.5
1651836242,-26,14,18,-4.0
1651836244,-30,14,29,5.5
1651836246,-29,14,26,-1.5
1651836248,-33,14,41,7.5
1651836250,-37,14,65,12.0
1651836252,-37,13,65,0.0
1651836254,-30,14,29,-18.0
1651836256,-36,12,58,14.5
1651836258,-28,14,23,-17.5
1651836260,-30,14,29,3.0
1651836262,-28,13,23,-3.0
1651836264,-29,12,26,1.5
1651836266,-30,15,29,1.5
1651836268,-30,15,29,0.0
1651836270,-29,15,26,-1.5
1651836272,-32,15,37,5.5
1651836274,-32,15,37,0.0
1651836276,-27,15,21,-8.0
1651836278,-27,14,21,0.0
1651836280,-34,7,46,12.5
1651836282,-34,7,46,0.0
1651836284,-37,14,65,9.5
1651836286,-25,13,16,-24.5
1651836288,-31,15,33,8.5
1651836290,-29,15,26,-3.5
1651836292,-27,15,21,-2.5
1651836294,-36,15,58,18.5
1651836296,-37,15,65,3.5
1651836298,-29,15,26,-19.5
1651836300,-30,15,29,1.5
1651836302,-31,14,33,2.0
1651836304,-37,14,65,16.0
1651836306,-29,14,26,-19.5
1651836308,-38,14,73,23.5
1651836310,-28,14,23,-25.0
1651836312,-28,14,23,0.0
1651836314,-35,13,52,14.5
1651836316,-36,15,58,3.0
1651836318,-37,15,65,3.5
1651836320,-34,15,46,-9.5
1651836322,-36,15,58,6.0
1651836324,-29,15,26,-16.0
1651836326,-36,15,58,16.0
1651836328,-30,15,29,-14.5
1651836330,-33,12,41,6.0
1651836332,-39,13,82,20.5
1651836334,-43,7,130,24.0
1651836336,-44,7,146,8.0
1651836338,-44,7,146,0.0
1651836340,-44,7,146,0.0
1651836342,-44,7,146,0.0
1651836344,-44,7,146,0.0
1651836346,-44,7,146,0.0
1651836348,-44,7,146,0.0
1651836350,-44,7,146,0.0
1651836352,-44,7,146,0.0
1651836354,-44,7,146,0.0
1651836356,-44,7,146,0.0
1651836358,-44,7,146,0.0
1651836360,-44,7,146,0.0
1651836362,-44,7,146,0.0
1651836364,-44,7,146,0.0
1651836366,-44,7,146,0.0
1651836368,-44,7,146,0.0
1651836370,-44,7,146,0.0
1651836372,-44,7,146,0.0
1651836374,-44,7,146,0.0
1651836376,-44,5,146,0.0
1651836378,-44,5,146,0.0
1651836380,-44,5,146,0.0
1651836382,-44,5,146,0.0
1651836384,-23,0,13,-66.5
1651836386,-25,12,16,1.5
1651836388,-28,12,23,3.5
1651836390,-28,15,23,0.0
1651836392,-25,15,16,-3.5
1651836394,-29,15,26,5.0
1651836396,-28,14,23,-1.5
1651836398,-37,15,65,21.0
1651836400,-36,14,58,-3.5
1651836402,-29,14,26,-16.0
1651836404,-29,14,26,0.0
1651836406,-30,13,29,1.5
1651836408,-37,15,65,18.0
1651836410,-31,13,33,-16.0
1651836412,-32,13,37,2.0
1651836414,-37,7,65,14.0
1651836416,-37,13,65,0.0
1651836418,-31,15,33,-16.0
1651836420,-30,13,29,-2.0
1651836422,-38,15,73,22.0
1651836424,-36,13,58,-7.5
1651836426,-28,13,23,-17.5
1651836428,-41,15,103,40.0
1651836430,-39,2,82,-10.5
1651836432,-35,6,52,-15.0
1651836434,-32,6,37,-7.5
1651836436,-40,12,92,27.5
1651836438,-38,13,73,-9.5
1651836440,-39,13,82,4.5
1651836442,-37,13,65,-8.5
1651836444,-39,14,82,8.5
1651836446,-32,14,37,-22.5
1651836448,-33,7,41,2.0
1651836450,-28,6,23,-9.0
1651836452,-37,15,65,21.0
1651836454,-29,11,26,-19.5
1651836457,-30,14,29,1.0
1651836459,-38,14,73,22.0
1651836461,-32,14,37,-18.0
1651836463,-35,14,52,7.5
1651836465,-37,14,65,6.5
1651836467,-33,14,41,-12.0
1651836469,-32,13,37,-2.0
1651836471,-31,12,33,-2.0
1651836473,-30,13,29,-2.0
1651836475,-36,14,58,14.5
1651836477,-32,14,37,-10.5
1651836479,-33,15,41,2.0
1651836481,-37,14,65,12.0
1651836483,-37,14,65,0.0
1651836485,-37,7,65,0.0
1651836487,-31,15,33,-16.0
1651836489,-32,15,37,2.0
1651836491,-29,15,26,-5.5
1651836493,-35,15,52,13.0
1651836495,-30,15,29,-11.5
1651836497,-31,14,33,2.0
1651836499,-27,14,21,-6.0
1651836501,-31,15,33,6.0
1651836503,-30,12,29,-2.0
1651836505,-32,15,37,4.0
1651836507,-32,13,37,0.0
1651836509,-29,13,26,-5.5
1651836511,-32,13,37,5.5
1651836513,-29,13,26,-5.5
1651836515,-28,15,23,-1.5
1651836517,-35,14,52,14.5
1651836519,-33,14,41,-5.5
1651836521,-29,14,26,-7.5
1651836523,-31,5,33,3.5
1651836525,-31,14,33,0.0
1651836527,-28,14,23,-5.0
1651836529,-29,14,26,1.5
1651836531,-30,12,29,1.5
1651836533,-29,13,26,-1.5
1651836535,-29,13,26,0.0
1651836537,-29,14,26,0.0
1651836539,-29,14,26,0.0
1651836541,-30,12,29,1.5
1651836543,-28,14,23,-3.0
1651836545,-28,13,23,0.0
1651836547,-30,15,29,3.0
1651836549,-30,7,29,0.0
1651836551,-32,7,37,4.0
1651836553,-40,15,92,27.5
1651836555,-32,15,37,-27.5
1651836557,-38,15,73,18.0
1651836559,-36,15,58,-7.5
1651836561,-35,15,52,-3.0
1651836563,-36,15,58,3.0
1651836565,-38,13,73,7.5
1651836567,-36,15,58,-7.5
1651836569,-33,15,41,-8.5
1651836571,-30,15,29,-6.0
1651836573,-29,14,26,-1.5
1651836575,-28,13,23,-1.5
1651836577,-30,13,29,3.0
1651836579,-32,14,37,4.0
1651836581,-32,14,37,0.0
1651836583,-28,13,23,-7.0
1651836585,-29,15,26,1.5
1651836587,-30,15,29,1.5
1651836589,-30,15,29,0.0
1651836591,-33,15,41,6.0
1651836593,-28,13,23,-9.0
1651836595,-28,15,23,0.0
1651836597,-30,13,29,3.0
1651836599,-30,13,29,0.0
1651836601,-29,14,26,-1.5
1651836603,-29,14,26,0.0
1651836605,-30,13,29,1.5
1651836607,-27,13,21,-4.0
1651836609,-30,14,29,4.0
1651836611,-28,15,23,-3.0
1651836613,-32,12,37,7.0
1651836615,-33,13,41,2.0
1651836617,-30,13,29,-6.0
1651836619,-27,12,21,-4.0
1651836621,-31,13,33,6.0
1651836623,-35,13,52,9.5
1651836625,-28,13,23,-14.5
1651836627,-30,14,29,3.0
1651836629,-33,14,41,6.0
1651836631,-32,14,37,-2.0
1651836633,-27,15,21,-8.0
1651836635,-30,13,29,4.0
1651836637,-29,13,26,-1.5
1651836639,-32,15,37,5.5
1651836641,-32,12,37,0.0
1651836643,-36,15,58,10.5
1651836645,-28,15,23,-17.5
1651836647,-32,13,37,7.0
1651836649,-31,13,33,-2.0
1651836651,-32,13,37,2.0
1651836653,-31,13,33,-2.0
1651836655,-30,14,29,-2.0
1651836657,-28,13,23,-3.0
1651836659,-32,15,37,7.0
1651836661,-30,14,29,-4.0
1651836663,-31,14,33,2.0
1651836665,-32,14,37,2.0
1651836667,-28,14,23,-7.0
1651836669,-29,13,26,1.5
1651836671,-31,12,33,3.5
1651836673,-32,12,37,2.0
1651836675,-33,15,41,2.0
1651836677,-30,15,29,-6.0
1651836679,-28,14,23,-3.0
1651836681,-33,14,41,9.0
1651836683,-31,14,33,-4.0
1651836685,-33,14,41,4.0
1651836687,-34,13,46,2.5
1651836689,-31,14,33,-6.5
1651836691,-29,14,26,-3.5
1651836693,-38,14,73,23.5
1651836695,-31,14,33,-20.0
1651836697,-33,15,41,4.0
1651836699,-28,13,23,-9.0
1651836701,-30,13,29,3.0
1651836703,-30,15,29,0.0
1651836705,-25,15,16,-6.5
1651836707,-31,15,33,8.5
1651836709,-31,15,33,0.0
1651836711,-30,15,29,-2.0
1651836713,-30,13,29,0.0
1651836715,-28,14,23,-3.0
1651836717,-29,13,26,1.5
1651836719,-28,15,23,-1.5
1651836721,-30,15,29,3.0
1651836723,-28,14,23,-3.0
1651836725,-31,14,33,5.0
1651836727,-28,14,23,-5.0
1651836729,-30,15,29,3.0
1651836731,-29,14,26,-1.5
1651836733,-28,14,23,-1.5
1651836735,-29,14,26,1.5
1651836737,-28,14,23,-1.5
1651836739,-32,13,37,7.0
1651836741,-27,7,21,-8.0
1651836743,-30,15,29,4.0
1651836745,-29,15,26,-1.5
1651836747,-29,12,26,0.0
1651836749,-28,13,23,-1.5
1651836751,-29,13,26,1.5
1651836753,-30,12,29,1.5
1651836755,-30,14,29,0.0
1651836757,-28,14,23,-3.0
1651836759,-33,13,41,9.0
1651836761,-29,6,26,-7.5
1651836763,-32,14,37,5.5
1651836765,-30,14,29,-4.0
1651836767,-35,14,52,11.5
1651836769,-31,15,33,-9.5
1651836771,-30,13,29,-2.0
1651836773,-32,14,37,4.0
1651836775,-37,14,65,14.0
1651836777,-30,14,29,-18.0
1651836779,-30,15,29,0.0
1651836781,-36,15,58,14.5
1651836783,-31,15,33,-12.5
1651836785,-31,15,33,0.0
1651836787,-31,14,33,0.0
1651836789,-28,15,23,-5.0
1651836791,-30,13,29,3.0
1651836793,-33,13,41,6.0
1651836795,-35,14,52,5.5
1651836797,-32,13,37,-7.5
1651836799,-30,14,29,-4.0
1651836801,-30,13,29,0.0
1651836803,-32,15,37,4.0
1651836805,-33,15,41,2.0
1651836807,-29,13,26,-7.5
1651836809,-30,13,29,1.5
1651836811,-29,12,26,-1.5
1651836813,-32,14,37,5.5
1651836815,-30,15,29,-4.0
1651836817,-32,14,37,4.0
1651836819,-31,15,33,-2.0
1651836821,-27,15,21,-6.0
1651836823,-32,14,37,8.0
1651836825,-29,13,26,-5.5
1651836827,-30,13,29,1.5
1651836829,-34,13,46,8.5
1651836831,-27,13,21,-12.5
1651836833,-33,15,41,10.0
1651836835,-28,15,23,-9.0
1651836837,-31,15,33,5.0
1651836839,-38,15,73,20.0
1651836841,-32,15,37,-18.0
1651836843,-29,15,26,-5.5
1651836845,-34,13,46,10.0
1651836847,-28,13,23,-11.5
1651836849,-28,15,23,0.0
1651836851,-33,15,41,9.0
1651836853,-29,14,26,-7.5
1651836855,-32,14,37,5.5
1651836857,-33,14,41,2.0
1651836859,-28,14,23,-9.0
1651836861,-28,14,23,0.0
1651836863,-33,14,41,9.0
1651836865,-33,14,41,0.0
1651836867,-30,12,29,-6.0
1651836869,-33,12,41,6.0
1651836871,-32,6,37,-2.0
1651836873,-30,15,29,-4.0
1651836875,-31,12,33,2.0
1651836877,-33,12,41,4.0
1651836879,-36,12,58,8.5
1651836881,-34,12,46,-6.0
1651836883,-29,13,26,-10.0
1651836885,-32,13,37,5.5
1651836887,-28,14,23,-7.0
1651836889,-30,13,29,3.0
1651836891,-31,14,33,2.0
1651836893,-32,13,37,2.0
1651836895,-33,14,41,2.0
1651836897,-28,14,23,-9.0
1651836899,-29,15,26,1.5
1651836901,-30,13,29,1.5
1651836903,-28,14,23,-3.0
1651836905,-29,14,26,1.5
1651836907,-29,14,26,0.0
1651836909,-32,15,37,5.5
1651836911,-35,14,52,7.5
1651836913,-33,13,41,-5.5
1651836915,-30,13,29,-6.0
1651836917,-30,15,29,0.0
1651836919,-34,15,46,8.5
1651836921,-32,13,37,-4.5
1651836923,-33,14,41,2.0
1651836925,-29,13,26,-7.5
1651836927,-35,15,52,13.0
1651836929,-29,13,26,-13.0
1651836931,-30,15,29,1.5
1651836933,-34,15,46,8.5
1651836935,-32,15,37,-4.5
1651836937,-34,12,46,4.5
1651836939,-31,12,33,-6.5
1651836941,-33,11,41,4.0
1651836943,-31,12,33,-4.0
1651836945,-31,12,33,0.0
1651836947,-27,13,21,-6.0
1651836949,-29,13,26,2.5
1651836951,-29,13,26,0.0
1651836953,-30,13,29,1.5
1651836955,-29,14,26,-1.5
1651836957,-27,15,21,-2.5
1651836959,-27,14,21,0.0
1651836961,-30,14,29,4.0
1651836963,-28,14,23,-3.0
1651836965,-28,15,23,0.0
1651836967,-29,15,26,1.5
1651836969,-31,14,33,3.5
1651836971,-30,15,29,-2.0
1651836973,-31,12,33,2.0
1651836975,-31,15,33,0.0
1651836977,-30,13,29,-2.0
1651836979,-29,12,26,-1.5
1651836981,-31,14,33,3.5
1651836983,-30,15,29,-2.0
1651836985,-32,13,37,4.0
1651836987,-26,13,18,-9.5
1651836989,-32,14,37,9.5
1651836991,-28,13,23,-7.0
1651836993,-25,7,16,-3.5
1651836995,-34,10,46,15.0
1651836997,-30,5,29,-8.5
1651836999,-36,7,58,14.5
1651837001,-33,10,41,-8.5
1651837003,-38,5,73,16.0
1651837005,-43,5,130,28.5
1651837007,-41,6,103,-13.5
1651837009,-40,6,92,-5.5
1651837011,-46,6,184,46.0
1651837013,-47,6,206,11.0
1651837015,-50,6,291,42.5
1651837017,-51,6,326,17.5
1651837019,-49,5,259,-33.5
1651837021,-48,6,231,-14.0
1651837023,-44,6,146,-42.5
1651837025,-50,7,291,72.5
1651837027,-49,7,259,-16.0
1651837029,-51,7,326,33.5
1651837031,-53,7,411,42.5
1651837033,-51,7,326,-42.5
1651837035,-49,7,259,-33.5
1651837037,-46,6,184,-37.5
1651837039,-50,5,291,53.5
1651837041,-48,7,231,-30.0
1651837043,-53,6,411,90.0
1651837045,-52,6,366,-22.5
1651837047,-49,6,259,-53.5
1651837049,-57,6,651,196.0
1651837051,-57,5,651,0.0
1651837053,-57,5,651,0.0
1651837055,-55,5,517,-67.0
1651837057,-55,5,517,0.0
1651837059,-50,5,291,-113.0
1651837061,-58,6,731,220.0
1651837063,-51,6,326,-202.5
1651837065,-59,5,820,247.0
1651837067,-58,6,731,-44.5
1651837069,-59,7,820,44.5
1651837071,-60,5,920,50.0
1651837073,-53,14,411,-254.5
1651837075,-58,5,731,160.0
1651837077,-59,5,820,44.5
1651837079,-61,5,1032,106.0
1651837081,-60,5,920,-56.0
1651837083,-61,4,1032,56.0
1651837085,-56,5,580,-226.0
1651837087,-58,4,731,75.5
1651837089,-57,6,651,-40.0
1651837091,-57,5,651,0.0
1651837093,-61,5,1032,190.5
1651837095,-61,4,1032,0.0
1651837097,-62,4,1158,63.0
1651837099,-54,4,461,-348.5
1651837101,-62,5,1158,348.5
1651837103,-55,5,517,-320.5
1651837105,-62,5,1158,320.5
1651837107,-62,4,1158,0.0
1651837109,-61,5,1032,-63.0
1651837111,-60,4,920,-56.0
1651837113,-55,4,517,-201.5
1651837115,-58,4,731,107.0
1651837117,-61,12,1032,150.5
1651837119,-58,4,731,-150.5
1651837121,-52,4,366,-182.5
1651837123,-58,4,731,182.5
1651837125,-53,4,411,-160.0
1651837127,-58,7,731,160.0
1651837129,-59,4,820,44.5
1651837131,-53,4,411,-204.5
1651837133,-56,4,580,84.5
1651837135,-53,4,411,-84.5
1651837137,-60,4,920,254.5
1651837139,-52,4,366,-277.0
1651837141,-57,4,651,142.5
1651837143,-52,4,366,-142.5
1651837145,-54,5,461,47.5
1651837147,-56,4,580,59.5
1651837149,-62,3,1158,289.0
1651837151,-55,5,517,-320.5
1651837153,-59,5,820,151.5
1651837155,-58,6,731,-44.5
1651837157,-59,4,820,44.5
1651837159,-63,9,1299,239.5
1651837161,-60,9,920,-189.5
1651837163,-60,2,920,0.0
1651837165,-60,4,920,0.0
1651837167,-59,4,820,-50.0
1651837169,-57,5,651,-84.5
1651837171,-61,5,1032,190.5
1651837173,-62,4,1158,63.0
1651837175,-63,4,1299,70.5
1651837177,-63,5,1299,0.0
1651837179,-62,5,1158,-70.5
1651837181,-60,3,920,-119.0
1651837183,-61,9,1032,56.0
1651837185,-59,5,820,-106.0
1651837187,-61,5,1032,106.0
1651837189,-60,3,920,-56.0
1651837191,-63,5,1299,189.5
1651837193,-61,1,1032,-133.5
1651837195,-60,2,920,-56.0
1651837197,-63,2,1299,189.5
1651837199,-63,2,1299,0.0
1651837201,-64,2,1458,79.5
1651837203,-63,2,1299,-79.5
1651837205,-65,2,1636,168.5
1651837207,-64,2,1458,-89.0
1651837209,-63,4,1299,-79.5
1651837211,-61,4,1032,-133.5
1651837213,-64,4,1458,213.0
1651837215,-61,2,1032,-213.0
1651837217,-64,4,1458,213.0
1651837219,-61,4,1032,-213.0
1651837221,-61,4,1032,0.0
1651837223,-61,9,1032,0.0
1651837225,-61,9,1032,0.0
1651837227,-61,9,1032,0.0
1651837229,-63,3,1299,133.5
1651837231,-64,2,1458,79.5
1651837233,-62,2,1158,-150.0
1651837235,-65,3,1636,239.0
1651837237,-69,2,2592,478.0
1651837239,-69,0,2592,0.0
1651837241,-65,1,1636,-478.0
1651837243,-66,2,1835,99.5
1651837245,-68,2,2311,238.0
1651837247,-70,2,2909,299.0
1651837249,-67,1,2059,-425.0
1651837251,-65,1,1636,-211.5
1651837253,-66,2,1835,99.5
1651837255,-66,2,1835,0.0
1651837257,-65,1,1636,-99.5
1651837259,-66,2,1835,99.5
1651837261,-67,1,2059,112.0
1651837263,-66,9,1835,-112.0
1651837265,-65,2,1636,-99.5
1651837267,-69,1,2592,478.0
1651837269,-72,1,3662,535.0
1651837271,-67,0,2059,-801.5
1651837273,-69,0,2592,266.5
1651837275,-75,10,5173,1290.5
1651837277,-75,0,5173,0.0
1651837279,-75,0,5173,0.0
1651837281,-75,0,5173,0.0
1651837283,-75,0,5173,0.0
1651837285,-75,0,5173,0.0
1651837287,-75,0,5173,0.0
1651837289,-75,0,5173,0.0
1651837291,-75,0,5173,0.0
1651837293,-75,0,5173,0.0
1651837295,-75,0,5173,0.0
1651837297,-75,0,5173,0.0
1651837299,-75,0,5173,0.0
1651837301,-75,0,5173,0.0
1651837303,-75,0,5173,0.0
1651837305,-75,0,5173,0.0
1651837307,-75,0,5173,0.0
1651837309,-75,0,5173,0.0
1651837311,-75,0,5173,0.0
1651837313,-75,0,5173,0.0
1651837315,-75,0,5173,0.0
1651837317,-75,0,5173,0.0
1651837319,-75,0,5173,0.0
1651837321,-75,0,5173,0.0
1651837323,-75,0,5173,0.0
1651837325,-75,0,5173,0.0
1651837327,-75,0,5173,0.0
1651837329,-75,0,5173,0.0
1651837331,-75,0,5173,0.0
1651837333,-75,0,5173,0.0
1651837335,-75,0,5173,0.0
1651837337,-75,0,5173,0.0
1651837339,-75,0,5173,0.0
1651837341,-75,0,5173,0.0
1651837343,-75,0,5173,0.0
1651837345,-75,0,5173,0.0
1651837347,-75,0,5173,0.0
1651837349,-75,0,5173,0.0
1651837351,-75,0,5173,0.0
1651837353,-75,0,5173,0.0
1651837355,-75,0,5173,0.0
1651837357,-75,0,5173,0.0
1651837359,-75,0,5173,0.0
1651837361,-75,0,5173,0.0
1651837363,-75,0,5173,0.0
1651837365,-75,0,5173,0.0
1651837367,-75,0,5173,0.0
1651837369,-75,0,5173,0.0
1651837371,-75,0,5173,0.0
1651837373,-75,0,5173,0.0
1651837375,-75,0,5173,0.0
1651837377,-75,0,5173,0.0
1651837379,-75,0,5173,0.0
1651837381,-75,0,5173,0.0
1651837383,-75,0,5173,0.0
1651837385,-75,0,5173,0.0
1651837387,-75,0,5173,0.0
1651837389,-75,0,5173,0.0
1651837391,-75,0,5173,0.0
1651837393,-75,0,5173,0.0
1651837395,-75,0,5173,0.0
1651837397,-75,0,5173,0.0
1651837399,-75,0,5173,0.0
1651837401,-75,0,5173,0.0
1651837403,-75,0,5173,0.0
1651837405,-75,0,5173,0.0
1651837407,-75,0,5173,0.0
1651837409,-75,0,5173,0.0
1651837411,-75,0,5173,0.0
1651837413,-75,0,5173,0.0
1651837415,-75,0,5173,0.0
1651837417,-75,0,5173,0.0
1651837419,-75,0,5173,0.0
1651837421,-75,0,5173,0.0
1651837423,-75,0,5173,0.0
1651837425,-75,0,5173,0.0
1651837427,-75,0,5173,0.0
1651837429,-75,0,5173,0.0
1651837431,-75,0,5173,0.0
1651837433,-75,0,5173,0.0
1651837435,-75,0,5173,0.0
1651837437,-75,0,5173,0.0
1651837439,-75,0,5173,0.0
1651837441,-75,0,5173,0.0
1651837443,-75,0,5173,0.0
1651837445,-75,0,5173,0.0
1651837447,-75,0,5173,0.0
1651837449,-75,0,5173,0.0
1651837451,-75,0,5173,0.0
1651837453,-75,0,5173,0.0
1651837455,-75,0,5173,0.0
1651837457,-75,0,5173,0.0
1651837459,-75,0,5173,0.0
1651837461,-75,0,5173,0.0
1651837463,-75,0,5173,0.0
1651837465,-75,0,5173,0.0
1651837467,-75,0,5173,0.0
1651837469,-75,0,5173,0.0
1651837471,-75,0,5173,0.0
1651837473,-75,0,5173,0.0
1651837475,-75,0,5173,0.0
1651837477,-75,0,5173,0.0
1651837479,-75,0,5173,0.0
1651837481,-75,0,5173,0.0
1651837483,-75,0,5173,0.0
1651837485,-75,0,5173,0.0
1651837487,-75,0,5173,0.0
1651837489,-75,0,5173,0.0
1651837491,-75,0,5173,0.0
1651837493,-75,0,5173,0.0
1651837495,-75,0,5173,0.0
1651837497,-75,0,5173,0.0
1651837499,-75,0,5173,0.0
1651837501,-75,0,5173,0.0
1651837503,-75,0,5173,0.0
1651837505,-75,0,5173,0.0
1651837507,-75,0,5173,0.0
1651837509,-75,0,5173,0.0
1651837511,-75,0,5173,0.0
1651837513,-75,0,5173,0.0
1651837515,-75,0,5173,0.0
1651837517,-75,0,5173,0.0
1651837519,-75,0,5173,0.0
1651837521,-75,0,5173,0.0
1651837523,-75,0,5173,0.0
1651837525,-75,0,5173,0.0
1651837527,-75,0,5173,0.0
1651837529,-75,0,5173,0.0
1651837531,-75,0,5173,0.0
1651837533,-75,0,5173,0.0
1651837535,-75,0,5173,0.0
1651837537,-75,0,5173,0.0
1651837539,-75,0,5173,0.0
1651837541,-75,0,5173,0.0
1651837543,-75,0,5173,0.0
1651837545,-75,0,5173,0.0
1651837547,-75,0,5173,0.0
1651837549,-75,0,5173,0.0
1651837551,-75,0,5173,0.0
1651837553,-75,0,5173,0.0
1651837555,-75,0,5173,0.0
1651837557,-75,0,5173,0.0
1651837559,-75,0,5173,0.0
1651837561,-75,0,5173,0.0
1651837563,-75,0,5173,0.0
1651837565,-75,0,5173,0.0
1651837567,-75,0,5173,0.0
1651837569,-75,0,5173,0.0
1651837571,-75,0,5173,0.0
1651837573,-75,0,5173,0.0
1651837575,-75,0,5173,0.0
1651837577,-75,0,5173,0.0
1651837579,-75,0,5173,0.0
1651837581,-75,0,5173,0.0
1651837583,-75,0,5173,0.0
1651837585,-75,0,5173,0.0
1651837587,-75,0,5173,0.0
1651837589,-75,0,5173,0.0
1651837591,-75,0,5173,0.0
1651837593,-75,0,5173,0.0
1651837595,-75,0,5173,0.0
1651837597,-75,0,5173,0.0
1651837599,-75,0,5173,0.0
1651837601,-75,0,5173,0.0
1651837603,-75,0,5173,0.0
1651837605,-75,0,5173,0.0
1651837607,-75,0,5173,0.0
1651837609,-75,0,5173,0.0
1651837611,-75,0,5173,0.0
1651837613,-75,0,5173,0.0
1651837615,-75,0,5173,0.0
1651837617,-75,0,5173,0.0
1651837619,-75,0,5173,0.0
1651837621,-75,0,5173,0.0
1651837623,-75,0,5173,0.0
1651837625,-75,0,5173,0.0
1651837627,-75,0,5173,0.0
1651837629,-75,0,5173,0.0
1651837631,-75,0,5173,0.0
1651837633,-75,0,5173,0.0
1651837635,-75,0,5173,0.0
1651837637,-75,0,5173,0.0
1651837639,-75,0,5173,0.0
1651837641,-75,0,5173,0.0
1651837643,-75,0,5173,0.0
1651837645,-75,0,5173,0.0
1651837647,-75,0,5173,0.0
1651837649,-75,0,5173,0.0
1651837651,-75,0,5173,0.0
1651837653,-75,0,5173,0.0
1651837655,-75,0,5173,0.0
1651837657,-75,0,5173,0.0
1651837659,-75,0,5173,0.0
1651837661,-75,0,5173,0.0
1651837663,-75,0,5173,0.0
1651837665,-75,0,5173,0.0
1651837667,-75,0,5173,0.0
1651837669,-75,0,5173,0.0
1651837671,-75,0,5173,0.0
1651837673,-75,0,5173,0.0
1651837675,-75,0,5173,0.0
1651837677,-75,0,5173,0.0
1651837679,-75,0,5173,0.0
1651837681,-75,0,5173,0.0
1651837683,-75,0,5173,0.0
1651837685,-75,0,5173,0.0
1651837687,-75,0,5173,0.0
1651837689,-75,0,5173,0.0
1651837691,-75,0,5173,0.0
1651837693,-75,0,5173,0.0
1651837695,-75,0,5173,0.0
1651837697,-75,0,5173,0.0
1651837699,-75,0,5173,0.0
1651837701,-75,0,5173,0.0
1651837704,-75,0,5173,0.0
1651837706,-75,0,5173,0.0
1651837708,-75,0,5173,0.0
1651837710,-75,0,5173,0.0
1651837712,-75,0,5173,0.0
1651837714,-75,0,5173,0.0
1651837716,-75,0,5173,0.0
1651837718,-75,0,5173,0.0
1651837720,-75,0,5173,0.0
1651837722,-75,0,5173,0.0
1651837724,-75,0,5173,0.0
1651837726,-75,0,5173,0.0
1651837728,-75,0,5173,0.0
1651837730,-75,0,5173,0.0
1651837732,-75,0,5173,0.0
1651837734,-75,0,5173,0.0
1651837736,-75,0,5173,0.0
