utc,rssi_dbm,mcs,implied_range_m,rate_m_per_s
1651760434,-25,6,16,
1651760436,-25,2,16,0.0
1651760438,-27,2,21,2.5
1651760440,-27,2,21,0.0
1651760442,-27,2,21,0.0
1651760444,-27,0,21,0.0
1651760446,-61,0,1032,505.5
1651760448,-60,2,920,-56.0
1651760450,-65,0,1636,358.0
1651760452,-20,0,9,-813.5
1651760454,-28,2,23,7.0
1651760456,-27,2,21,-1.0
1651760458,-26,2,18,-1.5
1651760460,-27,2,21,1.5
1651760462,-26,2,18,-1.5
1651760464,-28,2,23,2.5
1651760466,-31,2,33,5.0
1651760468,-26,2,18,-7.5
1651760470,-26,2,18,0.0
1651760472,-27,2,21,1.5
1651760474,-29,2,26,2.5
1651760476,-28,6,23,-1.5
1651760478,-26,6,18,-2.5
1651760480,-29,6,26,4.0
1651760482,-29,6,26,0.0
1651760484,-27,6,21,-2.5
1651760486,-27,6,21,0.0
1651760488,-25,6,16,-2.5
1651760490,-25,6,16,0.0
1651760492,-27,6,21,2.5
1651760494,-28,6,23,1.0
1651760496,-28,6,23,0.0
1651760498,-28,6,23,0.0
1651760500,-27,6,21,-1.0
1651760502,-28,6,23,1.0
1651760504,-27,6,21,-1.0
1651760506,-28,6,23,1.0
1651760508,-27,4,21,-1.0
1651760510,-26,4,18,-1.5
1651760513,-28,6,23,1.7
1651760515,-30,6,29,3.0
1651760517,-28,6,23,-3.0
1651760519,-29,6,26,1.5
1651760521,-25,6,16,-5.0
1651760523,-28,6,23,3.5
1651760525,-28,6,23,0.0
1651760527,-27,4,21,-1.0
1651760529,-30,4,29,4.0
1651760531,-28,4,23,-3.0
1651760533,-26,4,18,-2.5
1651760535,-26,4,18,0.0
1651760537,-26,4,18,0.0
1651760539,-29,4,26,4.0
1651760541,-27,4,21,-2.5
1651760543,-28,4,23,1.0
1651760545,-29,4,26,1.5
1651760547,-27,6,21,-2.5
1651760549,-31,6,33,6.0
1651760551,-27,6,21,-6.0
1651760553,-30,6,29,4.0
1651760555,-27,6,21,-4.0
1651760557,-29,6,26,2.5
1651760559,-26,6,18,-4.0
1651760561,-30,6,29,5.5
1651760563,-30,6,29,0.0
1651760565,-27,6,21,-4.0
1651760567,-26,6,18,-1.5
1651760569,-29,6,26,4.0
1651760571,-26,6,18,-4.0
1651760573,-26,6,18,0.0
1651760575,-28,6,23,2.5
1651760577,-26,6,18,-2.5
1651760579,-26,6,18,0.0
1651760581,-27,6,21,1.5
1651760583,-27,6,21,0.0
1651760585,-29,6,26,2.5
1651760587,-28,6,23,-1.5
1651760589,-27,6,21,-1.0
1651760591,-29,6,26,2.5
1651760593,-27,6,21,-2.5
1651760595,-33,6,41,10.0
1651760597,-25,6,16,-12.5
1651760599,-29,6,26,5.0
1651760601,-29,6,26,0.0
1651760603,-29,6,26,0.0
1651760605,-28,6,23,-1.5
1651760607,-27,4,21,-1.0
1651760609,-30,6,29,4.0
1651760611,-33,4,41,6.0
1651760613,-30,6,29,-6.0
1651760615,-28,6,23,-3.0
1651760617,-28,6,23,0.0
1651760619,-30,6,29,3.0
1651760621,-29,4,26,-1.5
1651760623,-31,6,33,3.5
1651760625,-27,6,21,-6.0
1651760627,-29,6,26,2.5
1651760629,-27,6,21,-2.5
1651760631,-29,6,26,2.5
1651760633,-27,6,21,-2.5
1651760635,-28,6,23,1.0
1651760637,-28,6,23,0.0
1651760639,-26,6,18,-2.5
1651760641,-29,4,26,4.0
1651760643,-28,6,23,-1.5
1651760645,-28,6,23,0.0
1651760647,-26,6,18,-2.5
1651760649,-30,6,29,5.5
1651760651,-25,6,16,-6.5
1651760653,-29,6,26,5.0
1651760655,-28,6,23,-1.5
1651760657,-31,6,33,5.0
1651760659,-29,6,26,-3.5
1651760661,-30,6,29,1.5
1651760663,-28,6,23,-3.0
1651760665,-29,4,26,1.5
1651760667,-28,6,23,-1.5
1651760669,-27,6,21,-1.0
1651760671,-26,6,18,-1.5
1651760673,-33,6,41,11.5
1651760675,-28,6,23,-9.0
1651760725,-23,0,13,-0.2
1651760727,-25,2,16,1.5
1651760729,-23,6,13,-1.5
1651760731,-24,6,15,1.0
1651760733,-28,6,23,4.0
1651760735,-25,6,16,-3.5
1651760737,-26,6,18,1.0
1651760739,-23,6,13,-2.5
1651760741,-23,6,13,0.0
1651760743,-25,6,16,1.5
1651760745,-24,6,15,-0.5
1651760747,-29,4,26,5.5
1651760749,-26,6,18,-4.0
1651760751,-25,6,16,-1.0
1651760753,-25,6,16,0.0
1651760755,-26,6,18,1.0
1651760757,-27,4,21,1.5
1651760759,-26,6,18,-1.5
1651760761,-27,4,21,1.5
1651760763,-26,6,18,-1.5
1651760765,-24,6,15,-1.5
1651760767,-22,6,12,-1.5
1651760769,-24,6,15,1.5
1651760771,-25,6,16,0.5
1651760773,-28,6,23,3.5
1651760775,-25,4,16,-3.5
1651760777,-27,6,21,2.5
1651760779,-24,2,15,-3.0
1651760781,-26,6,18,1.5
1651760783,-27,6,21,1.5
1651760785,-26,6,18,-1.5
1651760787,-26,6,18,0.0
1651760789,-25,6,16,-1.0
1651760791,-26,6,18,1.0
1651760793,-27,4,21,1.5
1651760795,-27,6,21,0.0
1651760797,-27,6,21,0.0
1651760799,-25,6,16,-2.5
1651760801,-25,6,16,0.0
1651760803,-25,6,16,0.0
1651760805,-26,6,18,1.0
1651760807,-26,6,18,0.0
1651760809,-25,6,16,-1.0
1651760811,-26,6,18,1.0
1651760813,-26,6,18,0.0
1651760815,-25,6,16,-1.0
1651760817,-24,6,15,-0.5
1651760819,-24,6,15,0.0
1651760821,-24,6,15,0.0
1651760823,-25,6,16,0.5
1651760825,-25,6,16,0.0
1651760827,-25,6,16,0.0
1651760829,-24,6,15,-0.5
1651760831,-25,6,16,0.5
1651760833,-24,6,15,-0.5
1651760835,-25,6,16,0.5
1651760837,-27,6,21,2.5
1651760839,-26,6,18,-1.5
1651760841,-27,6,21,1.5
1651760843,-26,6,18,-1.5
1651760845,-26,6,18,0.0
1651760847,-25,6,16,-1.0
1651760849,-25,6,16,0.0
1651760851,-24,6,15,-0.5
1651760853,-26,4,18,1.5
1651760855,-28,6,23,2.5
1651760857,-27,6,21,-1.0
1651760859,-25,6,16,-2.5
1651760861,-25,6,16,0.0
1651760863,-25,6,16,0.0
1651760865,-25,6,16,0.0
1651760867,-78,6,7307,3645.5
1651760869,-21,6,10,-3648.5
1651760871,-25,6,16,3.0
1651760873,-26,6,18,1.0
1651760875,-27,6,21,1.5
1651760877,-27,6,21,0.0
1651760879,-26,6,18,-1.5
1651760881,-26,6,18,0.0
1651760883,-25,6,16,-1.0
1651760885,-24,6,15,-0.5
1651760887,-25,6,16,0.5
1651760889,-27,6,21,2.5
1651760891,-27,6,21,0.0
1651760893,-28,4,23,1.0
1651760895,-26,4,18,-2.5
1651760897,-27,6,21,1.5
1651760899,-27,6,21,0.0
1651760901,-25,4,16,-2.5
1651760951,-28,2,23,0.1
1651760953,-26,6,18,-2.5
1651760955,-23,6,13,-2.5
1651760957,-24,6,15,1.0
1651760959,-26,6,18,1.5
1651760961,-25,4,16,-1.0
1651760963,-23,6,13,-1.5
1651760965,-25,6,16,1.5
1651760967,-25,6,16,0.0
1651760969,-24,6,15,-0.5
1651760971,-27,6,21,3.0
1651760973,-27,6,21,0.0
1651760975,-25,6,16,-2.5
1651760977,-25,6,16,0.0
1651760979,-23,6,13,-1.5
1651760981,-24,6,15,1.0
1651760983,-24,2,15,0.0
1651760985,-26,6,18,1.5
1651760987,-26,6,18,0.0
1651760989,-26,6,18,0.0
1651760991,-24,6,15,-1.5
1651760993,-24,2,15,0.0
1651760995,-24,6,15,0.0
1651760997,-27,6,21,3.0
1651760999,-25,4,16,-2.5
1651761001,-25,6,16,0.0
1651761003,-25,6,16,0.0
1651761005,-27,6,21,2.5
1651761007,-26,6,18,-1.5
1651761009,-25,6,16,-1.0
1651761011,-28,6,23,3.5
1651761013,-27,6,21,-1.0
1651761015,-80,4,9198,4588.5
1651761017,-29,6,26,-4586.0
1651761019,-27,6,21,-2.5
1651761021,-27,6,21,0.0
1651761023,-25,6,16,-2.5
1651761025,-24,6,15,-0.5
1651761027,-25,6,16,0.5
1651761029,-28,6,23,3.5
1651761031,-27,6,21,-1.0
1651761033,-26,6,18,-1.5
1651761035,-25,6,16,-1.0
1651761037,-22,6,12,-2.0
1651761039,-27,6,21,4.5
1651761041,-27,6,21,0.0
1651761043,-25,6,16,-2.5
1651761045,-25,6,16,0.0
1651761047,-26,6,18,1.0
1651761049,-28,6,23,2.5
1651761051,-26,6,18,-2.5
1651761053,-26,6,18,0.0
1651761055,-26,6,18,0.0
1651761057,-24,6,15,-1.5
1651761059,-27,6,21,3.0
1651761061,-24,4,15,-3.0
1651761063,-28,4,23,4.0
1651761065,-26,6,18,-2.5
1651761067,-25,6,16,-1.0
1651761069,-26,6,18,1.0
1651761071,-24,6,15,-1.5
1651761073,-31,6,33,9.0
1651761075,-27,6,21,-6.0
1651761077,-27,6,21,0.0
1651761079,-28,6,23,1.0
1651761081,-28,6,23,0.0
1651761083,-29,6,26,1.5
1651761085,-28,6,23,-1.5
1651761087,-28,2,23,0.0
1651761089,-25,6,16,-3.5
1651761091,-29,6,26,5.0
1651761093,-29,6,26,0.0
1651761095,-27,6,21,-2.5
1651761097,-27,6,21,0.0
1651761099,-31,6,33,6.0
1651761101,-28,6,23,-5.0
1651761103,-24,6,15,-4.0
1651761105,-27,6,21,3.0
1651761107,-27,6,21,0.0
1651761109,-28,6,23,1.0
1651761111,-28,4,23,0.0
1651761113,-29,6,26,1.5
1651761115,-27,6,21,-2.5
1651761117,-30,6,29,4.0
1651761119,-30,6,29,0.0
1651761121,-28,4,23,-3.0
1651761123,-28,6,23,0.0
1651761125,-27,6,21,-1.0
1651761127,-26,6,18,-1.5
1651761129,-32,6,37,9.5
1651761131,-27,4,21,-8.0
1651761133,-28,6,23,1.0
1651761135,-26,6,18,-2.5
1651761137,-25,6,16,-1.0
1651761139,-27,6,21,2.5
1651761141,-26,6,18,-1.5
1651761143,-25,6,16,-1.0
1651761145,-26,6,18,1.0
1651761147,-26,6,18,0.0
1651761149,-29,6,26,4.0
1651761151,-28,6,23,-1.5
1651761153,-28,6,23,0.0
1651761155,-29,4,26,1.5
1651761157,-27,6,21,-2.5
1651761159,-24,6,15,-3.0
1651761161,-27,6,21,3.0
1651761163,-23,6,13,-4.0
1651761165,-28,6,23,5.0
1651761167,-31,4,33,5.0
1651761169,-28,6,23,-5.0
1651761171,-28,6,23,0.0
1651761173,-28,6,23,0.0
1651761175,-28,6,23,0.0
1651761177,-26,6,18,-2.5
1651761179,-26,6,18,0.0
1651761181,-30,6,29,5.5
1651761183,-26,2,18,-5.5
1651761185,-25,2,16,-1.0
1651761187,-27,6,21,2.5
1651761189,-25,6,16,-2.5
1651761191,-29,6,26,5.0
1651761193,-25,6,16,-5.0
1651761195,-25,6,16,0.0
1651761197,-27,6,21,2.5
1651761199,-27,6,21,0.0
1651761201,-29,6,26,2.5
1651761203,-27,6,21,-2.5
1651761205,-27,6,21,0.0
1651761207,-25,6,16,-2.5
1651761209,-27,6,21,2.5
1651761211,-28,6,23,1.0
1651761213,-27,6,21,-1.0
1651761215,-29,6,26,2.5
1651761217,-25,6,16,-5.0
1651761219,-29,6,26,5.0
1651761221,-27,4,21,-2.5
1651761223,-29,6,26,2.5
1651761225,-25,4,16,-5.0
1651761227,-26,6,18,1.0
1651761229,-26,6,18,0.0
1651761231,-28,6,23,2.5
1651761233,-26,6,18,-2.5
1651761235,-24,6,15,-1.5
1651761237,-27,6,21,3.0
1651761239,-26,2,18,-1.5
1651761241,-26,4,18,0.0
1651761243,-29,6,26,4.0
1651761245,-24,6,15,-5.5
1651761295,-31,6,33,0.4
1651761297,-27,6,21,-6.0
1651761299,-28,6,23,1.0
1651761301,-29,6,26,1.5
1651761303,-29,6,26,0.0
1651761305,-28,6,23,-1.5
1651761307,-28,4,23,0.0
1651761309,-27,4,21,-1.0
1651761311,-29,4,26,2.5
1651761313,-28,6,23,-1.5
1651761315,-28,6,23,0.0
1651761317,-28,6,23,0.0
1651761319,-27,6,21,-1.0
1651761321,-25,6,16,-2.5
1651761323,-29,6,26,5.0
1651761325,-27,6,21,-2.5
1651761327,-28,6,23,1.0
1651761330,-26,6,18,-1.7
1651761332,-30,6,29,5.5
1651761334,-27,6,21,-4.0
1651761336,-29,6,26,2.5
1651761338,-30,6,29,1.5
1651761340,-27,6,21,-4.0
1651761342,-29,6,26,2.5
1651761344,-29,6,26,0.0
1651761346,-29,6,26,0.0
1651761348,-28,6,23,-1.5
1651761350,-28,6,23,0.0
1651761352,-30,6,29,3.0
1651761354,-29,4,26,-1.5
1651761356,-32,6,37,5.5
1651761358,-30,6,29,-4.0
1651761360,-30,4,29,0.0
1651761362,-27,6,21,-4.0
1651761364,-30,6,29,4.0
1651761366,-27,6,21,-4.0
1651761368,-27,6,21,0.0
1651761370,-27,6,21,0.0
1651761372,-28,6,23,1.0
1651761374,-27,6,21,-1.0
1651761376,-31,6,33,6.0
1651761378,-28,6,23,-5.0
1651761380,-28,6,23,0.0
1651761382,-28,6,23,0.0
1651761384,-32,4,37,7.0
1651761386,-32,4,37,0.0
1651761388,-30,6,29,-4.0
1651761390,-29,6,26,-1.5
1651761392,-29,6,26,0.0
1651761394,-31,6,33,3.5
1651761396,-26,6,18,-7.5
1651761398,-26,6,18,0.0
1651761400,-35,6,52,17.0
1651761402,-30,6,29,-11.5
1651761404,-27,6,21,-4.0
1651761406,-29,6,26,2.5
1651761408,-30,6,29,1.5
1651761410,-34,6,46,8.5
1651761412,-27,6,21,-12.5
1651761414,-28,6,23,1.0
1651761416,-28,6,23,0.0
1651761418,-31,6,33,5.0
1651761420,-30,6,29,-2.0
1651761422,-34,6,46,8.5
1651761424,-29,4,26,-10.0
1651761426,-27,4,21,-2.5
1651761428,-29,4,26,2.5
1651761430,-26,4,18,-4.0
1651761432,-26,6,18,0.0
1651761434,-29,6,26,4.0
1651761436,-30,6,29,1.5
1651761438,-25,4,16,-6.5
1651761440,-29,6,26,5.0
1651761442,-28,6,23,-1.5
1651761444,-29,6,26,1.5
1651761446,-31,6,33,3.5
1651761448,-26,6,18,-7.5
1651761450,-28,6,23,2.5
1651761452,-27,4,21,-1.0
1651761454,-30,6,29,4.0
1651761456,-26,6,18,-5.5
1651761458,-29,6,26,4.0
1651761460,-27,6,21,-2.5
1651761462,-26,6,18,-1.5
1651761464,-28,6,23,2.5
1651761466,-33,6,41,9.0
1651761468,-29,6,26,-7.5
1651761470,-29,6,26,0.0
1651761472,-28,4,23,-1.5
1651761474,-26,6,18,-2.5
1651761476,-29,6,26,4.0
1651761478,-22,4,12,-7.0
1651761480,-31,6,33,10.5
1651761482,-29,6,26,-3.5
1651761484,-28,6,23,-1.5
1651761486,-29,6,26,1.5
1651761488,-28,6,23,-1.5
1651761490,-28,6,23,0.0
1651761492,-29,6,26,1.5
1651761494,-29,6,26,0.0
1651761496,-27,6,21,-2.5
1651761498,-27,6,21,0.0
1651761500,-24,6,15,-3.0
1651761502,-28,6,23,4.0
1651761504,-28,6,23,0.0
1651761506,-26,6,18,-2.5
1651761508,-27,6,21,1.5
1651761510,-29,6,26,2.5
1651761512,-29,6,26,0.0
1651761514,-28,6,23,-1.5
1651761516,-30,6,29,3.0
1651761518,-32,6,37,4.0
1651761520,-31,6,33,-2.0
1651761522,-26,6,18,-7.5
1651761524,-27,6,21,1.5
1651761526,-28,6,23,1.0
1651761528,-27,6,21,-1.0
1651761530,-28,6,23,1.0
1651761532,-25,6,16,-3.5
1651761534,-19,6,8,-4.0
1651761536,-33,6,41,16.5
1651761538,-28,6,23,-9.0
1651761540,-29,6,26,1.5
1651761542,-35,6,52,13.0
1651761544,-29,6,26,-13.0
1651761546,-28,6,23,-1.5
1651761548,-30,6,29,3.0
1651761550,-28,6,23,-3.0
1651761552,-30,6,29,3.0
1651761554,-30,6,29,0.0
1651761556,-28,6,23,-3.0
1651761558,-29,6,26,1.5
1651761560,-27,6,21,-2.5
1651761562,-28,6,23,1.0
1651761564,-28,6,23,0.0
1651761566,-28,6,23,0.0
1651761568,-29,6,26,1.5
1651761570,-28,6,23,-1.5
1651761572,-28,6,23,0.0
1651761574,-28,6,23,0.0
1651761576,-23,6,13,-5.0
1651761578,-28,6,23,5.0
1651761580,-28,6,23,0.0
1651761582,-29,6,26,1.5
1651761584,-27,6,21,-2.5
1651761586,-29,6,26,2.5
1651761588,-28,6,23,-1.5
1651761590,-28,4,23,0.0
1651761592,-29,6,26,1.5
1651761594,-28,6,23,-1.5
1651761596,-27,6,21,-1.0
1651761598,-27,6,21,0.0
1651761600,-26,6,18,-1.5
1651761602,-29,4,26,4.0
1651761604,-29,6,26,0.0
1651761606,-29,6,26,0.0
1651761608,-29,6,26,0.0
1651761610,-29,6,26,0.0
1651761612,-27,6,21,-2.5
1651761614,-29,6,26,2.5
1651761616,-28,6,23,-1.5
1651761618,-28,6,23,0.0
1651761620,-30,6,29,3.0
1651761622,-28,6,23,-3.0
1651761624,-28,6,23,0.0
1651761626,-28,6,23,0.0
1651761628,-30,6,29,3.0
1651761630,-29,4,26,-1.5
1651761632,-29,6,26,0.0
1651761634,-25,2,16,-5.0
1651761636,-22,6,12,-2.0
1651761638,-31,6,33,10.5
1651761640,-28,6,23,-5.0
1651761642,-29,6,26,1.5
1651761644,-30,6,29,1.5
1651761646,-27,6,21,-4.0
1651761648,-32,6,37,8.0
1651761650,-26,6,18,-9.5
1651761652,-27,6,21,1.5
1651761654,-27,6,21,0.0
1651761656,-28,6,23,1.0
1651761658,-28,6,23,0.0
1651761660,-28,6,23,0.0
1651761662,-27,6,21,-1.0
1651761664,-29,4,26,2.5
1651761666,-30,6,29,1.5
1651761668,-29,4,26,-1.5
1651761670,-28,6,23,-1.5
1651761672,-29,6,26,1.5
1651761674,-28,6,23,-1.5
1651761676,-27,6,21,-1.0
1651761678,-29,6,26,2.5
1651761680,-28,6,23,-1.5
1651761682,-27,6,21,-1.0
1651761684,-29,4,26,2.5
1651761686,-28,6,23,-1.5
1651761688,-30,6,29,3.0
1651761690,-26,6,18,-5.5
1651761692,-27,6,21,1.5
1651761694,-27,6,21,0.0
1651761696,-26,6,18,-1.5
1651761698,-25,6,16,-1.0
1651761700,-28,6,23,3.5
1651761702,-31,6,33,5.0
1651761704,-26,6,18,-7.5
1651761706,-28,6,23,2.5
1651761708,-26,6,18,-2.5
1651761710,-28,6,23,2.5
1651761712,-29,6,26,1.5
1651761714,-28,6,23,-1.5
1651761716,-28,6,23,0.0
1651761718,-27,6,21,-1.0
1651761720,-30,6,29,4.0
1651761722,-28,6,23,-3.0
1651761724,-28,6,23,0.0
1651761726,-31,6,33,5.0
1651761728,-29,6,26,-3.5
1651761730,-27,6,21,-2.5
1651761732,-27,6,21,0.0
1651761734,-28,4,23,1.0
1651761736,-27,6,21,-1.0
1651761738,-28,6,23,1.0
1651761740,-28,6,23,0.0
1651761742,-28,6,23,0.0
1651761744,-27,6,21,-1.0
1651761746,-29,6,26,2.5
1651761748,-27,6,21,-2.5
1651761750,-27,6,21,0.0
1651761752,-30,6,29,4.0
1651761754,-28,6,23,-3.0
1651761756,-27,6,21,-1.0
1651761758,-27,4,21,0.0
1651761760,-29,4,26,2.5
1651761762,-29,4,26,0.0
1651761764,-28,6,23,-1.5
1651761766,-28,6,23,0.0
1651761768,-31,6,33,5.0
1651761770,-30,6,29,-2.0
1651761772,-27,6,21,-4.0
1651761774,-26,6,18,-1.5
1651761776,-31,4,33,7.5
1651761778,-31,4,33,0.0
1651761780,-28,4,23,-5.0
1651761782,-29,4,26,1.5
1651761784,-28,6,23,-1.5
1651761786,-30,6,29,3.0
1651761788,-32,6,37,4.0
1651761790,-23,6,13,-12.0
1651761792,-27,4,21,4.0
1651761794,-27,4,21,0.0
1651761796,-28,4,23,1.0
1651761798,-27,4,21,-1.0
1651761800,-30,6,29,4.0
1651761802,-29,6,26,-1.5
1651761804,-27,6,21,-2.5
1651761806,-27,6,21,0.0
1651761808,-27,6,21,0.0
1651761810,-28,6,23,1.0
1651761812,-26,6,18,-2.5
1651761814,-28,6,23,2.5
1651761816,-30,6,29,3.0
1651761818,-29,6,26,-1.5
1651761820,-28,6,23,-1.5
1651761822,-30,4,29,3.0
1651761824,-27,4,21,-4.0
1651761826,-25,6,16,-2.5
1651761828,-29,6,26,5.0
1651761830,-27,6,21,-2.5
1651761832,-29,6,26,2.5
1651761834,-30,6,29,1.5
1651761836,-28,6,23,-3.0
1651761838,-27,6,21,-1.0
1651761840,-34,6,46,12.5
1651761842,-26,6,18,-14.0
1651761844,-27,6,21,1.5
1651761846,-32,6,37,8.0
1651761848,-33,6,41,2.0
1651761850,-30,6,29,-6.0
1651761852,-26,6,18,-5.5
1651761854,-27,6,21,1.5
1651761856,-30,6,29,4.0
1651761858,-35,6,52,11.5
1651761860,-29,6,26,-13.0
1651761862,-29,6,26,0.0
1651761864,-26,6,18,-4.0
1651761866,-28,4,23,2.5
1651761868,-30,6,29,3.0
1651761870,-26,6,18,-5.5
1651761872,-27,6,21,1.5
1651761874,-27,6,21,0.0
1651761876,-30,6,29,4.0
1651761878,-32,6,37,4.0
1651761880,-30,6,29,-4.0
1651761882,-29,6,26,-1.5
1651761884,-29,6,26,0.0
1651761886,-28,6,23,-1.5
1651761888,-28,6,23,0.0
1651761890,-27,6,21,-1.0
1651761892,-29,6,26,2.5
1651761894,-28,6,23,-1.5
1651761896,-28,6,23,0.0
1651761898,-27,6,21,-1.0
1651761900,-30,6,29,4.0
1651761902,-26,6,18,-5.5
1651761904,-30,6,29,5.5
1651761906,-29,4,26,-1.5
1651761908,-30,4,29,1.5
1651761910,-26,4,18,-5.5
1651761912,-29,4,26,4.0
1651761914,-27,4,21,-2.5
1651761916,-32,4,37,8.0
1651761918,-34,4,46,4.5
1651761920,-34,4,46,0.0
1651761922,-27,6,21,-12.5
1651761924,-28,4,23,1.0
1651761926,-28,4,23,0.0
1651761928,-29,4,26,1.5
1651761930,-28,4,23,-1.5
1651761932,-35,6,52,14.5
1651761934,-26,6,18,-17.0
1651761936,-27,6,21,1.5
1651761938,-28,6,23,1.0
1651761940,-29,6,26,1.5
1651761942,-29,6,26,0.0
1651761944,-25,6,16,-5.0
1651761946,-29,6,26,5.0
1651761948,-27,6,21,-2.5
1651761950,-30,6,29,4.0
1651761952,-28,6,23,-3.0
1651761954,-28,4,23,0.0
1651761956,-30,4,29,3.0
1651761958,-27,2,21,-4.0
1651761960,-29,2,26,2.5
1651761962,-29,4,26,0.0
1651761964,-27,4,21,-2.5
1651761966,-29,4,26,2.5
1651761968,-28,4,23,-1.5
1651761970,-28,4,23,0.0
1651761972,-28,4,23,0.0
1651761974,-28,4,23,0.0
1651761976,-29,4,26,1.5
1651761978,-29,4,26,0.0
1651761980,-29,4,26,0.0
1651761982,-29,6,26,0.0
1651761984,-25,6,16,-5.0
1651761986,-33,6,41,12.5
1651761988,-27,6,21,-10.0
1651761990,-32,6,37,8.0
1651761992,-29,6,26,-5.5
1651761994,-30,4,29,1.5
1651761996,-29,6,26,-1.5
1651761998,-27,4,21,-2.5
1651762000,-29,4,26,2.5
1651762002,-29,6,26,0.0
1651762004,-28,6,23,-1.5
1651762006,-27,6,21,-1.0
1651762008,-28,6,23,1.0
1651762010,-28,6,23,0.0
1651762012,-33,6,41,9.0
1651762014,-26,6,18,-11.5
1651762016,-29,6,26,4.0
1651762018,-30,6,29,1.5
1651762020,-28,6,23,-3.0
1651762022,-29,6,26,1.5
1651762024,-28,6,23,-1.5
1651762026,-30,6,29,3.0
1651762028,-28,6,23,-3.0
1651762030,-28,6,23,0.0
1651762032,-29,6,26,1.5
1651762034,-26,6,18,-4.0
1651762036,-30,6,29,5.5
1651762038,-28,6,23,-3.0
1651762040,-32,6,37,7.0
1651762042,-27,6,21,-8.0
1651762044,-28,6,23,1.0
1651762046,-32,6,37,7.0
1651762048,-28,6,23,-7.0
1651762050,-29,6,26,1.5
1651762052,-27,6,21,-2.5
1651762054,-28,4,23,1.0
1651762056,-29,6,26,1.5
1651762058,-28,6,23,-1.5
1651762060,-28,6,23,0.0
1651762062,-28,6,23,0.0
1651762064,-30,6,29,3.0
1651762066,-29,6,26,-1.5
1651762068,-29,6,26,0.0
1651762070,-28,6,23,-1.5
1651762072,-28,6,23,0.0
1651762074,-27,6,21,-1.0
1651762076,-26,6,18,-1.5
1651762078,-31,6,33,7.5
1651762080,-28,6,23,-5.0
1651762082,-28,6,23,0.0
1651762084,-28,6,23,0.0
1651762086,-30,6,29,3.0
1651762088,-31,6,33,2.0
1651762090,-28,6,23,-5.0
1651762092,-35,6,52,14.5
1651762094,-29,6,26,-13.0
1651762096,-27,6,21,-2.5
1651762098,-29,6,26,2.5
1651762100,-34,6,46,10.0
1651762102,-29,6,26,-10.0
1651762104,-29,6,26,0.0
1651762106,-27,4,21,-2.5
1651762108,-31,6,33,6.0
1651762110,-27,6,21,-6.0
1651762112,-31,6,33,6.0
1651762114,-28,6,23,-5.0
1651762116,-29,4,26,1.5
1651762118,-30,4,29,1.5
1651762120,-31,4,33,2.0
1651762122,-27,4,21,-6.0
1651762124,-29,4,26,2.5
1651762126,-30,6,29,1.5
1651762128,-28,4,23,-3.0
1651762130,-29,4,26,1.5
1651762132,-27,4,21,-2.5
1651762134,-27,4,21,0.0
1651762136,-29,4,26,2.5
1651762138,-28,6,23,-1.5
1651762140,-29,6,26,1.5
1651762142,-30,6,29,1.5
1651762144,-29,6,26,-1.5
1651762146,-27,6,21,-2.5
1651762148,-29,6,26,2.5
1651762150,-30,6,29,1.5
1651762152,-28,6,23,-3.0
1651762154,-27,6,21,-1.0
1651762156,-25,6,16,-2.5
1651762158,-29,6,26,5.0
1651762160,-28,6,23,-1.5
1651762162,-27,6,21,-1.0
1651762164,-29,6,26,2.5
1651762166,-28,6,23,-1.5
1651762168,-36,6,58,17.5
1651762170,-29,6,26,-16.0
1651762172,-34,6,46,10.0
1651762174,-28,6,23,-11.5
1651762176,-28,6,23,0.0
1651762178,-28,6,23,0.0
1651762180,-31,6,33,5.0
1651762182,-27,6,21,-6.0
1651762184,-29,6,26,2.5
1651762186,-31,6,33,3.5
1651762188,-34,6,46,6.5
1651762190,-26,6,18,-14.0
1651762192,-35,6,52,17.0
1651762194,-29,4,26,-13.0
1651762196,-34,4,46,10.0
1651762198,-32,4,37,-4.5
1651762200,-27,6,21,-8.0
1651762202,-26,6,18,-1.5
1651762204,-27,6,21,1.5
1651762206,-28,6,23,1.0
1651762208,-26,6,18,-2.5
1651762210,-30,6,29,5.5
1651762212,-33,6,41,6.0
1651762214,-29,6,26,-7.5
1651762216,-26,6,18,-4.0
1651762218,-28,6,23,2.5
1651762220,-30,6,29,3.0
1651762222,-27,6,21,-4.0
1651762224,-31,6,33,6.0
1651762226,-28,6,23,-5.0
1651762228,-26,6,18,-2.5
1651762230,-29,6,26,4.0
1651762232,-25,6,16,-5.0
1651762234,-31,6,33,8.5
1651762236,-31,6,33,0.0
1651762238,-28,6,23,-5.0
1651762240,-28,6,23,0.0
1651762242,-30,6,29,3.0
1651762244,-78,6,7307,3639.0
1651762246,-33,6,41,-3633.0
1651762248,-33,6,41,0.0
1651762250,-29,6,26,-7.5
1651762252,-26,6,18,-4.0
1651762254,-28,6,23,2.5
1651762256,-25,6,16,-3.5
1651762258,-28,6,23,3.5
1651762260,-28,6,23,0.0
1651762262,-33,6,41,9.0
1651762264,-29,6,26,-7.5
1651762266,-28,6,23,-1.5
1651762268,-27,6,21,-1.0
1651762270,-28,6,23,1.0
1651762272,-29,6,26,1.5
1651762274,-30,6,29,1.5
1651762276,-25,6,16,-6.5
1651762278,-26,6,18,1.0
1651762280,-29,6,26,4.0
1651762282,-28,4,23,-1.5
1651762284,-32,6,37,7.0
1651762286,-29,4,26,-5.5
1651762288,-29,4,26,0.0
1651762290,-27,4,21,-2.5
1651762292,-28,6,23,1.0
1651762294,-35,6,52,14.5
1651762296,-34,6,46,-3.0
1651762298,-28,6,23,-11.5
1651762300,-26,6,18,-2.5
1651762302,-29,6,26,4.0
1651762304,-29,4,26,0.0
1651762306,-27,6,21,-2.5
1651762308,-28,6,23,1.0
1651762310,-28,6,23,0.0
1651762312,-29,6,26,1.5
1651762314,-26,6,18,-4.0
1651762316,-28,6,23,2.5
1651762318,-31,6,33,5.0
1651762320,-30,6,29,-2.0
1651762322,-31,6,33,2.0
1651762324,-27,6,21,-6.0
1651762326,-29,6,26,2.5
1651762328,-27,6,21,-2.5
1651762330,-31,6,33,6.0
1651762332,-25,6,16,-8.5
1651762334,-27,4,21,2.5
1651762336,-28,6,23,1.0
1651762338,-30,4,29,3.0
1651762340,-30,4,29,0.0
1651762342,-27,6,21,-4.0
1651762344,-29,6,26,2.5
1651762346,-28,6,23,-1.5
1651762348,-28,6,23,0.0
1651762350,-28,6,23,0.0
1651762352,-31,6,33,5.0
1651762354,-28,6,23,-5.0
1651762356,-27,6,21,-1.0
1651762358,-26,6,18,-1.5
1651762360,-31,6,33,7.5
1651762362,-30,6,29,-2.0
1651762364,-27,6,21,-4.0
1651762366,-25,6,16,-2.5
1651762368,-28,6,23,3.5
1651762370,-30,6,29,3.0
1651762372,-28,6,23,-3.0
1651762374,-28,6,23,0.0
1651762376,-27,6,21,-1.0
1651762378,-28,6,23,1.0
1651762380,-29,6,26,1.5
1651762382,-26,6,18,-4.0
1651762384,-31,6,33,7.5
1651762386,-26,6,18,-7.5
1651762388,-29,6,26,4.0
1651762391,-27,6,21,-1.7
1651762393,-26,6,18,-1.5
1651762395,-30,6,29,5.5
1651762397,-28,6,23,-3.0
1651762399,-28,6,23,0.0
1651762401,-27,6,21,-1.0
1651762403,-26,6,18,-1.5
1651762405,-28,6,23,2.5
1651762407,-29,6,26,1.5
1651762409,-28,6,23,-1.5
1651762411,-29,4,26,1.5
1651762413,-28,4,23,-1.5
1651762415,-28,6,23,0.0
1651762417,-28,6,23,0.0
1651762419,-29,6,26,1.5
1651762421,-28,6,23,-1.5
1651762423,-26,6,18,-2.5
1651762425,-26,6,18,0.0
1651762427,-28,6,23,2.5
1651762429,-31,6,33,5.0
1651762431,-29,6,26,-3.5
1651762433,-28,6,23,-1.5
1651762435,-30,4,29,3.0
1651762437,-29,4,26,-1.5
1651762439,-26,6,18,-4.0
1651762441,-26,6,18,0.0
1651762443,-32,6,37,9.5
1651762445,-27,6,21,-8.0
1651762447,-28,6,23,1.0
1651762449,-29,6,26,1.5
1651762451,-28,6,23,-1.5
1651762453,-29,6,26,1.5
1651762455,-27,6,21,-2.5
1651762457,-29,6,26,2.5
1651762459,-25,6,16,-5.0
1651762461,-28,6,23,3.5
1651762463,-29,6,26,1.5
1651762465,-30,6,29,1.5
1651762467,-29,6,26,-1.5
1651762469,-27,6,21,-2.5
1651762471,-30,6,29,4.0
1651762473,-28,6,23,-3.0
1651762475,-25,6,16,-3.5
1651762477,-33,6,41,12.5
1651762479,-27,6,21,-10.0
1651762481,-27,6,21,0.0
1651762483,-32,6,37,8.0
1651762485,-26,6,18,-9.5
1651762487,-30,6,29,5.5
1651762489,-26,6,18,-5.5
1651762491,-30,6,29,5.5
1651762493,-27,6,21,-4.0
1651762495,-32,6,37,8.0
1651762497,-23,4,13,-12.0
1651762499,-27,6,21,4.0
1651762501,-28,6,23,1.0
1651762503,-28,6,23,0.0
1651762505,-28,6,23,0.0
1651762507,-29,6,26,1.5
1651762509,-30,6,29,1.5
1651762511,-29,4,26,-1.5
1651762513,-29,6,26,0.0
1651762515,-30,4,29,1.5
1651762517,-26,6,18,-5.5
1651762519,-27,6,21,1.5
1651762521,-29,6,26,2.5
1651762523,-26,6,18,-4.0
1651762525,-27,6,21,1.5
1651762527,-27,6,21,0.0
1651762529,-28,4,23,1.0
1651762531,-27,6,21,-1.0
1651762533,-27,6,21,0.0
1651762535,-26,6,18,-1.5
1651762537,-29,6,26,4.0
1651762539,-32,6,37,5.5
1651762541,-27,6,21,-8.0
1651762543,-30,6,29,4.0
1651762545,-24,6,15,-7.0
1651762547,-26,6,18,1.5
1651762549,-28,2,23,2.5
1651762551,-29,4,26,1.5
1651762553,-28,6,23,-1.5
1651762555,-30,6,29,3.0
1651762557,-28,6,23,-3.0
1651762559,-31,6,33,5.0
1651762561,-28,6,23,-5.0
1651762563,-27,6,21,-1.0
1651762565,-29,6,26,2.5
1651762567,-28,6,23,-1.5
1651762569,-28,6,23,0.0
1651762571,-29,6,26,1.5
1651762573,-29,6,26,0.0
1651762575,-27,6,21,-2.5
1651762577,-27,6,21,0.0
1651762579,-27,6,21,0.0
1651762581,-28,6,23,1.0
1651762583,-28,4,23,0.0
1651762585,-30,6,29,3.0
1651762587,-28,6,23,-3.0
1651762589,-27,6,21,-1.0
1651762591,-27,6,21,0.0
1651762593,-29,6,26,2.5
1651762595,-26,6,18,-4.0
1651762597,-29,6,26,4.0
1651762599,-26,6,18,-4.0
1651762601,-28,6,23,2.5
1651762603,-31,4,33,5.0
1651762605,-28,6,23,-5.0
1651762607,-29,6,26,1.5
1651762609,-32,6,37,5.5
1651762611,-27,6,21,-8.0
1651762613,-25,6,16,-2.5
1651762615,-27,6,21,2.5
1651762617,-23,6,13,-4.0
1651762619,-27,6,21,4.0
1651762621,-28,4,23,1.0
1651762623,-27,6,21,-1.0
1651762625,-30,6,29,4.0
1651762627,-27,6,21,-4.0
1651762629,-30,6,29,4.0
1651762631,-28,6,23,-3.0
1651762633,-31,6,33,5.0
1651762635,-32,6,37,2.0
1651762637,-27,6,21,-8.0
1651762639,-28,6,23,1.0
1651762641,-28,6,23,0.0
1651762643,-27,6,21,-1.0
1651762645,-29,6,26,2.5
1651762647,-28,6,23,-1.5
1651762649,-28,6,23,0.0
1651762651,-26,6,18,-2.5
1651762653,-27,6,21,1.5
1651762655,-28,6,23,1.0
1651762657,-30,6,29,3.0
1651762659,-29,6,26,-1.5
1651762661,-28,6,23,-1.5
1651762663,-29,6,26,1.5
1651762665,-29,6,26,0.0
1651762667,-27,6,21,-2.5
1651762669,-27,6,21,0.0
1651762671,-29,6,26,2.5
1651762673,-28,6,23,-1.5
1651762675,-33,6,41,9.0
1651762677,-29,6,26,-7.5
1651762679,-26,6,18,-4.0
1651762681,-29,6,26,4.0
1651762683,-32,6,37,5.5
1651762685,-25,4,16,-10.5
1651762738,-27,6,21,0.1
1651762740,-25,4,16,-2.5
1651762742,-24,6,15,-0.5
1651762744,-27,6,21,3.0
1651762746,-25,6,16,-2.5
1651762748,-25,6,16,0.0
1651762750,-26,6,18,1.0
1651762752,-25,6,16,-1.0
1651762754,-23,6,13,-1.5
1651762756,-24,6,15,1.0
1651762758,-25,6,16,0.5
1651762760,-24,6,15,-0.5
1651762762,-24,6,15,0.0
1651762764,-24,6,15,0.0
1651762766,-24,6,15,0.0
1651762768,-23,6,13,-1.0
1651762770,-28,6,23,5.0
1651762772,-26,4,18,-2.5
1651762774,-24,6,15,-1.5
1651762776,-24,4,15,0.0
1651762778,-27,6,21,3.0
1651762780,-24,6,15,-3.0
1651762782,-23,4,13,-1.0
1651762784,-25,6,16,1.5
1651762786,-22,4,12,-2.0
1651762788,-25,4,16,2.0
1651762790,-25,6,16,0.0
1651762792,-26,6,18,1.0
1651762794,-21,6,10,-4.0
1651762796,-20,6,9,-0.5
1651762798,-25,2,16,3.5
1651762800,-25,4,16,0.0
1651762802,-24,6,15,-0.5
1651762804,-24,6,15,0.0
1651762806,-24,6,15,0.0
1651762808,-24,6,15,0.0
1651762810,-23,6,13,-1.0
1651762812,-25,6,16,1.5
1651762814,-26,4,18,1.0
1651762816,-25,6,16,-1.0
1651762818,-27,6,21,2.5
1651762820,-29,6,26,2.5
1651762822,-30,6,29,1.5
1651762824,-29,6,26,-1.5
1651762826,-28,6,23,-1.5
1651762828,-26,6,18,-2.5
1651762830,-31,6,33,7.5
1651762832,-30,6,29,-2.0
1651762834,-28,6,23,-3.0
1651762836,-24,6,15,-4.0
1651762838,-30,4,29,7.0
1651762840,-28,6,23,-3.0
1651762842,-28,6,23,0.0
1651762844,-30,6,29,3.0
1651762846,-25,4,16,-6.5
1651762848,-26,4,18,1.0
1651762850,-29,6,26,4.0
1651762852,-23,6,13,-6.5
1651762854,-26,4,18,2.5
1651762856,-25,6,16,-1.0
1651762858,-22,6,12,-2.0
1651762860,-33,6,41,14.5
1651762862,-26,6,18,-11.5
1651762864,-33,6,41,11.5
1651762866,-26,6,18,-11.5
1651762868,-27,6,21,1.5
1651762870,-27,6,21,0.0
1651762872,-28,6,23,1.0
1651762874,-29,6,26,1.5
1651762876,-29,6,26,0.0
1651762878,-29,6,26,0.0
1651762880,-29,6,26,0.0
1651762882,-27,6,21,-2.5
1651762884,-30,6,29,4.0
1651762886,-32,6,37,4.0
1651762888,-28,6,23,-7.0
1651762890,-28,6,23,0.0
1651762892,-29,6,26,1.5
1651762894,-29,6,26,0.0
1651762896,-26,6,18,-4.0
1651762898,-30,6,29,5.5
1651762900,-27,6,21,-4.0
1651762902,-27,6,21,0.0
1651762904,-29,6,26,2.5
1651762906,-29,6,26,0.0
1651762908,-28,6,23,-1.5
1651762910,-28,6,23,0.0
1651762912,-29,6,26,1.5
1651762914,-30,6,29,1.5
1651762916,-29,6,26,-1.5
1651762918,-27,6,21,-2.5
1651762920,-27,6,21,0.0
1651762922,-29,4,26,2.5
1651762924,-29,6,26,0.0
1651762926,-29,6,26,0.0
1651762928,-28,6,23,-1.5
1651762930,-28,4,23,0.0
1651762932,-28,6,23,0.0
1651762934,-30,6,29,3.0
1651762936,-33,6,41,6.0
1651762938,-30,6,29,-6.0
1651762940,-28,6,23,-3.0
1651762942,-29,6,26,1.5
1651762944,-33,6,41,7.5
1651762946,-25,6,16,-12.5
1651762948,-26,6,18,1.0
1651762950,-27,6,21,1.5
1651762952,-29,6,26,2.5
1651762954,-27,6,21,-2.5
1651762956,-28,6,23,1.0
1651762958,-29,6,26,1.5
1651762960,-26,4,18,-4.0
1651762962,-29,6,26,4.0
1651762964,-30,6,29,1.5
1651762966,-29,6,26,-1.5
1651762968,-24,6,15,-5.5
1651762970,-28,6,23,4.0
1651762972,-27,6,21,-1.0
1651762974,-29,6,26,2.5
1651762976,-32,4,37,5.5
1651762978,-26,6,18,-9.5
1651762980,-30,4,29,5.5
1651762982,-30,6,29,0.0
1651762984,-26,6,18,-5.5
1651762986,-32,4,37,9.5
1651762988,-27,6,21,-8.0
1651762990,-29,6,26,2.5
1651762992,-30,4,29,1.5
1651762994,-31,6,33,2.0
1651762996,-28,6,23,-5.0
1651762998,-30,6,29,3.0
1651763000,-29,6,26,-1.5
1651763002,-24,2,15,-5.5
1651763004,-28,6,23,4.0
1651763006,-28,4,23,0.0
1651763008,-26,6,18,-2.5
1651763010,-28,6,23,2.5
1651763012,-25,6,16,-3.5
1651763014,-29,6,26,5.0
1651763016,-28,6,23,-1.5
1651763018,-26,6,18,-2.5
1651763020,-27,2,21,1.5
1651763022,-29,6,26,2.5
1651763024,-33,6,41,7.5
1651763026,-26,6,18,-11.5
1651763028,-27,6,21,1.5
1651763030,-25,4,16,-2.5
1651763032,-26,6,18,1.0
1651763034,-32,6,37,9.5
1651763036,-31,6,33,-2.0
1651763038,-27,2,21,-6.0
1651763040,-27,6,21,0.0
1651763042,-32,6,37,8.0
1651763044,-29,6,26,-5.5
1651763046,-27,6,21,-2.5
1651763048,-26,4,18,-1.5
1651763050,-24,4,15,-1.5
1651763052,-29,4,26,5.5
1651763054,-31,6,33,3.5
1651763056,-27,6,21,-6.0
1651763058,-25,6,16,-2.5
1651763060,-28,4,23,3.5
1651763062,-28,6,23,0.0
1651763064,-29,6,26,1.5
1651763066,-35,6,52,13.0
1651763068,-29,4,26,-13.0
1651763070,-28,6,23,-1.5
1651763072,-23,6,13,-5.0
1651763074,-31,6,33,10.0
1651763076,-28,6,23,-5.0
1651763078,-28,6,23,0.0
1651763080,-31,6,33,5.0
1651763082,-26,6,18,-7.5
1651763084,-23,6,13,-2.5
1651763086,-32,6,37,12.0
1651763088,-27,6,21,-8.0
1651763090,-30,6,29,4.0
1651763092,-29,6,26,-1.5
1651763094,-25,6,16,-5.0
1651763096,-27,4,21,2.5
1651763098,-31,6,33,6.0
1651763100,-28,6,23,-5.0
1651763102,-28,6,23,0.0
1651763104,-35,6,52,14.5
1651763106,-26,6,18,-17.0
1651763108,-30,6,29,5.5
1651763110,-31,6,33,2.0
1651763112,-27,6,21,-6.0
1651763114,-25,4,16,-2.5
1651763116,-24,6,15,-0.5
1651763118,-30,6,29,7.0
1651763120,-30,4,29,0.0
1651763122,-30,4,29,0.0
1651763124,-28,6,23,-3.0
1651763126,-26,6,18,-2.5
1651763128,-29,6,26,4.0
1651763130,-31,6,33,3.5
1651763132,-27,6,21,-6.0
1651763134,-26,6,18,-1.5
1651763136,-28,6,23,2.5
1651763138,-31,6,33,5.0
1651763189,-30,6,29,-0.1
1651763191,-27,6,21,-4.0
1651763193,-29,6,26,2.5
1651763195,-29,6,26,0.0
1651763197,-28,6,23,-1.5
1651763199,-31,6,33,5.0
1651763201,-28,6,23,-5.0
1651763203,-28,6,23,0.0
1651763205,-29,6,26,1.5
1651763207,-28,6,23,-1.5
1651763209,-32,6,37,7.0
1651763211,-27,6,21,-8.0
1651763213,-32,6,37,8.0
1651763215,-28,6,23,-7.0
1651763217,-31,6,33,5.0
1651763219,-28,6,23,-5.0
1651763221,-27,6,21,-1.0
1651763223,-32,6,37,8.0
1651763225,-30,6,29,-4.0
1651763227,-28,6,23,-3.0
1651763229,-30,6,29,3.0
1651763231,-28,6,23,-3.0
1651763233,-29,4,26,1.5
1651763235,-28,6,23,-1.5
1651763237,-30,6,29,3.0
1651763239,-27,6,21,-4.0
1651763241,-29,6,26,2.5
1651763243,-32,6,37,5.5
1651763245,-33,6,41,2.0
1651763247,-26,4,18,-11.5
1651763249,-26,6,18,0.0
1651763251,-29,6,26,4.0
1651763253,-28,6,23,-1.5
1651763255,-30,6,29,3.0
1651763257,-29,6,26,-1.5
1651763259,-37,6,65,19.5
1651763261,-33,4,41,-12.0
1651763263,-30,6,29,-6.0
1651763265,-29,2,26,-1.5
1651763267,-31,6,33,3.5
1651763269,-27,6,21,-6.0
1651763271,-26,6,18,-1.5
1651763273,-33,6,41,11.5
1651763275,-30,6,29,-6.0
1651763277,-30,6,29,0.0
1651763279,-30,4,29,0.0
1651763281,-33,6,41,6.0
1651763283,-32,6,37,-2.0
1651763285,-31,6,33,-2.0
1651763287,-33,6,41,4.0
1651763289,-31,6,33,-4.0
1651763291,-32,6,37,2.0
1651763293,-31,6,33,-2.0
1651763295,-30,6,29,-2.0
1651763297,-29,6,26,-1.5
1651763299,-32,6,37,5.5
1651763301,-28,6,23,-7.0
1651763303,-33,6,41,9.0
1651763305,-34,6,46,2.5
1651763307,-27,6,21,-12.5
1651763309,-31,6,33,6.0
1651763311,-31,6,33,0.0
1651763313,-35,6,52,9.5
1651763315,-31,6,33,-9.5
1651763317,-27,6,21,-6.0
1651763319,-36,6,58,18.5
1651763321,-29,6,26,-16.0
1651763323,-34,6,46,10.0
1651763325,-33,6,41,-2.5
1651763327,-32,4,37,-2.0
1651763329,-36,6,58,10.5
1651763331,-33,2,41,-8.5
1651763333,-33,6,41,0.0
1651763335,-33,6,41,0.0
1651763337,-35,6,52,5.5
1651763339,-32,6,37,-7.5
1651763341,-31,6,33,-2.0
1651763343,-28,6,23,-5.0
1651763345,-31,6,33,5.0
1651763347,-33,6,41,4.0
1651763349,-31,6,33,-4.0
1651763351,-30,6,29,-2.0
1651763353,-29,6,26,-1.5
1651763355,-27,6,21,-2.5
1651763357,-33,6,41,10.0
1651763359,-30,6,29,-6.0
1651763361,-29,6,26,-1.5
1651763363,-33,6,41,7.5
1651763365,-32,6,37,-2.0
1651763367,-34,6,46,4.5
1651763369,-29,6,26,-10.0
1651763371,-34,6,46,10.0
1651763373,-32,6,37,-4.5
1651763375,-29,6,26,-5.5
1651763377,-30,4,29,1.5
1651763379,-30,6,29,0.0
1651763381,-30,6,29,0.0
1651763383,-28,6,23,-3.0
1651763385,-28,6,23,0.0
1651763387,-30,6,29,3.0
1651763389,-31,6,33,2.0
1651763391,-32,6,37,2.0
1651763393,-35,6,52,7.5
1651763395,-30,6,29,-11.5
1651763397,-32,6,37,4.0
1651763399,-28,6,23,-7.0
1651763401,-29,6,26,1.5
1651763403,-28,6,23,-1.5
1651763405,-32,6,37,7.0
1651763407,-28,4,23,-7.0
1651763409,-30,6,29,3.0
1651763411,-34,6,46,8.5
1651763413,-27,6,21,-12.5
1651763415,-29,6,26,2.5
1651763417,-31,6,33,3.5
1651763419,-33,6,41,4.0
1651763421,-30,6,29,-6.0
1651763423,-33,6,41,6.0
1651763425,-31,6,33,-4.0
1651763427,-31,6,33,0.0
1651763429,-31,6,33,0.0
1651763431,-33,6,41,4.0
1651763433,-26,6,18,-11.5
1651763435,-28,6,23,2.5
1651763437,-29,6,26,1.5
1651763439,-31,6,33,3.5
1651763441,-29,6,26,-3.5
1651763443,-32,4,37,5.5
1651763445,-30,6,29,-4.0
1651763447,-30,6,29,0.0
1651763449,-31,6,33,2.0
1651763451,-27,4,21,-6.0
1651763453,-30,6,29,4.0
1651763455,-29,6,26,-1.5
1651763457,-31,6,33,3.5
1651763459,-29,6,26,-3.5
1651763461,-35,6,52,13.0
1651763463,-30,6,29,-11.5
1651763465,-28,4,23,-3.0
1651763467,-34,6,46,11.5
1651763469,-28,6,23,-11.5
1651763471,-29,6,26,1.5
1651763473,-29,6,26,0.0
1651763475,-31,4,33,3.5
1651763477,-34,6,46,6.5
1651763479,-29,6,26,-10.0
1651763481,-33,4,41,7.5
1651763483,-31,6,33,-4.0
1651763485,-30,6,29,-2.0
1651763487,-33,6,41,6.0
1651763489,-32,6,37,-2.0
1651763491,-28,6,23,-7.0
1651763493,-29,6,26,1.5
1651763495,-29,6,26,0.0
1651763497,-29,6,26,0.0
1651763499,-30,6,29,1.5
1651763501,-29,6,26,-1.5
1651763503,-27,4,21,-2.5
1651763505,-30,6,29,4.0
1651763507,-28,6,23,-3.0
1651763509,-30,6,29,3.0
1651763511,-30,4,29,0.0
1651763513,-31,6,33,2.0
1651763515,-29,6,26,-3.5
1651763517,-28,4,23,-1.5
1651763519,-32,6,37,7.0
1651763521,-28,6,23,-7.0
1651763523,-30,6,29,3.0
1651763525,-33,6,41,6.0
1651763527,-32,6,37,-2.0
1651763529,-27,6,21,-8.0
1651763531,-27,6,21,0.0
1651763533,-29,6,26,2.5
1651763535,-35,6,52,13.0
1651763537,-30,6,29,-11.5
1651763539,-29,6,26,-1.5
1651763541,-30,6,29,1.5
1651763543,-30,6,29,0.0
1651763545,-32,6,37,4.0
1651763547,-36,6,58,10.5
1651763549,-32,6,37,-10.5
1651763551,-32,6,37,0.0
1651763553,-32,6,37,0.0
1651763555,-27,6,21,-8.0
1651763557,-29,6,26,2.5
1651763559,-27,6,21,-2.5
1651763561,-28,6,23,1.0
1651763563,-36,6,58,17.5
1651763565,-35,6,52,-3.0
1651763567,-33,6,41,-5.5
1651763569,-35,4,52,5.5
1651763571,-30,4,29,-11.5
1651763573,-34,6,46,8.5
1651763575,-27,6,21,-12.5
1651763577,-23,6,13,-4.0
1651763579,-31,6,33,10.0
1651763581,-32,6,37,2.0
1651763583,-28,6,23,-7.0
1651763585,-29,6,26,1.5
1651763587,-28,6,23,-1.5
1651763589,-31,6,33,5.0
1651763591,-28,6,23,-5.0
1651763593,-28,6,23,0.0
1651763595,-31,6,33,5.0
1651763597,-30,6,29,-2.0
1651763599,-30,6,29,0.0
1651763601,-31,6,33,2.0
1651763603,-31,6,33,0.0
1651763605,-28,6,23,-5.0
1651763607,-31,6,33,5.0
1651763609,-29,6,26,-3.5
1651763611,-28,4,23,-1.5
1651763613,-28,6,23,0.0
1651763615,-28,6,23,0.0
1651763617,-29,6,26,1.5
1651763619,-35,6,52,13.0
1651763621,-37,6,65,6.5
1651763623,-30,6,29,-18.0
1651763625,-29,6,26,-1.5
1651763627,-33,4,41,7.5
1651763629,-28,6,23,-9.0
1651763631,-33,6,41,9.0
1651763633,-31,4,33,-4.0
1651763635,-30,6,29,-2.0
1651763637,-30,6,29,0.0
1651763639,-29,6,26,-1.5
1651763641,-28,6,23,-1.5
1651763643,-31,6,33,5.0
1651763645,-32,6,37,2.0
1651763647,-30,6,29,-4.0
1651763649,-32,6,37,4.0
1651763651,-33,6,41,2.0
1651763653,-28,6,23,-9.0
1651763655,-33,6,41,9.0
1651763657,-34,6,46,2.5
1651763659,-33,6,41,-2.5
1651763661,-33,6,41,0.0
1651763663,-36,6,58,8.5
1651763665,-32,6,37,-10.5
1651763667,-30,6,29,-4.0
1651763669,-28,4,23,-3.0
1651763671,-33,6,41,9.0
1651763673,-32,6,37,-2.0
1651763675,-29,6,26,-5.5
1651763677,-28,6,23,-1.5
1651763679,-29,6,26,1.5
1651763681,-29,4,26,0.0
1651763683,-30,6,29,1.5
1651763685,-32,6,37,4.0
1651763687,-31,6,33,-2.0
1651763689,-27,6,21,-6.0
1651763691,-34,6,46,12.5
1651763693,-31,6,33,-6.5
1651763695,-33,6,41,4.0
1651763697,-34,6,46,2.5
1651763699,-33,6,41,-2.5
1651763701,-30,6,29,-6.0
1651763703,-29,6,26,-1.5
1651763705,-29,6,26,0.0
1651763707,-30,6,29,1.5
1651763709,-33,6,41,6.0
1651763711,-28,6,23,-9.0
1651763713,-32,6,37,7.0
1651763715,-30,6,29,-4.0
1651763717,-30,6,29,0.0
1651763719,-33,6,41,6.0
1651763721,-32,6,37,-2.0
1651763723,-31,6,33,-2.0
1651763725,-28,6,23,-5.0
1651763727,-28,6,23,0.0
1651763729,-30,6,29,3.0
1651763731,-30,6,29,0.0
1651763733,-27,6,21,-4.0
1651763735,-27,6,21,0.0
1651763737,-29,6,26,2.5
1651763739,-35,6,52,13.0
1651763741,-32,6,37,-7.5
1651763743,-30,6,29,-4.0
1651763745,-30,6,29,0.0
1651763747,-30,6,29,0.0
1651763749,-32,6,37,4.0
1651763751,-35,6,52,7.5
1651763753,-27,6,21,-15.5
1651763755,-29,4,26,2.5
1651763757,-33,6,41,7.5
1651763759,-30,6,29,-6.0
1651763761,-28,6,23,-3.0
1651763763,-32,6,37,7.0
1651763765,-30,6,29,-4.0
1651763767,-28,6,23,-3.0
1651763769,-33,6,41,9.0
1651763771,-30,2,29,-6.0
1651763773,-36,6,58,14.5
1651763775,-35,6,52,-3.0
1651763777,-29,6,26,-13.0
1651763779,-30,6,29,1.5
1651763781,-29,6,26,-1.5
1651763783,-30,6,29,1.5
1651763786,-32,6,37,2.7
1651763788,-30,6,29,-4.0
1651763790,-30,6,29,0.0
1651763792,-30,6,29,0.0
1651763794,-31,4,33,2.0
1651763796,-30,6,29,-2.0
1651763798,-33,6,41,6.0
1651763800,-32,6,37,-2.0
1651763802,-33,6,41,2.0
1651763804,-29,6,26,-7.5
1651763806,-28,6,23,-1.5
1651763808,-30,6,29,3.0
1651763810,-28,6,23,-3.0
1651763812,-33,6,41,9.0
1651763814,-27,6,21,-10.0
1651763816,-30,6,29,4.0
1651763818,-29,6,26,-1.5
1651763820,-30,6,29,1.5
1651763822,-33,6,41,6.0
1651763824,-29,6,26,-7.5
1651763826,-34,6,46,10.0
1651763828,-28,6,23,-11.5
1651763830,-28,6,23,0.0
1651763832,-28,6,23,0.0
1651763834,-30,4,29,3.0
1651763836,-29,6,26,-1.5
1651763838,-29,6,26,0.0
1651763840,-28,6,23,-1.5
1651763842,-31,6,33,5.0
1651763844,-31,6,33,0.0
1651763846,-32,6,37,2.0
1651763848,-27,6,21,-8.0
1651763850,-28,6,23,1.0
1651763852,-29,6,26,1.5
1651763854,-30,6,29,1.5
1651763856,-30,4,29,0.0
1651763858,-35,6,52,11.5
1651763860,-35,6,52,0.0
1651763862,-35,6,52,0.0
1651763864,-33,6,41,-5.5
1651763866,-33,6,41,0.0
1651763868,-32,6,37,-2.0
1651763870,-35,6,52,7.5
1651763872,-33,6,41,-5.5
1651763874,-35,6,52,5.5
1651763876,-36,6,58,3.0
1651763878,-36,6,58,0.0
1651763880,-35,6,52,-3.0
1651763882,-32,6,37,-7.5
1651763884,-36,6,58,10.5
1651763886,-36,6,58,0.0
1651763888,-37,6,65,3.5
1651763890,-36,6,58,-3.5
1651763892,-31,6,33,-12.5
1651763894,-35,6,52,9.5
1651763896,-31,4,33,-9.5
1651763898,-31,6,33,0.0
1651763900,-30,6,29,-2.0
1651763902,-34,6,46,8.5
1651763904,-30,6,29,-8.5
1651763906,-30,6,29,0.0
1651763908,-33,6,41,6.0
1651763910,-31,6,33,-4.0
1651763912,-37,6,65,16.0
1651763914,-36,6,58,-3.5
1651763916,-35,6,52,-3.0
1651763918,-34,6,46,-3.0
1651763920,-37,6,65,9.5
1651763922,-36,6,58,-3.5
1651763924,-31,4,33,-12.5
1651763926,-34,6,46,6.5
1651763928,-35,6,52,3.0
1651763930,-40,6,92,20.0
1651763932,-42,6,116,12.0
1651763934,-41,6,103,-6.5
1651763936,-43,6,130,13.5
1651763938,-43,6,130,0.0
1651763940,-41,6,103,-13.5
1651763942,-43,6,130,13.5
1651763944,-45,6,164,17.0
1651763946,-45,6,164,0.0
1651763948,-39,6,82,-41.0
1651763950,-38,6,73,-4.5
1651763952,-44,6,146,36.5
1651763954,-44,6,146,0.0
1651763956,-41,6,103,-21.5
1651763958,-38,6,73,-15.0
1651763960,-44,6,146,36.5
1651763962,-41,6,103,-21.5
1651763964,-47,6,206,51.5
1651763966,-43,6,130,-38.0
1651763968,-41,6,103,-13.5
1651763970,-43,6,130,13.5
1651763972,-39,6,82,-24.0
1651763974,-41,6,103,10.5
1651763976,-41,4,103,0.0
1651763978,-41,6,103,0.0
1651763980,-40,6,92,-5.5
1651763982,-42,6,116,12.0
1651763984,-42,6,116,0.0
1651763986,-39,6,82,-17.0
1651763988,-44,6,146,32.0
1651763990,-42,6,116,-15.0
1651763992,-42,6,116,0.0
1651763994,-46,6,184,34.0
1651763996,-41,6,103,-40.5
1651763998,-42,6,116,6.5
1651764000,-41,6,103,-6.5
1651764002,-44,6,146,21.5
1651764004,-41,6,103,-21.5
1651764006,-44,6,146,21.5
1651764008,-44,6,146,0.0
1651764010,-44,4,146,0.0
1651764012,-44,6,146,0.0
1651764014,-42,6,116,-15.0
1651764016,-44,6,146,15.0
1651764018,-46,6,184,19.0
1651764020,-48,6,231,23.5
1651764022,-46,6,184,-23.5
1651764024,-46,6,184,0.0
1651764026,-43,6,130,-27.0
1651764028,-42,6,116,-7.0
1651764030,-44,6,146,15.0
1651764032,-38,6,73,-36.5
1651764034,-42,6,116,21.5
1651764036,-42,6,116,0.0
1651764038,-42,6,116,0.0
1651764040,-40,6,92,-12.0
1651764042,-44,6,146,27.0
1651764044,-39,6,82,-32.0
1651764046,-41,6,103,10.5
1651764048,-41,6,103,0.0
1651764050,-41,4,103,0.0
1651764052,-43,6,130,13.5
1651764054,-45,6,164,17.0
1651764056,-52,6,366,101.0
1651764058,-53,6,411,22.5
1651764060,-58,6,731,160.0
1651764062,-57,4,651,-40.0
1651764064,-51,6,326,-162.5
1651764066,-47,6,206,-60.0
1651764068,-42,6,116,-45.0
1651764070,-45,6,164,24.0
1651764072,-46,6,184,10.0
1651764074,-47,6,206,11.0
1651764076,-46,6,184,-11.0
1651764078,-46,6,184,0.0
1651764080,-46,6,184,0.0
1651764082,-45,6,164,-10.0
1651764084,-48,6,231,33.5
1651764086,-45,6,164,-33.5
1651764088,-48,6,231,33.5
1651764090,-46,6,184,-23.5
1651764092,-48,4,231,23.5
1651764094,-48,6,231,0.0
1651764096,-47,6,206,-12.5
1651764098,-43,6,130,-38.0
1651764100,-48,6,231,50.5
1651764102,-40,6,92,-69.5
1651764104,-47,6,206,57.0
1651764106,-47,6,206,0.0
1651764108,-49,6,259,26.5
1651764110,-49,6,259,0.0
1651764112,-47,6,206,-26.5
1651764114,-42,6,116,-45.0
1651764116,-48,6,231,57.5
1651764118,-47,6,206,-12.5
1651764120,-43,6,130,-38.0
1651764122,-47,6,206,38.0
1651764124,-42,6,116,-45.0
1651764126,-50,6,291,87.5
1651764128,-46,6,184,-53.5
1651764130,-49,6,259,37.5
1651764132,-48,6,231,-14.0
1651764134,-49,6,259,14.0
1651764136,-49,6,259,0.0
1651764138,-43,6,130,-64.5
1651764140,-49,6,259,64.5
1651764142,-47,6,206,-26.5
1651764144,-50,6,291,42.5
1651764146,-50,6,291,0.0
1651764148,-49,6,259,-16.0
1651764150,-48,6,231,-14.0
1651764152,-52,6,366,67.5
1651764154,-51,6,326,-20.0
1651764156,-50,6,291,-17.5
1651764158,-51,4,326,17.5
1651764160,-52,6,366,20.0
1651764162,-51,4,326,-20.0
1651764164,-48,6,231,-47.5
1651764166,-47,6,206,-12.5
1651764168,-51,6,326,60.0
1651764170,-49,6,259,-33.5
1651764172,-47,6,206,-26.5
1651764174,-47,6,206,0.0
1651764176,-42,6,116,-45.0
1651764178,-43,6,130,7.0
1651764180,-50,6,291,80.5
1651764182,-46,6,184,-53.5
1651764184,-44,6,146,-19.0
1651764186,-45,6,164,9.0
1651764188,-44,6,146,-9.0
1651764190,-49,6,259,56.5
1651764192,-50,6,291,16.0
1651764194,-51,6,326,17.5
1651764196,-45,4,164,-81.0
1651764198,-51,4,326,81.0
1651764200,-45,6,164,-81.0
1651764202,-51,6,326,81.0
1651764204,-49,6,259,-33.5
1651764206,-51,4,326,33.5
1651764208,-49,6,259,-33.5
1651764210,-47,6,206,-26.5
1651764212,-49,6,259,26.5
1651764214,-51,6,326,33.5
1651764216,-51,6,326,0.0
1651764218,-49,6,259,-33.5
1651764220,-47,6,206,-26.5
1651764222,-48,6,231,12.5
1651764224,-50,6,291,30.0
1651764226,-47,6,206,-42.5
1651764228,-47,4,206,0.0
1651764230,-51,6,326,60.0
1651764232,-48,6,231,-47.5
1651764234,-49,4,259,14.0
1651764236,-52,6,366,53.5
1651764238,-48,6,231,-67.5
1651764240,-42,4,116,-57.5
1651764242,-47,6,206,45.0
1651764244,-45,6,164,-21.0
1651764246,-42,6,116,-24.0
1651764248,-48,6,231,57.5
1651764250,-52,6,366,67.5
1651764252,-46,4,184,-91.0
1651764254,-47,6,206,11.0
1651764256,-50,6,291,42.5
1651764258,-49,4,259,-16.0
1651764260,-47,6,206,-26.5
1651764262,-47,6,206,0.0
1651764264,-47,6,206,0.0
1651764266,-46,6,184,-11.0
1651764268,-46,6,184,0.0
1651764270,-50,6,291,53.5
1651764272,-43,6,130,-80.5
1651764274,-51,6,326,98.0
1651764276,-49,6,259,-33.5
1651764278,-50,6,291,16.0
1651764280,-49,6,259,-16.0
1651764282,-50,6,291,16.0
1651764284,-49,4,259,-16.0
1651764286,-50,6,291,16.0
1651764288,-47,6,206,-42.5
1651764290,-51,6,326,60.0
1651764292,-48,6,231,-47.5
1651764294,-51,6,326,47.5
1651764296,-49,6,259,-33.5
1651764298,-46,6,184,-37.5
1651764300,-46,4,184,0.0
1651764302,-45,6,164,-10.0
1651764304,-48,6,231,33.5
1651764306,-49,6,259,14.0
1651764308,-51,6,326,33.5
1651764310,-50,6,291,-17.5
1651764312,-47,6,206,-42.5
1651764314,-48,6,231,12.5
1651764316,-48,6,231,0.0
1651764318,-50,6,291,30.0
1651764320,-50,6,291,0.0
1651764322,-55,6,517,113.0
1651764324,-52,6,366,-75.5
1651764326,-53,6,411,22.5
1651764328,-49,6,259,-76.0
1651764330,-49,6,259,0.0
1651764332,-50,6,291,16.0
1651764334,-45,6,164,-63.5
1651764336,-47,6,206,21.0
1651764338,-46,6,184,-11.0
1651764340,-50,6,291,53.5
1651764342,-53,6,411,60.0
1651764344,-43,6,130,-140.5
1651764346,-47,6,206,38.0
1651764348,-46,6,184,-11.0
1651764350,-49,6,259,37.5
1651764352,-44,6,146,-56.5
1651764354,-48,6,231,42.5
1651764356,-44,6,146,-42.5
1651764358,-47,6,206,30.0
1651764360,-48,4,231,12.5
1651764362,-45,6,164,-33.5
1651764364,-39,6,82,-41.0
1651764366,-43,6,130,24.0
1651764368,-46,6,184,27.0
1651764370,-37,6,65,-59.5
1651764372,-43,6,130,32.5
1651764374,-42,6,116,-7.0
1651764376,-43,6,130,7.0
1651764378,-34,6,46,-42.0
1651764380,-35,6,52,3.0
1651764382,-38,6,73,10.5
1651764384,-37,6,65,-4.0
1651764386,-32,4,37,-14.0
1651764388,-37,6,65,14.0
1651764390,-41,6,103,19.0
1651764392,-43,6,130,13.5
1651764394,-42,6,116,-7.0
1651764396,-33,6,41,-37.5
1651764398,-37,6,65,12.0
1651764400,-39,6,82,8.5
1651764402,-41,6,103,10.5
1651764404,-39,6,82,-10.5
1651764406,-48,6,231,74.5
1651764408,-45,6,164,-33.5
1651764410,-48,6,231,33.5
1651764412,-60,6,920,344.5
1651764414,-58,6,731,-94.5
1651764416,-57,6,651,-40.0
1651764418,-59,6,820,84.5
1651764420,-58,6,731,-44.5
1651764422,-54,6,461,-135.0
1651764424,-55,6,517,28.0
1651764426,-55,4,517,0.0
1651764428,-47,6,206,-155.5
1651764430,-45,6,164,-21.0
1651764432,-43,6,130,-17.0
1651764434,-45,6,164,17.0
1651764436,-41,4,103,-30.5
1651764438,-40,6,92,-5.5
1651764440,-38,6,73,-9.5
1651764442,-36,6,58,-7.5
1651764444,-37,6,65,3.5
1651764446,-35,6,52,-6.5
1651764448,-30,6,29,-11.5
1651764450,-29,6,26,-1.5
1651764452,-30,6,29,1.5
1651764454,-31,6,33,2.0
1651764456,-30,6,29,-2.0
1651764458,-30,6,29,0.0
1651764460,-28,6,23,-3.0
1651764462,-27,6,21,-1.0
1651764464,-28,6,23,1.0
1651764466,-31,6,33,5.0
1651764468,-31,6,33,0.0
1651764470,-30,4,29,-2.0
1651764472,-29,6,26,-1.5
1651764474,-27,6,21,-2.5
1651764476,-31,6,33,6.0
1651764478,-29,6,26,-3.5
1651764480,-32,4,37,5.5
1651764482,-31,6,33,-2.0
1651764484,-31,6,33,0.0
1651764486,-31,6,33,0.0
1651764488,-35,6,52,9.5
1651764490,-29,6,26,-13.0
1651764492,-29,6,26,0.0
1651764494,-29,6,26,0.0
1651764496,-30,6,29,1.5
1651764498,-28,4,23,-3.0
1651764500,-27,6,21,-1.0
1651764502,-29,6,26,2.5
1651764504,-27,6,21,-2.5
1651764506,-28,6,23,1.0
1651764508,-28,6,23,0.0
1651764510,-28,6,23,0.0
1651764512,-33,6,41,9.0
1651764514,-28,4,23,-9.0
1651764516,-27,2,21,-1.0
1651764518,-26,6,18,-1.5
1651764520,-30,6,29,5.5
1651764522,-29,4,26,-1.5
1651764524,-29,6,26,0.0
1651764526,-32,4,37,5.5
1651764528,-30,6,29,-4.0
1651764530,-29,6,26,-1.5
1651764532,-28,6,23,-1.5
1651764534,-29,6,26,1.5
1651764536,-31,6,33,3.5
1651764538,-29,6,26,-3.5
1651764540,-26,4,18,-4.0
1651764542,-30,6,29,5.5
1651764544,-32,6,37,4.0
1651764546,-29,6,26,-5.5
1651764548,-28,6,23,-1.5
1651764550,-28,6,23,0.0
1651764552,-30,6,29,3.0
1651764554,-29,6,26,-1.5
1651764556,-29,6,26,0.0
1651764558,-29,6,26,0.0
1651764560,-28,6,23,-1.5
1651764562,-33,6,41,9.0
1651764564,-29,6,26,-7.5
1651764566,-29,6,26,0.0
1651764568,-28,4,23,-1.5
1651764570,-33,4,41,9.0
1651764572,-29,6,26,-7.5
1651764574,-27,6,21,-2.5
1651764576,-30,6,29,4.0
1651764578,-28,6,23,-3.0
1651764580,-29,6,26,1.5
1651764582,-27,6,21,-2.5
1651764584,-29,4,26,2.5
1651764586,-29,6,26,0.0
1651764588,-30,4,29,1.5
1651764590,-29,6,26,-1.5
1651764592,-29,4,26,0.0
1651764594,-28,4,23,-1.5
1651764596,-28,6,23,0.0
1651764598,-28,6,23,0.0
1651764600,-28,4,23,0.0
1651764602,-29,6,26,1.5
1651764604,-28,6,23,-1.5
1651764606,-29,6,26,1.5
1651764608,-29,6,26,0.0
1651764610,-29,6,26,0.0
1651764612,-29,6,26,0.0
1651764614,-30,6,29,1.5
1651764616,-28,6,23,-3.0
1651764618,-26,6,18,-2.5
1651764620,-29,6,26,4.0
1651764622,-29,4,26,0.0
1651764624,-24,6,15,-5.5
1651764626,-30,6,29,7.0
1651764628,-29,4,26,-1.5
1651764630,-29,6,26,0.0
1651764632,-29,6,26,0.0
1651764634,-28,6,23,-1.5
1651764636,-28,6,23,0.0
1651764638,-27,6,21,-1.0
1651764640,-28,6,23,1.0
1651764642,-28,6,23,0.0
1651764644,-28,6,23,0.0
1651764646,-28,6,23,0.0
1651764648,-28,6,23,0.0
1651764650,-28,6,23,0.0
1651764652,-28,6,23,0.0
1651764654,-28,6,23,0.0
1651764656,-29,6,26,1.5
1651764658,-30,6,29,1.5
1651764660,-29,6,26,-1.5
1651764662,-28,6,23,-1.5
1651764664,-30,6,29,3.0
1651764666,-30,6,29,0.0
1651764668,-29,6,26,-1.5
1651764670,-30,6,29,1.5
1651764672,-29,6,26,-1.5
1651764674,-28,6,23,-1.5
1651764676,-28,6,23,0.0
1651764678,-29,6,26,1.5
1651764680,-30,6,29,1.5
1651764682,-28,6,23,-3.0
1651764684,-28,6,23,0.0
1651764686,-28,6,23,0.0
1651764688,-30,4,29,3.0
1651764690,-28,6,23,-3.0
1651764692,-28,6,23,0.0
1651764694,-28,6,23,0.0
1651764696,-29,6,26,1.5
1651764698,-29,6,26,0.0
1651764700,-28,6,23,-1.5
1651764702,-29,4,26,1.5
1651764704,-34,4,46,10.0
1651764706,-28,4,23,-11.5
1651764708,-29,6,26,1.5
1651764710,-29,4,26,0.0
1651764712,-28,6,23,-1.5
1651764714,-29,6,26,1.5
1651764716,-28,6,23,-1.5
1651764718,-30,6,29,3.0
1651764720,-28,6,23,-3.0
1651764722,-29,6,26,1.5
1651764724,-31,6,33,3.5
1651764726,-33,4,41,4.0
1651764728,-29,6,26,-7.5
1651764730,-28,4,23,-1.5
1651764732,-27,6,21,-1.0
1651764734,-30,6,29,4.0
1651764736,-28,6,23,-3.0
1651764738,-29,6,26,1.5
1651764740,-30,6,29,1.5
1651764742,-28,6,23,-3.0
1651764744,-27,6,21,-1.0
1651764746,-29,6,26,2.5
1651764748,-28,6,23,-1.5
1651764750,-29,6,26,1.5
1651764752,-29,6,26,0.0
1651764754,-30,6,29,1.5
1651764756,-29,6,26,-1.5
1651764758,-27,6,21,-2.5
1651764760,-29,6,26,2.5
1651764762,-29,6,26,0.0
1651764764,-29,4,26,0.0
1651764766,-27,6,21,-2.5
1651764768,-30,6,29,4.0
1651764770,-28,6,23,-3.0
1651764772,-26,6,18,-2.5
1651764774,-26,6,18,0.0
1651764776,-33,6,41,11.5
1651764778,-33,6,41,0.0
1651764780,-33,4,41,0.0
1651764782,-29,6,26,-7.5
1651764784,-29,6,26,0.0
1651764786,-29,6,26,0.0
1651764788,-27,6,21,-2.5
1651764790,-28,6,23,1.0
1651764792,-31,6,33,5.0
1651764794,-30,6,29,-2.0
1651764796,-29,6,26,-1.5
1651764798,-34,6,46,10.0
1651764800,-30,6,29,-8.5
1651764802,-33,6,41,6.0
1651764804,-29,6,26,-7.5
1651764806,-29,6,26,0.0
1651764809,-28,6,23,-1.0
1651764811,-29,6,26,1.5
1651764813,-29,6,26,0.0
1651764815,-29,6,26,0.0
1651764817,-33,6,41,7.5
1651764819,-29,6,26,-7.5
1651764821,-29,6,26,0.0
1651764823,-28,6,23,-1.5
1651764825,-29,6,26,1.5
1651764827,-31,4,33,3.5
1651764829,-31,6,33,0.0
1651764831,-30,6,29,-2.0
1651764833,-29,6,26,-1.5
1651764835,-30,6,29,1.5
1651764837,-29,6,26,-1.5
1651764839,-28,6,23,-1.5
1651764841,-27,4,21,-1.0
1651764843,-28,6,23,1.0
1651764845,-30,4,29,3.0
1651764847,-28,6,23,-3.0
1651764849,-29,4,26,1.5
1651764851,-33,6,41,7.5
1651764853,-28,4,23,-9.0
1651764855,-29,6,26,1.5
1651764857,-34,6,46,10.0
1651764859,-32,6,37,-4.5
1651764861,-28,6,23,-7.0
1651764863,-27,6,21,-1.0
1651764865,-28,4,23,1.0
1651764867,-29,6,26,1.5
1651764869,-28,6,23,-1.5
1651764871,-29,4,26,1.5
1651764873,-29,6,26,0.0
1651764875,-30,6,29,1.5
1651764877,-30,6,29,0.0
1651764879,-32,6,37,4.0
1651764881,-31,6,33,-2.0
1651764883,-33,6,41,4.0
1651764885,-31,6,33,-4.0
1651764887,-27,6,21,-6.0
1651764889,-30,6,29,4.0
1651764891,-31,4,33,2.0
1651764893,-28,6,23,-5.0
1651764895,-29,6,26,1.5
1651764897,-27,6,21,-2.5
1651764899,-32,6,37,8.0
1651764901,-30,6,29,-4.0
1651764903,-34,6,46,8.5
1651764905,-33,6,41,-2.5
1651764907,-28,6,23,-9.0
1651764909,-27,6,21,-1.0
1651764911,-33,6,41,10.0
1651764913,-30,6,29,-6.0
1651764915,-33,4,41,6.0
1651764917,-28,6,23,-9.0
1651764919,-33,6,41,9.0
1651764921,-29,6,26,-7.5
1651764923,-33,6,41,7.5
1651764925,-27,6,21,-10.0
1651764927,-30,6,29,4.0
1651764929,-29,6,26,-1.5
1651764931,-28,4,23,-1.5
1651764933,-28,6,23,0.0
1651764935,-31,6,33,5.0
1651764937,-28,6,23,-5.0
1651764939,-33,6,41,9.0
1651764941,-28,6,23,-9.0
1651764943,-29,6,26,1.5
1651764945,-28,6,23,-1.5
1651764947,-27,6,21,-1.0
1651764949,-29,4,26,2.5
1651764951,-29,6,26,0.0
1651764953,-28,6,23,-1.5
1651764955,-28,6,23,0.0
1651764957,-33,2,41,9.0
1651764959,-29,6,26,-7.5
1651764961,-29,4,26,0.0
1651764963,-28,6,23,-1.5
1651764965,-31,6,33,5.0
1651764967,-34,6,46,6.5
1651764969,-29,6,26,-10.0
1651764971,-29,4,26,0.0
1651764973,-29,6,26,0.0
1651764975,-28,6,23,-1.5
1651764977,-29,6,26,1.5
1651764979,-29,6,26,0.0
1651764981,-27,6,21,-2.5
1651764983,-27,6,21,0.0
1651764985,-29,6,26,2.5
1651764987,-28,6,23,-1.5
1651764989,-29,6,26,1.5
1651764991,-29,6,26,0.0
1651764993,-29,4,26,0.0
1651764995,-29,6,26,0.0
1651764997,-28,6,23,-1.5
1651764999,-30,6,29,3.0
1651765001,-30,6,29,0.0
1651765003,-30,6,29,0.0
1651765005,-27,6,21,-4.0
1651765007,-28,4,23,1.0
1651765009,-29,6,26,1.5
1651765011,-29,6,26,0.0
1651765013,-30,4,29,1.5
1651765015,-34,6,46,8.5
1651765017,-31,6,33,-6.5
1651765019,-27,6,21,-6.0
1651765021,-28,6,23,1.0
1651765023,-29,6,26,1.5
1651765025,-25,6,16,-5.0
1651765027,-25,6,16,0.0
1651765029,-28,6,23,3.5
1651765031,-29,6,26,1.5
1651765033,-27,4,21,-2.5
1651765035,-33,6,41,10.0
1651765037,-28,6,23,-9.0
1651765039,-29,6,26,1.5
1651765041,-31,6,33,3.5
1651765043,-28,6,23,-5.0
1651765045,-28,6,23,0.0
1651765047,-31,6,33,5.0
1651765049,-28,6,23,-5.0
1651765051,-30,4,29,3.0
1651765053,-29,6,26,-1.5
1651765055,-28,6,23,-1.5
1651765057,-27,6,21,-1.0
1651765059,-28,6,23,1.0
1651765061,-24,6,15,-4.0
1651765063,-32,6,37,11.0
1651765065,-29,6,26,-5.5
1651765067,-28,6,23,-1.5
1651765069,-26,6,18,-2.5
1651765071,-28,6,23,2.5
1651765073,-28,6,23,0.0
1651765075,-30,6,29,3.0
1651765077,-28,6,23,-3.0
1651765079,-30,6,29,3.0
1651765081,-29,6,26,-1.5
1651765083,-29,6,26,0.0
1651765085,-29,6,26,0.0
1651765087,-30,6,29,1.5
1651765089,-30,4,29,0.0
1651765091,-30,4,29,0.0
1651765093,-29,6,26,-1.5
1651765095,-29,6,26,0.0
1651765097,-27,6,21,-2.5
1651765099,-29,6,26,2.5
1651765101,-29,6,26,0.0
1651765103,-27,6,21,-2.5
1651765105,-28,6,23,1.0
1651765107,-29,6,26,1.5
1651765109,-28,4,23,-1.5
1651765111,-30,6,29,3.0
1651765113,-29,6,26,-1.5
1651765115,-33,4,41,7.5
1651765117,-30,6,29,-6.0
1651765119,-28,6,23,-3.0
1651765121,-28,4,23,0.0
1651765123,-30,6,29,3.0
1651765125,-26,4,18,-5.5
1651765127,-32,6,37,9.5
1651765129,-28,6,23,-7.0
1651765131,-29,6,26,1.5
1651765133,-31,6,33,3.5
1651765135,-30,6,29,-2.0
1651765137,-29,6,26,-1.5
1651765139,-28,6,23,-1.5
1651765141,-30,6,29,3.0
1651765143,-28,6,23,-3.0
1651765145,-28,6,23,0.0
1651765147,-30,6,29,3.0
1651765149,-27,6,21,-4.0
1651765151,-29,6,26,2.5
1651765153,-29,4,26,0.0
1651765155,-28,6,23,-1.5
1651765157,-28,6,23,0.0
1651765159,-29,6,26,1.5
1651765161,-29,6,26,0.0
1651765163,-29,6,26,0.0
1651765165,-33,6,41,7.5
1651765167,-33,6,41,0.0
1651765169,-29,4,26,-7.5
1651765171,-27,6,21,-2.5
1651765173,-29,6,26,2.5
1651765175,-29,4,26,0.0
1651765177,-30,6,29,1.5
1651765179,-30,6,29,0.0
1651765181,-29,6,26,-1.5
1651765183,-29,6,26,0.0
1651765185,-26,6,18,-4.0
1651765187,-29,6,26,4.0
1651765189,-27,6,21,-2.5
1651765191,-29,6,26,2.5
1651765193,-29,4,26,0.0
1651765195,-29,6,26,0.0
1651765197,-28,6,23,-1.5
1651765199,-29,6,26,1.5
1651765201,-28,6,23,-1.5
1651765203,-29,6,26,1.5
1651765205,-29,6,26,0.0
1651765207,-29,6,26,0.0
1651765209,-30,6,29,1.5
1651765211,-30,6,29,0.0
1651765213,-28,6,23,-3.0
1651765215,-31,6,33,5.0
1651765217,-31,6,33,0.0
1651765219,-30,4,29,-2.0
1651765221,-28,6,23,-3.0
1651765223,-27,6,21,-1.0
1651765225,-28,6,23,1.0
1651765227,-30,6,29,3.0
1651765229,-28,6,23,-3.0
1651765231,-28,6,23,0.0
1651765233,-28,6,23,0.0
1651765235,-31,4,33,5.0
1651765237,-29,6,26,-3.5
1651765239,-29,6,26,0.0
1651765241,-29,6,26,0.0
1651765243,-28,4,23,-1.5
1651765245,-28,6,23,0.0
1651765247,-30,6,29,3.0
1651765249,-29,6,26,-1.5
1651765251,-29,6,26,0.0
1651765253,-29,6,26,0.0
1651765255,-29,6,26,0.0
1651765257,-30,6,29,1.5
1651765259,-29,6,26,-1.5
1651765261,-29,6,26,0.0
1651765263,-28,6,23,-1.5
1651765265,-28,6,23,0.0
1651765267,-30,6,29,3.0
1651765269,-29,4,26,-1.5
1651765271,-29,6,26,0.0
1651765273,-32,6,37,5.5
1651765275,-26,4,18,-9.5
1651765277,-27,6,21,1.5
1651765279,-28,6,23,1.0
1651765281,-29,6,26,1.5
1651765283,-29,6,26,0.0
1651765285,-27,6,21,-2.5
1651765287,-27,6,21,0.0
1651765289,-28,4,23,1.0
1651765291,-35,6,52,14.5
1651765293,-29,6,26,-13.0
1651765295,-29,6,26,0.0
1651765297,-29,6,26,0.0
1651765299,-28,6,23,-1.5
1651765301,-28,6,23,0.0
1651765303,-30,6,29,3.0
1651765305,-28,6,23,-3.0
1651765307,-30,6,29,3.0
1651765309,-33,6,41,6.0
1651765311,-29,6,26,-7.5
1651765313,-29,6,26,0.0
1651765315,-29,6,26,0.0
1651765317,-29,6,26,0.0
1651765319,-29,6,26,0.0
1651765321,-32,4,37,5.5
1651765323,-28,6,23,-7.0
1651765325,-29,6,26,1.5
1651765327,-29,6,26,0.0
1651765329,-25,6,16,-5.0
1651765331,-31,6,33,8.5
1651765333,-27,6,21,-6.0
1651765335,-28,6,23,1.0
1651765337,-30,6,29,3.0
1651765339,-31,6,33,2.0
1651765341,-27,6,21,-6.0
1651765343,-28,4,23,1.0
1651765345,-29,4,26,1.5
1651765347,-28,4,23,-1.5
1651765349,-29,6,26,1.5
1651765351,-30,6,29,1.5
1651765353,-29,6,26,-1.5
1651765355,-29,6,26,0.0
1651765357,-27,4,21,-2.5
1651765359,-30,6,29,4.0
1651765361,-28,6,23,-3.0
1651765363,-29,6,26,1.5
1651765365,-30,6,29,1.5
1651765367,-27,6,21,-4.0
1651765369,-29,6,26,2.5
1651765371,-30,6,29,1.5
1651765373,-34,6,46,8.5
1651765375,-29,6,26,-10.0
1651765377,-28,4,23,-1.5
1651765379,-30,6,29,3.0
1651765381,-29,6,26,-1.5
1651765383,-28,6,23,-1.5
1651765385,-34,6,46,11.5
1651765387,-26,6,18,-14.0
1651765389,-28,4,23,2.5
1651765391,-30,6,29,3.0
1651765393,-29,6,26,-1.5
1651765395,-30,6,29,1.5
1651765397,-29,6,26,-1.5
1651765399,-29,6,26,0.0
1651765401,-29,6,26,0.0
1651765403,-33,4,41,7.5
1651765405,-28,4,23,-9.0
1651765407,-27,6,21,-1.0
1651765409,-28,6,23,1.0
1651765411,-29,6,26,1.5
1651765413,-28,6,23,-1.5
1651765415,-29,6,26,1.5
1651765417,-28,4,23,-1.5
1651765419,-30,4,29,3.0
1651765421,-29,6,26,-1.5
1651765423,-28,6,23,-1.5
1651765425,-29,6,26,1.5
1651765427,-30,6,29,1.5
1651765429,-29,4,26,-1.5
1651765431,-29,6,26,0.0
1651765433,-29,2,26,0.0
1651765435,-28,6,23,-1.5
1651765437,-28,6,23,0.0
1651765439,-29,6,26,1.5
1651765441,-30,6,29,1.5
1651765443,-30,6,29,0.0
1651765445,-83,6,12993,6482.0
1651765447,-29,4,26,-6483.5
1651765449,-28,4,23,-1.5
1651765451,-28,6,23,0.0
1651765453,-30,6,29,3.0
1651765455,-28,6,23,-3.0
1651765457,-29,6,26,1.5
1651765459,-30,6,29,1.5
1651765461,-27,6,21,-4.0
1651765463,-27,6,21,0.0
1651765465,-34,4,46,12.5
1651765467,-28,6,23,-11.5
1651765469,-30,6,29,3.0
1651765471,-28,6,23,-3.0
1651765473,-30,6,29,3.0
1651765475,-29,6,26,-1.5
1651765477,-27,6,21,-2.5
1651765479,-29,6,26,2.5
1651765481,-30,6,29,1.5
1651765483,-29,6,26,-1.5
1651765485,-29,6,26,0.0
1651765487,-32,6,37,5.5
1651765489,-29,6,26,-5.5
1651765491,-28,6,23,-1.5
1651765493,-28,6,23,0.0
1651765495,-25,6,16,-3.5
1651765497,-30,6,29,6.5
1651765499,-29,6,26,-1.5
1651765501,-30,4,29,1.5
1651765503,-30,6,29,0.0
1651765505,-28,4,23,-3.0
1651765507,-27,6,21,-1.0
1651765509,-28,6,23,1.0
1651765511,-28,6,23,0.0
1651765513,-26,6,18,-2.5
1651765515,-35,6,52,17.0
1651765517,-35,6,52,0.0
1651765519,-27,2,21,-15.5
1651765521,-28,6,23,1.0
1651765523,-29,6,26,1.5
1651765525,-29,6,26,0.0
1651765527,-28,6,23,-1.5
1651765529,-28,6,23,0.0
1651765531,-29,6,26,1.5
1651765533,-32,6,37,5.5
1651765535,-27,6,21,-8.0
1651765537,-29,6,26,2.5
1651765539,-29,6,26,0.0
1651765541,-29,6,26,0.0
1651765543,-28,6,23,-1.5
1651765545,-29,6,26,1.5
1651765547,-30,6,29,1.5
1651765549,-30,6,29,0.0
1651765551,-28,6,23,-3.0
1651765553,-27,6,21,-1.0
1651765555,-32,6,37,8.0
1651765557,-31,6,33,-2.0
1651765559,-31,6,33,0.0
1651765561,-31,6,33,0.0
1651765563,-29,6,26,-3.5
1651765565,-33,6,41,7.5
1651765567,-33,6,41,0.0
1651765569,-29,6,26,-7.5
1651765571,-27,6,21,-2.5
1651765573,-30,6,29,4.0
1651765575,-29,6,26,-1.5
1651765577,-27,4,21,-2.5
1651765579,-28,6,23,1.0
1651765581,-28,6,23,0.0
1651765583,-27,6,21,-1.0
1651765585,-29,6,26,2.5
1651765587,-28,6,23,-1.5
1651765589,-28,6,23,0.0
1651765591,-28,6,23,0.0
1651765593,-28,6,23,0.0
1651765595,-34,6,46,11.5
1651765597,-28,6,23,-11.5
1651765599,-34,4,46,11.5
1651765601,-27,6,21,-12.5
1651765603,-27,6,21,0.0
1651765605,-30,6,29,4.0
1651765607,-28,6,23,-3.0
1651765609,-29,4,26,1.5
1651765611,-29,6,26,0.0
1651765613,-29,6,26,0.0
1651765615,-32,6,37,5.5
1651765617,-28,6,23,-7.0
1651765619,-30,4,29,3.0
1651765621,-30,6,29,0.0
1651765623,-29,6,26,-1.5
1651765625,-28,4,23,-1.5
1651765627,-35,6,52,14.5
1651765629,-33,6,41,-5.5
1651765631,-39,6,82,20.5
1651765633,-43,6,130,24.0
1651765635,-46,6,184,27.0
1651765637,-49,6,259,37.5
1651765639,-50,6,291,16.0
1651765641,-53,4,411,60.0
1651765643,-59,6,820,204.5
1651765645,-59,6,820,0.0
1651765647,-51,6,326,-247.0
1651765649,-54,6,461,67.5
1651765651,-55,6,517,28.0
1651765653,-54,6,461,-28.0
1651765655,-55,6,517,28.0
1651765657,-61,4,1032,257.5
1651765659,-58,6,731,-150.5
1651765661,-58,4,731,0.0
1651765663,-59,6,820,44.5
1651765665,-64,4,1458,319.0
1651765667,-58,4,731,-363.5
1651765669,-55,4,517,-107.0
1651765671,-59,2,820,151.5
1651765673,-54,6,461,-179.5
1651765675,-54,6,461,0.0
1651765677,-54,6,461,0.0
1651765679,-53,6,411,-25.0
1651765681,-58,4,731,160.0
1651765683,-52,6,366,-182.5
1651765685,-54,6,461,47.5
1651765687,-58,6,731,135.0
1651765689,-59,6,820,44.5
1651765691,-60,6,920,50.0
1651765693,-56,6,580,-170.0
1651765695,-53,6,411,-84.5
1651765697,-53,6,411,0.0
1651765699,-53,6,411,0.0
1651765701,-51,4,326,-42.5
1651765703,-57,4,651,162.5
1651765705,-55,6,517,-67.0
1651765707,-52,6,366,-75.5
1651765709,-54,4,461,47.5
1651765711,-54,6,461,0.0
1651765713,-56,6,580,59.5
1651765715,-63,4,1299,359.5
1651765717,-56,6,580,-359.5
1651765719,-58,6,731,75.5
1651765721,-57,6,651,-40.0
1651765723,-56,6,580,-35.5
1651765725,-48,4,231,-174.5
1651765727,-56,6,580,174.5
1651765729,-55,6,517,-31.5
1651765731,-59,6,820,151.5
1651765733,-53,6,411,-204.5
1651765735,-54,6,461,25.0
1651765737,-52,6,366,-47.5
1651765739,-51,6,326,-20.0
1651765741,-50,6,291,-17.5
1651765743,-47,6,206,-42.5
1651765745,-47,6,206,0.0
1651765747,-46,6,184,-11.0
1651765749,-50,6,291,53.5
1651765751,-49,6,259,-16.0
1651765753,-46,6,184,-37.5
1651765755,-48,6,231,23.5
1651765757,-46,6,184,-23.5
1651765759,-42,4,116,-34.0
1651765761,-44,6,146,15.0
1651765763,-47,6,206,30.0
1651765765,-41,6,103,-51.5
1651765767,-80,6,9198,4547.5
1651765769,-34,6,46,-4576.0
1651765771,-35,4,52,3.0
1651765773,-31,6,33,-9.5
1651765775,-32,6,37,2.0
1651765777,-37,6,65,14.0
1651765779,-34,6,46,-9.5
1651765781,-34,6,46,0.0
1651765783,-34,6,46,0.0
1651765785,-30,6,29,-8.5
1651765787,-27,6,21,-4.0
1651765789,-36,6,58,18.5
1651765791,-33,6,41,-8.5
1651765793,-32,6,37,-2.0
1651765795,-31,6,33,-2.0
1651765797,-32,6,37,2.0
1651765799,-27,6,21,-8.0
1651765801,-35,6,52,15.5
1651765803,-28,6,23,-14.5
1651765805,-28,6,23,0.0
1651765807,-34,6,46,11.5
1651765809,-31,6,33,-6.5
1651765811,-29,4,26,-3.5
1651765813,-32,6,37,5.5
1651765815,-32,6,37,0.0
1651765817,-34,6,46,4.5
1651765819,-31,6,33,-6.5
1651765821,-27,4,21,-6.0
1651765823,-33,6,41,10.0
1651765825,-34,6,46,2.5
1651765827,-35,6,52,3.0
1651765829,-39,6,82,15.0
1651765831,-45,6,164,41.0
1651765833,-40,6,92,-36.0
1651765835,-44,6,146,27.0
1651765837,-48,6,231,42.5
1651765839,-44,6,146,-42.5
1651765841,-45,6,164,9.0
1651765843,-45,6,164,0.0
1651765845,-46,6,184,10.0
1651765847,-45,6,164,-10.0
1651765849,-49,6,259,47.5
1651765851,-50,6,291,16.0
1651765853,-51,6,326,17.5
1651765855,-53,6,411,42.5
1651765857,-56,6,580,84.5
1651765859,-54,6,461,-59.5
1651765861,-52,6,366,-47.5
1651765863,-55,6,517,75.5
1651765865,-56,6,580,31.5
1651765867,-45,6,164,-208.0
1651765869,-44,6,146,-9.0
1651765871,-51,6,326,90.0
1651765873,-46,6,184,-71.0
1651765875,-46,6,184,0.0
1651765877,-47,6,206,11.0
1651765879,-46,6,184,-11.0
1651765881,-49,6,259,37.5
1651765883,-50,6,291,16.0
1651765885,-49,6,259,-16.0
1651765887,-51,6,326,33.5
1651765889,-47,6,206,-60.0
1651765891,-49,6,259,26.5
1651765893,-49,6,259,0.0
1651765895,-51,6,326,33.5
1651765897,-51,6,326,0.0
1651765899,-54,6,461,67.5
1651765901,-46,6,184,-138.5
1651765903,-49,6,259,37.5
1651765905,-49,6,259,0.0
1651765907,-51,6,326,33.5
1651765909,-47,6,206,-60.0
1651765911,-46,6,184,-11.0
1651765913,-47,6,206,11.0
1651765915,-47,6,206,0.0
1651765917,-49,6,259,26.5
1651765919,-48,6,231,-14.0
1651765921,-48,6,231,0.0
1651765923,-50,6,291,30.0
1651765925,-54,6,461,85.0
1651765927,-49,6,259,-101.0
1651765929,-52,6,366,53.5
1651765931,-48,6,231,-67.5
1651765933,-49,6,259,14.0
1651765935,-56,6,580,160.5
1651765938,-58,6,731,50.3
1651765940,-55,6,517,-107.0
1651765942,-48,6,231,-143.0
1651765944,-51,6,326,47.5
1651765946,-49,6,259,-33.5
1651765948,-49,6,259,0.0
1651765950,-52,6,366,53.5
1651765952,-47,6,206,-80.0
1651765954,-53,6,411,102.5
1651765956,-48,6,231,-90.0
1651765958,-49,6,259,14.0
1651765960,-52,6,366,53.5
1651765962,-51,6,326,-20.0
1651765964,-51,6,326,0.0
1651765966,-47,6,206,-60.0
1651765968,-52,6,366,80.0
1651765970,-48,4,231,-67.5
1651765972,-53,6,411,90.0
1651765974,-48,6,231,-90.0
1651765976,-54,6,461,115.0
1651765978,-52,6,366,-47.5
1651765980,-50,6,291,-37.5
1651765982,-52,6,366,37.5
1651765984,-56,6,580,107.0
1651765986,-52,6,366,-107.0
1651765988,-48,6,231,-67.5
1651765990,-53,6,411,90.0
1651765992,-54,6,461,25.0
1651765994,-55,6,517,28.0
1651765996,-49,6,259,-129.0
1651765998,-58,6,731,236.0
1651766000,-51,6,326,-202.5
1651766002,-53,6,411,42.5
1651766004,-50,6,291,-60.0
1651766006,-49,6,259,-16.0
1651766008,-54,6,461,101.0
1651766010,-52,6,366,-47.5
1651766012,-50,6,291,-37.5
1651766014,-51,6,326,17.5
1651766016,-49,6,259,-33.5
1651766018,-49,6,259,0.0
1651766020,-51,6,326,33.5
1651766022,-53,6,411,42.5
1651766024,-49,6,259,-76.0
1651766026,-53,6,411,76.0
1651766028,-50,6,291,-60.0
1651766030,-49,6,259,-16.0
1651766032,-56,6,580,160.5
1651766034,-51,6,326,-127.0
1651766036,-50,6,291,-17.5
1651766038,-50,6,291,0.0
1651766040,-53,6,411,60.0
1651766042,-49,6,259,-76.0
1651766044,-49,6,259,0.0
1651766046,-51,6,326,33.5
1651766048,-48,6,231,-47.5
1651766050,-48,6,231,0.0
1651766052,-54,4,461,115.0
1651766054,-49,6,259,-101.0
1651766056,-55,6,517,129.0
1651766058,-49,6,259,-129.0
1651766060,-51,6,326,33.5
1651766062,-48,6,231,-47.5
1651766064,-51,6,326,47.5
1651766066,-48,6,231,-47.5
1651766068,-54,6,461,115.0
1651766070,-49,6,259,-101.0
1651766072,-50,6,291,16.0
1651766074,-50,6,291,0.0
1651766076,-50,6,291,0.0
1651766078,-50,6,291,0.0
1651766080,-54,6,461,85.0
1651766082,-50,6,291,-85.0
1651766084,-49,6,259,-16.0
1651766086,-54,6,461,101.0
1651766088,-50,6,291,-85.0
1651766090,-50,6,291,0.0
1651766092,-49,6,259,-16.0
1651766094,-55,6,517,129.0
1651766096,-53,6,411,-53.0
1651766098,-49,6,259,-76.0
1651766100,-56,4,580,160.5
1651766102,-55,6,517,-31.5
1651766104,-52,6,366,-75.5
1651766106,-51,6,326,-20.0
1651766108,-50,6,291,-17.5
1651766110,-52,6,366,37.5
1651766112,-50,6,291,-37.5
1651766114,-51,6,326,17.5
1651766116,-56,6,580,127.0
1651766118,-57,6,651,35.5
1651766120,-58,6,731,40.0
1651766122,-53,4,411,-160.0
1651766124,-53,6,411,0.0
1651766126,-53,6,411,0.0
1651766128,-57,6,651,120.0
1651766130,-55,6,517,-67.0
1651766132,-51,4,326,-95.5
1651766134,-52,6,366,20.0
1651766136,-54,6,461,47.5
1651766138,-55,6,517,28.0
1651766140,-55,6,517,0.0
1651766142,-48,6,231,-143.0
1651766144,-46,6,184,-23.5
1651766146,-45,6,164,-10.0
1651766148,-49,6,259,47.5
1651766150,-50,6,291,16.0
1651766152,-47,6,206,-42.5
1651766154,-43,6,130,-38.0
1651766156,-46,6,184,27.0
1651766158,-40,6,92,-46.0
1651766160,-39,6,82,-5.0
1651766162,-34,6,46,-18.0
1651766164,-31,6,33,-6.5
1651766166,-32,4,37,2.0
1651766168,-30,4,29,-4.0
1651766170,-31,6,33,2.0
1651766172,-32,6,37,2.0
1651766174,-32,6,37,0.0
1651766176,-28,6,23,-7.0
1651766178,-33,6,41,9.0
1651766180,-30,6,29,-6.0
1651766182,-30,6,29,0.0
1651766184,-32,6,37,4.0
1651766186,-33,4,41,2.0
1651766188,-27,6,21,-10.0
1651766190,-33,6,41,10.0
1651766192,-34,6,46,2.5
1651766194,-33,6,41,-2.5
1651766196,-36,4,58,8.5
1651766198,-34,6,46,-6.0
1651766587,-65,0,1636,4.1
1651766589,-65,0,1636,0.0
1651766591,-67,0,2059,211.5
1651766593,-66,0,1835,-112.0
1651766595,-68,4,2311,238.0
1651766597,-66,4,1835,-238.0
1651766599,-67,4,2059,112.0
1651766601,-67,2,2059,0.0
1651766603,-67,4,2059,0.0
1651766605,-73,4,4109,1025.0
1651766607,-73,4,4109,0.0
1651766609,-66,4,1835,-1137.0
1651766611,-69,4,2592,378.5
1651766613,-72,4,3662,535.0
1651766615,-67,4,2059,-801.5
1651766617,-66,4,1835,-112.0
1651766619,-66,4,1835,0.0
1651766621,-68,4,2311,238.0
1651766623,-65,4,1636,-337.5
1651766625,-66,4,1835,99.5
1651766627,-67,2,2059,112.0
1651766629,-66,4,1835,-112.0
1651766631,-67,4,2059,112.0
1651766633,-68,4,2311,126.0
1651766635,-65,4,1636,-337.5
1651766637,-67,4,2059,211.5
1651766639,-69,2,2592,266.5
1651766641,-65,4,1636,-478.0
1651766643,-65,4,1636,0.0
1651766645,-65,4,1636,0.0
1651766647,-73,4,4109,1236.5
1651766649,-72,4,3662,-223.5
1651766651,-70,4,2909,-376.5
1651766653,-70,2,2909,0.0
1651766655,-71,4,3264,177.5
1651766657,-62,4,1158,-1053.0
1651766659,-71,4,3264,1053.0
1651766661,-71,4,3264,0.0
1651766663,-70,2,2909,-177.5
1651766665,-71,4,3264,177.5
1651766667,-73,2,4109,422.5
1651766669,-73,2,4109,0.0
1651766671,-71,2,3264,-422.5
1651766673,-74,4,4610,673.0
1651766675,-75,4,5173,281.5
1651766677,-74,4,4610,-281.5
1651766679,-73,0,4109,-250.5
1651766681,-72,4,3662,-223.5
1651766683,-73,4,4109,223.5
1651766685,-73,2,4109,0.0
1651766687,-72,4,3662,-223.5
1651766689,-66,4,1835,-913.5
1651766691,-66,4,1835,0.0
1651766693,-63,4,1299,-268.0
1651766695,-70,0,2909,805.0
1651766697,-74,4,4610,850.5
1651766699,-65,2,1636,-1487.0
1651766701,-64,4,1458,-89.0
1651766703,-66,4,1835,188.5
1651766705,-64,4,1458,-188.5
1651766707,-75,2,5173,1857.5
1651766709,-76,4,5804,315.5
1651766711,-65,4,1636,-2084.0
1651766713,-73,4,4109,1236.5
1651766715,-75,2,5173,532.0
1651766717,-75,4,5173,0.0
1651766719,-75,0,5173,0.0
1651766721,-66,4,1835,-1669.0
1651766723,-66,4,1835,0.0
1651766725,-64,4,1458,-188.5
1651766727,-73,4,4109,1325.5
1651766729,-64,4,1458,-1325.5
1651766731,-67,6,2059,300.5
1651766733,-71,4,3264,602.5
1651766735,-75,4,5173,954.5
1651766737,-66,2,1835,-1669.0
1651766739,-65,4,1636,-99.5
1651766741,-64,2,1458,-89.0
1651766743,-73,0,4109,1325.5
1651766745,-74,4,4610,250.5
1651766747,-65,4,1636,-1487.0
1651766749,-66,4,1835,99.5
1651766751,-64,0,1458,-188.5
1651766753,-64,4,1458,0.0
1651766755,-74,4,4610,1576.0
1651766757,-74,4,4610,0.0
1651766759,-76,6,5804,597.0
1651766761,-76,0,5804,0.0
1651766763,-67,0,2059,-1872.5
1651766765,-74,2,4610,1275.5
1651766767,-73,4,4109,-250.5
1651766769,-67,2,2059,-1025.0
1651766771,-74,4,4610,1275.5
1651766773,-75,4,5173,281.5
1651766775,-74,2,4610,-281.5
1651766777,-64,0,1458,-1576.0
1651766779,-64,4,1458,0.0
1651766781,-74,4,4610,1576.0
1651766783,-65,4,1636,-1487.0
1651766785,-66,4,1835,99.5
1651766787,-75,4,5173,1669.0
1651766789,-74,2,4610,-281.5
1651766791,-76,4,5804,597.0
1651766793,-68,2,2311,-1746.5
1651766795,-67,4,2059,-126.0
1651766797,-73,4,4109,1025.0
1651766799,-73,4,4109,0.0
1651766801,-72,2,3662,-223.5
1651766803,-74,4,4610,474.0
1651766805,-67,4,2059,-1275.5
1651766807,-81,4,10321,4131.0
1651766809,-71,4,3264,-3528.5
1651766811,-72,2,3662,199.0
1651766813,-71,4,3264,-199.0
1651766815,-75,2,5173,954.5
1651766817,-66,4,1835,-1669.0
1651766819,-65,2,1636,-99.5
1651766821,-66,0,1835,99.5
1651766823,-68,4,2311,238.0
1651766825,-76,4,5804,1746.5
1651766827,-76,4,5804,0.0
1651766829,-75,0,5173,-315.5
1651766831,-65,0,1636,-1768.5
1651766833,-66,0,1835,99.5
1651766835,-75,4,5173,1669.0
1651766837,-74,0,4610,-281.5
1651766839,-65,4,1636,-1487.0
1651766841,-74,0,4610,1487.0
1651766843,-65,4,1636,-1487.0
1651766845,-75,2,5173,1768.5
1651766847,-74,4,4610,-281.5
1651766849,-76,4,5804,597.0
1651766851,-73,2,4109,-847.5
1651766853,-77,2,6512,1201.5
1651766855,-68,4,2311,-2100.5
1651766857,-75,4,5173,1431.0
1651766859,-69,0,2592,-1290.5
1651766861,-75,4,5173,1290.5
1651766863,-65,2,1636,-1768.5
1651766865,-73,4,4109,1236.5
1651766867,-66,4,1835,-1137.0
1651766869,-66,4,1835,0.0
1651766871,-65,4,1636,-99.5
1651766873,-76,4,5804,2084.0
1651766875,-65,0,1636,-2084.0
1651766877,-72,4,3662,1013.0
1651766879,-75,2,5173,755.5
1651766881,-75,4,5173,0.0
1651766883,-74,2,4610,-281.5
1651766885,-64,0,1458,-1576.0
1651766887,-65,4,1636,89.0
1651766889,-74,4,4610,1487.0
1651766891,-65,2,1636,-1487.0
1651766893,-74,0,4610,1487.0
1651766895,-75,2,5173,281.5
1651766897,-75,2,5173,0.0
1651766899,-74,0,4610,-281.5
1651766901,-75,0,5173,281.5
1651766903,-70,0,2909,-1132.0
1651766905,-76,2,5804,1447.5
1651766907,-76,0,5804,0.0
1651766909,-66,4,1835,-1984.5
1651766911,-68,2,2311,238.0
1651766913,-66,0,1835,-238.0
1651766915,-66,0,1835,0.0
1651766917,-75,0,5173,1669.0
1651766919,-76,2,5804,315.5
1651766921,-75,2,5173,-315.5
1651766923,-67,4,2059,-1557.0
1651766925,-76,0,5804,1872.5
1651766927,-66,0,1835,-1984.5
1651766929,-75,4,5173,1669.0
1651766931,-74,2,4610,-281.5
1651766933,-73,4,4109,-250.5
1651766935,-65,4,1636,-1236.5
1651766937,-64,4,1458,-89.0
1651766939,-73,4,4109,1325.5
1651766941,-66,2,1835,-1137.0
1651766943,-72,2,3662,913.5
1651766945,-71,2,3264,-199.0
1651766947,-80,2,9198,2967.0
1651766949,-68,2,2311,-3443.5
1651766951,-75,2,5173,1431.0
1651766953,-73,2,4109,-532.0
1651766955,-76,2,5804,847.5
1651766957,-72,2,3662,-1071.0
1651766959,-65,2,1636,-1013.0
1651766961,-72,0,3662,1013.0
1651766963,-66,2,1835,-913.5
1651766965,-66,2,1835,0.0
1651766967,-76,0,5804,1984.5
1651766969,-68,2,2311,-1746.5
1651766971,-65,4,1636,-337.5
1651766973,-66,0,1835,99.5
1651766975,-65,0,1636,-99.5
1651766977,-76,0,5804,2084.0
1651766979,-76,0,5804,0.0
1651766981,-73,2,4109,-847.5
1651766983,-74,0,4610,250.5
1651766985,-68,0,2311,-1149.5
1651766987,-67,0,2059,-126.0
1651766989,-76,2,5804,1872.5
1651766991,-76,2,5804,0.0
1651766993,-76,0,5804,0.0
1651766995,-67,0,2059,-1872.5
1651766997,-68,2,2311,126.0
1651766999,-67,0,2059,-126.0
1651767001,-75,0,5173,1557.0
1651767003,-75,2,5173,0.0
1651767005,-67,4,2059,-1557.0
1651767007,-70,0,2909,425.0
1651767009,-67,0,2059,-425.0
1651767011,-67,0,2059,0.0
1651767013,-75,2,5173,1557.0
1651767015,-73,2,4109,-532.0
1651767017,-75,2,5173,532.0
1651767019,-67,2,2059,-1557.0
1651767021,-67,2,2059,0.0
1651767023,-74,2,4610,1275.5
1651767025,-66,0,1835,-1387.5
1651767027,-66,0,1835,0.0
1651767029,-63,0,1299,-268.0
1651767031,-64,4,1458,79.5
1651767033,-65,0,1636,89.0
1651767035,-68,0,2311,337.5
1651767037,-75,4,5173,1431.0
1651767039,-66,2,1835,-1669.0
1651767041,-64,0,1458,-188.5
1651767043,-64,4,1458,0.0
1651767045,-66,0,1835,188.5
1651767047,-66,0,1835,0.0
1651767049,-66,0,1835,0.0
1651767051,-66,0,1835,0.0
1651767053,-66,0,1835,0.0
1651767055,-66,0,1835,0.0
1651767057,-66,0,1835,0.0
1651767059,-66,0,1835,0.0
1651767061,-66,0,1835,0.0
1651767063,-66,0,1835,0.0
1651767065,-66,0,1835,0.0
1651767067,-66,0,1835,0.0
1651767069,-66,0,1835,0.0
1651767071,-66,0,1835,0.0
1651767073,-66,0,1835,0.0
1651767075,-66,0,1835,0.0
1651767077,-66,0,1835,0.0
1651767079,-66,0,1835,0.0
1651767081,-66,0,1835,0.0
1651767083,-66,0,1835,0.0
1651767085,-66,0,1835,0.0
1651767087,-66,0,1835,0.0
1651767089,-66,0,1835,0.0
1651767091,-66,0,1835,0.0
1651767093,-66,0,1835,0.0
1651767095,-66,0,1835,0.0
1651767097,-66,0,1835,0.0
1651767099,-66,0,1835,0.0
1651767101,-66,0,1835,0.0
1651767103,-66,0,1835,0.0
1651767105,-66,0,1835,0.0
1651767107,-66,0,1835,0.0
1651767109,-66,0,1835,0.0
1651767111,-66,0,1835,0.0
1651767113,-66,0,1835,0.0
1651767115,-66,0,1835,0.0
1651767117,-66,0,1835,0.0
1651767119,-66,0,1835,0.0
1651767121,-66,0,1835,0.0
1651767123,-66,0,1835,0.0
1651767125,-66,0,1835,0.0
1651767127,-66,0,1835,0.0
1651767129,-66,0,1835,0.0
1651767131,-66,0,1835,0.0
1651767133,-66,0,1835,0.0
1651767135,-66,0,1835,0.0
1651767137,-66,0,1835,0.0
1651767139,-66,0,1835,0.0
1651767141,-66,0,1835,0.0
1651767143,-66,0,1835,0.0
1651767145,-66,0,1835,0.0
1651767147,-66,0,1835,0.0
1651767149,-66,0,1835,0.0
1651767151,-66,0,1835,0.0
1651767153,-66,0,1835,0.0
1651767155,-66,0,1835,0.0
1651767157,-66,0,1835,0.0
1651767159,-66,0,1835,0.0
1651767161,-66,0,1835,0.0
1651767163,-66,0,1835,0.0
1651767165,-66,0,1835,0.0
1651767167,-66,0,1835,0.0
1651767169,-66,0,1835,0.0
1651767171,-66,0,1835,0.0
1651767173,-66,0,1835,0.0
1651767175,-66,0,1835,0.0
1651767177,-66,0,1835,0.0
1651767179,-66,0,1835,0.0
1651767181,-66,0,1835,0.0
1651767183,-66,0,1835,0.0
1651767185,-66,0,1835,0.0
1651767187,-66,0,1835,0.0
1651767189,-66,0,1835,0.0
1651767191,-66,0,1835,0.0
1651767193,-66,0,1835,0.0
1651767195,-66,0,1835,0.0
1651767197,-66,0,1835,0.0
1651767199,-66,0,1835,0.0
1651767201,-66,0,1835,0.0
1651767203,-66,0,1835,0.0
1651767205,-66,0,1835,0.0
1651767207,-66,0,1835,0.0
1651767209,-66,0,1835,0.0
1651767211,-66,0,1835,0.0
1651767213,-66,0,1835,0.0
1651767215,-66,0,1835,0.0
1651767217,-66,0,1835,0.0
1651767219,-66,0,1835,0.0
1651767221,-66,0,1835,0.0
1651767223,-66,0,1835,0.0
1651767225,-66,0,1835,0.0
1651767227,-66,0,1835,0.0
1651767229,-66,0,1835,0.0
1651767231,-66,0,1835,0.0
1651767233,-66,0,1835,0.0
1651767235,-66,0,1835,0.0
1651767237,-66,0,1835,0.0
1651767239,-66,0,1835,0.0
1651767241,-66,0,1835,0.0
1651767243,-66,0,1835,0.0
1651767245,-66,0,1835,0.0
1651767247,-66,0,1835,0.0
1651767249,-66,0,1835,0.0
1651767251,-66,0,1835,0.0
1651767253,-66,0,1835,0.0
1651767255,-66,0,1835,0.0
1651767257,-66,0,1835,0.0
1651767259,-66,0,1835,0.0
1651767261,-66,0,1835,0.0
1651767263,-66,0,1835,0.0
1651767265,-66,0,1835,0.0
1651767267,-66,0,1835,0.0
1651767269,-66,0,1835,0.0
1651767271,-66,0,1835,0.0
1651767273,-66,0,1835,0.0
1651767275,-66,0,1835,0.0
1651767277,-66,0,1835,0.0
1651767279,-66,0,1835,0.0
1651767281,-66,0,1835,0.0
1651767283,-66,0,1835,0.0
1651767285,-66,0,1835,0.0
1651767287,-66,0,1835,0.0
1651767289,-66,0,1835,0.0
1651767291,-66,0,1835,0.0
1651767293,-66,0,1835,0.0
1651767295,-66,0,1835,0.0
1651767297,-66,0,1835,0.0
1651767299,-66,0,1835,0.0
1651767301,-66,0,1835,0.0
1651767303,-66,0,1835,0.0
1651767305,-66,0,1835,0.0
1651767307,-66,0,1835,0.0
1651767309,-66,0,1835,0.0
1651767311,-66,0,1835,0.0
1651767313,-66,0,1835,0.0
1651767315,-66,0,1835,0.0
1651767317,-66,0,1835,0.0
1651767319,-66,0,1835,0.0
1651767321,-66,0,1835,0.0
1651767323,-66,0,1835,0.0
1651767325,-66,0,1835,0.0
1651767327,-66,0,1835,0.0
1651767329,-66,0,1835,0.0
1651767331,-66,0,1835,0.0
1651767333,-66,0,1835,0.0
1651767335,-66,0,1835,0.0
1651767337,-66,0,1835,0.0
1651767339,-66,0,1835,0.0
1651767341,-66,0,1835,0.0
1651767343,-66,0,1835,0.0
1651767345,-66,0,1835,0.0
1651767347,-66,0,1835,0.0
1651767349,-66,0,1835,0.0
1651767351,-66,0,1835,0.0
1651767353,-66,0,1835,0.0
1651767355,-66,0,1835,0.0
1651767357,-66,0,1835,0.0
1651767359,-66,0,1835,0.0
1651767361,-66,0,1835,0.0
1651767363,-66,0,1835,0.0
1651767365,-66,0,1835,0.0
1651767367,-66,0,1835,0.0
1651767369,-66,0,1835,0.0
1651767371,-66,0,1835,0.0
1651767373,-66,0,1835,0.0
1651767375,-66,0,1835,0.0
1651767377,-66,0,1835,0.0
1651767379,-66,0,1835,0.0
1651767381,-66,0,1835,0.0
1651767383,-66,0,1835,0.0
1651767385,-66,0,1835,0.0
1651767387,-66,0,1835,0.0
1651767389,-66,0,1835,0.0
1651767391,-66,0,1835,0.0
1651767393,-66,0,1835,0.0
1651767395,-66,0,1835,0.0
1651767397,-66,0,1835,0.0
1651767399,-66,0,1835,0.0
1651767401,-66,0,1835,0.0
1651767403,-66,0,1835,0.0
1651767405,-66,0,1835,0.0
1651767407,-66,0,1835,0.0
1651767409,-66,0,1835,0.0
1651767411,-66,0,1835,0.0
1651767413,-66,0,1835,0.0
1651767415,-66,0,1835,0.0
1651767417,-66,0,1835,0.0
1651767419,-66,0,1835,0.0
1651767421,-66,0,1835,0.0
1651767423,-66,0,1835,0.0
1651767425,-66,0,1835,0.0
1651767427,-66,0,1835,0.0
1651767429,-66,0,1835,0.0
1651767431,-66,0,1835,0.0
1651767433,-66,0,1835,0.0
1651767435,-66,0,1835,0.0
1651767437,-66,0,1835,0.0
1651767439,-66,0,1835,0.0
1651767441,-66,0,1835,0.0
1651767443,-66,0,1835,0.0
1651767445,-66,0,1835,0.0
1651767447,-66,0,1835,0.0
1651767449,-66,0,1835,0.0
1651767451,-66,0,1835,0.0
1651767453,-66,0,1835,0.0
1651767455,-66,0,1835,0.0
1651767457,-66,0,1835,0.0
1651767459,-66,0,1835,0.0
1651767461,-66,0,1835,0.0
1651767463,-66,0,1835,0.0
1651767465,-66,0,1835,0.0
1651767467,-66,0,1835,0.0
1651767469,-66,0,1835,0.0
1651767471,-66,0,1835,0.0
1651767473,-66,0,1835,0.0
1651767475,-66,0,1835,0.0
1651767477,-66,0,1835,0.0
1651767479,-66,0,1835,0.0
1651767481,-66,0,1835,0.0
1651767483,-66,0,1835,0.0
1651767485,-66,0,1835,0.0
1651767487,-66,0,1835,0.0
1651767489,-66,0,1835,0.0
1651767491,-66,0,1835,0.0
1651767493,-66,0,1835,0.0
1651767495,-66,0,1835,0.0
1651767497,-66,0,1835,0.0
1651767499,-66,0,1835,0.0
1651767501,-66,0,1835,0.0
1651767503,-66,0,1835,0.0
1651767505,-66,0,1835,0.0
1651767507,-66,0,1835,0.0
1651767509,-66,0,1835,0.0
1651767511,-66,0,1835,0.0
1651767513,-66,0,1835,0.0
1651767515,-66,0,1835,0.0
1651767517,-66,0,1835,0.0
1651767519,-66,0,1835,0.0
1651767521,-66,0,1835,0.0
1651767523,-66,0,1835,0.0
1651767525,-66,0,1835,0.0
1651767527,-66,0,1835,0.0
1651767529,-66,0,1835,0.0
1651767531,-66,0,1835,0.0
1651767533,-66,0,1835,0.0
1651767535,-66,0,1835,0.0
1651767537,-66,0,1835,0.0
1651767539,-66,0,1835,0.0
1651767541,-66,0,1835,0.0
1651767543,-66,0,1835,0.0
1651767545,-66,0,1835,0.0
1651767547,-66,0,1835,0.0
1651767549,-66,0,1835,0.0
1651767551,-66,0,1835,0.0
1651767553,-66,0,1835,0.0
1651767555,-66,0,1835,0.0
1651767557,-66,0,1835,0.0
1651767559,-66,0,1835,0.0
1651767561,-66,0,1835,0.0
1651767563,-66,0,1835,0.0
1651767565,-66,0,1835,0.0
1651767567,-66,0,1835,0.0
1651767569,-66,0,1835,0.0
1651767571,-66,0,1835,0.0
1651767573,-66,0,1835,0.0
1651767575,-66,0,1835,0.0
1651767577,-66,0,1835,0.0
1651767579,-66,0,1835,0.0
1651767581,-66,0,1835,0.0
1651767583,-66,0,1835,0.0
1651767585,-66,0,1835,0.0
1651767587,-66,0,1835,0.0
1651767590,-66,0,1835,0.0
1651767592,-66,0,1835,0.0
1651767594,-66,0,1835,0.0
1651767596,-66,0,1835,0.0
1651767598,-66,0,1835,0.0
1651767600,-66,0,1835,0.0
1651767602,-66,0,1835,0.0
1651767604,-66,0,1835,0.0
1651767606,-66,0,1835,0.0
1651767608,-66,0,1835,0.0
1651767610,-66,0,1835,0.0
1651767612,-66,0,1835,0.0
1651767614,-66,0,1835,0.0
1651767616,-66,0,1835,0.0
1651767618,-66,0,1835,0.0
1651767620,-66,0,1835,0.0
1651767622,-66,0,1835,0.0
1651767624,-66,0,1835,0.0
1651767626,-66,0,1835,0.0
1651767628,-66,0,1835,0.0
1651767630,-66,0,1835,0.0
1651767632,-66,0,1835,0.0
1651767634,-66,0,1835,0.0
1651767636,-66,0,1835,0.0
1651767638,-66,0,1835,0.0
1651767640,-66,0,1835,0.0
1651767642,-66,0,1835,0.0
1651767644,-66,0,1835,0.0
1651767646,-66,0,1835,0.0
1651767648,-66,0,1835,0.0
1651767650,-66,0,1835,0.0
1651767652,-66,0,1835,0.0
1651767654,-66,0,1835,0.0
1651767656,-66,0,1835,0.0
1651767658,-66,0,1835,0.0
1651767660,-66,0,1835,0.0
1651767662,-66,0,1835,0.0
1651767664,-66,0,1835,0.0
1651767666,-66,0,1835,0.0
1651767668,-66,0,1835,0.0
1651767670,-66,0,1835,0.0
1651767672,-66,0,1835,0.0
1651767674,-66,0,1835,0.0
1651767676,-66,0,1835,0.0
1651767678,-66,0,1835,0.0
1651767680,-66,0,1835,0.0
1651767682,-66,0,1835,0.0
1651767684,-66,0,1835,0.0
1651767686,-66,0,1835,0.0
1651767688,-66,0,1835,0.0
1651767690,-66,0,1835,0.0
1651767692,-66,0,1835,0.0
1651767694,-66,0,1835,0.0
1651767696,-66,0,1835,0.0
1651767698,-66,0,1835,0.0
1651767700,-66,0,1835,0.0
1651767702,-66,0,1835,0.0
1651767704,-66,0,1835,0.0
1651767706,-66,0,1835,0.0
1651767708,-66,0,1835,0.0
1651767710,-66,0,1835,0.0
1651767712,-66,0,1835,0.0
1651767714,-66,0,1835,0.0
1651767716,-66,0,1835,0.0
1651767718,-66,0,1835,0.0
1651767720,-66,0,1835,0.0
1651767722,-66,0,1835,0.0
1651767724,-66,0,1835,0.0
1651767726,-66,0,1835,0.0
1651767728,-66,0,1835,0.0
1651767730,-66,0,1835,0.0
1651767732,-66,0,1835,0.0
1651767734,-66,0,1835,0.0
1651767736,-66,0,1835,0.0
1651767738,-66,0,1835,0.0
1651767740,-66,0,1835,0.0
1651767742,-66,0,1835,0.0
1651767744,-66,0,1835,0.0
1651767746,-66,0,1835,0.0
1651767748,-66,0,1835,0.0
1651767750,-66,0,1835,0.0
1651767752,-66,0,1835,0.0
1651767754,-66,0,1835,0.0
1651767756,-66,0,1835,0.0
1651767758,-66,0,1835,0.0
1651767760,-66,0,1835,0.0
1651767762,-66,0,1835,0.0
1651767764,-66,0,1835,0.0
1651767766,-66,0,1835,0.0
1651767768,-66,0,1835,0.0
1651767770,-66,0,1835,0.0
1651767772,-66,0,1835,0.0
1651767774,-66,0,1835,0.0
1651767776,-66,0,1835,0.0
1651767778,-66,0,1835,0.0
1651767780,-66,0,1835,0.0
1651767782,-66,0,1835,0.0
1651767784,-66,0,1835,0.0
1651767786,-66,0,1835,0.0
1651767788,-66,0,1835,0.0
1651767790,-66,0,1835,0.0
1651767792,-66,0,1835,0.0
1651767794,-66,0,1835,0.0
1651767796,-66,0,1835,0.0
1651767798,-66,0,1835,0.0
1651767800,-66,0,1835,0.0
1651767802,-66,0,1835,0.0
1651767804,-66,0,1835,0.0
1651767806,-66,0,1835,0.0
1651767808,-66,0,1835,0.0
1651767810,-66,0,1835,0.0
1651767812,-66,0,1835,0.0
1651767814,-66,0,1835,0.0
1651767816,-66,0,1835,0.0
1651767818,-66,0,1835,0.0
1651767820,-66,0,1835,0.0
1651767822,-66,0,1835,0.0
1651767824,-66,0,1835,0.0
1651767826,-66,0,1835,0.0
1651767828,-66,0,1835,0.0
1651767830,-66,0,1835,0.0
1651767832,-66,0,1835,0.0
1651767834,-66,0,1835,0.0
1651767836,-66,0,1835,0.0
1651767838,-66,0,1835,0.0
1651767840,-66,0,1835,0.0
1651767842,-66,0,1835,0.0
1651767844,-66,0,1835,0.0
1651767846,-66,0,1835,0.0
1651767848,-66,0,1835,0.0
1651767850,-66,0,1835,0.0
1651767852,-66,0,1835,0.0
1651767854,-66,0,1835,0.0
1651767856,-66,0,1835,0.0
1651767858,-66,0,1835,0.0
1651767860,-66,0,1835,0.0
1651767862,-66,0,1835,0.0
1651767864,-66,0,1835,0.0
1651767866,-66,0,1835,0.0
1651767868,-66,0,1835,0.0
1651767870,-66,0,1835,0.0
1651767872,-66,0,1835,0.0
1651767874,-66,0,1835,0.0
1651767876,-66,0,1835,0.0
1651767878,-66,0,1835,0.0
1651767880,-66,0,1835,0.0
1651767882,-66,0,1835,0.0
1651767884,-66,0,1835,0.0
1651767886,-66,0,1835,0.0
1651767888,-66,0,1835,0.0
1651767890,-66,0,1835,0.0
1651767892,-66,0,1835,0.0
1651767894,-66,0,1835,0.0
1651767896,-66,0,1835,0.0
1651767898,-66,0,1835,0.0
1651767900,-66,0,1835,0.0
1651767902,-66,0,1835,0.0
1651767904,-66,0,1835,0.0
1651767906,-66,0,1835,0.0
1651767908,-66,0,1835,0.0
1651767910,-66,0,1835,0.0
1651767912,-66,0,1835,0.0
1651767914,-66,0,1835,0.0
1651767916,-66,0,1835,0.0
1651767918,-66,0,1835,0.0
1651767920,-66,0,1835,0.0
1651767922,-66,0,1835,0.0
1651767924,-66,0,1835,0.0
1651767926,-66,0,1835,0.0
1651767928,-66,0,1835,0.0
1651767930,-66,0,1835,0.0
1651767932,-66,0,1835,0.0
1651767934,-66,0,1835,0.0
1651767936,-66,0,1835,0.0
1651767938,-66,0,1835,0.0
1651767940,-66,0,1835,0.0
1651767942,-66,0,1835,0.0
1651767944,-66,0,1835,0.0
1651767946,-66,0,1835,0.0
1651767948,-66,0,1835,0.0
1651767950,-66,0,1835,0.0
1651767952,-66,0,1835,0.0
1651767954,-66,0,1835,0.0
1651767956,-66,0,1835,0.0
1651767958,-66,0,1835,0.0
1651767960,-66,0,1835,0.0
1651767962,-66,0,1835,0.0
1651767964,-66,0,1835,0.0
1651767966,-66,0,1835,0.0
1651767968,-66,0,1835,0.0
1651767970,-66,0,1835,0.0
1651767972,-66,0,1835,0.0
1651767974,-66,0,1835,0.0
1651767976,-66,0,1835,0.0
1651767978,-66,0,1835,0.0
1651767980,-66,0,1835,0.0
1651767982,-66,0,1835,0.0
1651767984,-66,0,1835,0.0
1651767986,-66,0,1835,0.0
1651767988,-66,0,1835,0.0
1651767990,-66,0,1835,0.0
1651767992,-66,0,1835,0.0
1651767994,-66,0,1835,0.0
1651767996,-66,0,1835,0.0
1651767998,-66,0,1835,0.0
1651768000,-66,0,1835,0.0
1651768002,-66,0,1835,0.0
1651768004,-66,0,1835,0.0
1651768006,-66,0,1835,0.0
1651768008,-66,0,1835,0.0
1651768010,-66,0,1835,0.0
1651768012,-66,0,1835,0.0
1651768014,-66,0,1835,0.0
1651768016,-66,0,1835,0.0
1651768018,-66,0,1835,0.0
1651768020,-66,0,1835,0.0
1651768022,-66,0,1835,0.0
1651768024,-66,0,1835,0.0
1651768026,-66,0,1835,0.0
1651768028,-66,0,1835,0.0
1651768030,-66,0,1835,0.0
1651768032,-66,0,1835,0.0
1651768034,-66,0,1835,0.0
1651768036,-66,0,1835,0.0
1651768038,-66,0,1835,0.0
1651768040,-66,0,1835,0.0
1651768042,-66,0,1835,0.0
1651768044,-66,0,1835,0.0
1651768046,-66,0,1835,0.0
1651768048,-66,0,1835,0.0
1651768050,-66,0,1835,0.0
1651768052,-66,0,1835,0.0
1651768054,-66,0,1835,0.0
1651768056,-66,0,1835,0.0
1651768058,-66,0,1835,0.0
1651768060,-66,0,1835,0.0
1651768062,-66,0,1835,0.0
1651768064,-66,0,1835,0.0
1651768066,-66,0,1835,0.0
1651768068,-66,0,1835,0.0
1651768070,-66,0,1835,0.0
1651768072,-66,0,1835,0.0
1651768074,-66,0,1835,0.0
1651768076,-66,0,1835,0.0
1651768078,-66,0,1835,0.0
1651768080,-66,0,1835,0.0
1651768082,-66,0,1835,0.0
1651768084,-66,0,1835,0.0
1651768086,-66,0,1835,0.0
1651768088,-66,0,1835,0.0
1651768090,-66,0,1835,0.0
1651768092,-66,0,1835,0.0
1651768094,-66,0,1835,0.0
1651768096,-66,0,1835,0.0
1651768098,-66,0,1835,0.0
1651768100,-66,0,1835,0.0
1651768102,-66,0,1835,0.0
1651768104,-66,0,1835,0.0
1651768106,-66,0,1835,0.0
1651768108,-66,0,1835,0.0
1651768110,-66,0,1835,0.0
1651768112,-66,0,1835,0.0
1651768114,-66,0,1835,0.0
1651768116,-66,0,1835,0.0
1651768118,-66,0,1835,0.0
1651768120,-66,0,1835,0.0
1651768122,-66,0,1835,0.0
1651768124,-66,0,1835,0.0
1651768126,-66,0,1835,0.0
1651768128,-66,0,1835,0.0
1651768130,-66,0,1835,0.0
1651768132,-66,0,1835,0.0
1651768134,-66,0,1835,0.0
1651768136,-66,0,1835,0.0
1651768138,-66,0,1835,0.0
1651768140,-66,0,1835,0.0
1651768142,-66,0,1835,0.0
1651768144,-66,0,1835,0.0
1651768146,-66,0,1835,0.0
1651768148,-66,0,1835,0.0
1651768150,-66,0,1835,0.0
1651768152,-66,0,1835,0.0
1651768154,-66,0,1835,0.0
1651768156,-66,0,1835,0.0
1651768158,-66,0,1835,0.0
1651768160,-66,0,1835,0.0
1651768162,-66,0,1835,0.0
1651768164,-66,0,1835,0.0
1651768166,-66,0,1835,0.0
1651768168,-66,0,1835,0.0
1651768170,-66,0,1835,0.0
1651768172,-66,0,1835,0.0
1651768174,-66,0,1835,0.0
1651768176,-66,0,1835,0.0
1651768178,-66,0,1835,0.0
1651768180,-66,0,1835,0.0
1651768182,-66,0,1835,0.0
1651768184,-66,0,1835,0.0
1651768186,-66,0,1835,0.0
1651768188,-66,0,1835,0.0
1651768190,-66,0,1835,0.0
1651768192,-66,0,1835,0.0
1651768194,-66,0,1835,0.0
1651768196,-66,0,1835,0.0
1651768198,-66,0,1835,0.0
1651768200,-66,0,1835,0.0
1651768202,-66,0,1835,0.0
1651768204,-66,0,1835,0.0
1651768206,-66,0,1835,0.0
1651768208,-66,0,1835,0.0
1651768210,-66,0,1835,0.0
1651768212,-66,0,1835,0.0
1651768214,-66,0,1835,0.0
1651768216,-66,0,1835,0.0
1651768218,-66,0,1835,0.0
1651768220,-66,0,1835,0.0
1651768222,-66,0,1835,0.0
1651768224,-66,0,1835,0.0
1651768226,-66,0,1835,0.0
1651768228,-66,0,1835,0.0
1651768230,-66,0,1835,0.0
1651768232,-66,0,1835,0.0
1651770716,-29,4,26,-0.7
1651770718,-28,6,23,-1.5
1651770720,-35,4,52,14.5
1651770722,-31,4,33,-9.5
1651770724,-36,6,58,12.5
1651770726,-36,6,58,0.0
1651770728,-28,6,23,-17.5
1651770730,-31,6,33,5.0
1651770732,-32,6,37,2.0
1651770734,-33,6,41,2.0
1651770736,-34,6,46,2.5
1651770738,-30,6,29,-8.5
1651770740,-30,6,29,0.0
1651770742,-30,6,29,0.0
1651770744,-28,6,23,-3.0
1651770746,-29,6,26,1.5
1651770748,-28,6,23,-1.5
1651770750,-35,6,52,14.5
1651770752,-28,6,23,-14.5
1651770754,-33,6,41,9.0
1651770756,-28,6,23,-9.0
1651770758,-31,6,33,5.0
1651770760,-31,6,33,0.0
1651770762,-27,6,21,-6.0
1651770764,-31,6,33,6.0
1651770766,-32,6,37,2.0
1651770768,-32,6,37,0.0
1651770770,-27,6,21,-8.0
1651770772,-28,6,23,1.0
1651770774,-28,6,23,0.0
1651770776,-29,4,26,1.5
1651770778,-30,6,29,1.5
1651770780,-32,6,37,4.0
1651770782,-27,6,21,-8.0
1651770784,-27,6,21,0.0
1651770786,-34,6,46,12.5
1651770788,-33,6,41,-2.5
1651770790,-34,6,46,2.5
1651770792,-30,6,29,-8.5
1651770794,-31,6,33,2.0
1651770796,-28,6,23,-5.0
1651770798,-33,6,41,9.0
1651770800,-34,6,46,2.5
1651770802,-32,4,37,-4.5
1651770804,-31,6,33,-2.0
1651770806,-34,6,46,6.5
1651770808,-33,6,41,-2.5
1651770810,-31,6,33,-4.0
1651770812,-30,6,29,-2.0
1651770814,-31,6,33,2.0
1651770816,-35,6,52,9.5
1651770818,-31,6,33,-9.5
1651770820,-35,6,52,9.5
1651770822,-29,6,26,-13.0
1651770824,-35,6,52,13.0
1651770826,-33,6,41,-5.5
1651770828,-33,6,41,0.0
1651770830,-31,6,33,-4.0
1651770832,-30,6,29,-2.0
1651770834,-31,6,33,2.0
1651770836,-34,6,46,6.5
1651770838,-35,6,52,3.0
1651770840,-34,6,46,-3.0
1651770842,-31,6,33,-6.5
1651770844,-30,6,29,-2.0
1651770846,-35,6,52,11.5
1651770848,-29,6,26,-13.0
1651770850,-30,6,29,1.5
1651770852,-29,6,26,-1.5
1651770854,-31,6,33,3.5
1651770856,-31,6,33,0.0
1651770858,-29,6,26,-3.5
1651770860,-30,6,29,1.5
1651770862,-33,6,41,6.0
1651770864,-31,4,33,-4.0
1651770866,-33,6,41,4.0
1651770868,-32,6,37,-2.0
1651770870,-29,6,26,-5.5
1651770872,-32,6,37,5.5
1651770874,-33,6,41,2.0
1651770876,-35,6,52,5.5
1651770878,-28,6,23,-14.5
1651770880,-36,6,58,17.5
1651770882,-35,6,52,-3.0
1651770884,-34,6,46,-3.0
1651770886,-36,6,58,6.0
1651770888,-30,6,29,-14.5
1651770890,-34,6,46,8.5
1651770892,-34,6,46,0.0
1651770894,-29,6,26,-10.0
1651770896,-35,6,52,13.0
1651770898,-32,6,37,-7.5
1651770900,-31,6,33,-2.0
1651770902,-31,6,33,0.0
1651770904,-24,6,15,-9.0
1651770906,-39,6,82,33.5
1651770908,-36,6,58,-12.0
1651770910,-31,6,33,-12.5
1651770912,-29,6,26,-3.5
1651770914,-36,6,58,16.0
1651770916,-35,6,52,-3.0
1651770918,-30,6,29,-11.5
1651770920,-32,6,37,4.0
1651770922,-33,6,41,2.0
1651770924,-37,6,65,12.0
1651770926,-33,6,41,-12.0
1651770928,-32,4,37,-2.0
1651770930,-30,6,29,-4.0
1651770932,-32,6,37,4.0
1651770934,-31,6,33,-2.0
1651770936,-32,6,37,2.0
1651770938,-30,6,29,-4.0
1651770940,-28,6,23,-3.0
1651770942,-32,6,37,7.0
1651770944,-36,4,58,10.5
1651770946,-33,6,41,-8.5
1651770948,-30,4,29,-6.0
1651770950,-34,6,46,8.5
1651770952,-33,6,41,-2.5
1651770954,-33,6,41,0.0
1651770956,-33,6,41,0.0
1651770958,-29,4,26,-7.5
1651770960,-32,6,37,5.5
1651770962,-34,6,46,4.5
1651770964,-36,6,58,6.0
1651770966,-29,6,26,-16.0
1651770968,-32,4,37,5.5
1651770970,-31,6,33,-2.0
1651770972,-32,6,37,2.0
1651770974,-33,6,41,2.0
1651770976,-29,6,26,-7.5
1651770978,-34,6,46,10.0
1651770980,-36,6,58,6.0
1651770982,-35,6,52,-3.0
1651770984,-32,6,37,-7.5
1651770986,-31,6,33,-2.0
1651770988,-33,6,41,4.0
1651770990,-30,6,29,-6.0
1651770992,-36,6,58,14.5
1651770994,-39,6,82,12.0
1651770996,-35,4,52,-15.0
1651770998,-33,6,41,-5.5
1651771000,-33,6,41,0.0
1651771002,-29,6,26,-7.5
1651771004,-33,6,41,7.5
1651771006,-35,6,52,5.5
1651771008,-29,4,26,-13.0
1651771010,-31,4,33,3.5
1651771012,-28,6,23,-5.0
1651771014,-35,6,52,14.5
1651771016,-35,6,52,0.0
1651771018,-34,6,46,-3.0
1651771020,-35,6,52,3.0
1651771022,-38,6,73,10.5
1651771024,-35,6,52,-10.5
1651771026,-31,6,33,-9.5
1651771028,-39,6,82,24.5
1651771030,-37,6,65,-8.5
1651771032,-34,6,46,-9.5
1651771034,-37,6,65,9.5
1651771036,-37,6,65,0.0
1651771038,-35,6,52,-6.5
1651771040,-33,6,41,-5.5
1651771042,-36,6,58,8.5
1651771044,-37,4,65,3.5
1651771046,-41,6,103,19.0
1651771048,-27,6,21,-41.0
1651771050,-37,6,65,22.0
1651771052,-29,6,26,-19.5
1651771054,-33,4,41,7.5
1651771056,-31,6,33,-4.0
1651771058,-31,6,33,0.0
1651771060,-30,6,29,-2.0
1651771062,-32,6,37,4.0
1651771064,-31,6,33,-2.0
1651771066,-37,6,65,16.0
1651771068,-34,6,46,-9.5
1651771070,-34,6,46,0.0
1651771072,-31,6,33,-6.5
1651771074,-32,6,37,2.0
1651771076,-35,6,52,7.5
1651771078,-32,6,37,-7.5
1651771080,-35,6,52,7.5
1651771082,-31,6,33,-9.5
1651771084,-34,6,46,6.5
1651771086,-34,6,46,0.0
1651771088,-33,4,41,-2.5
1651771090,-33,4,41,0.0
1651771092,-28,4,23,-9.0
1651771094,-34,6,46,11.5
1651771096,-36,4,58,6.0
1651771098,-39,6,82,12.0
1651771100,-43,6,130,24.0
1651771102,-46,6,184,27.0
1651771104,-40,6,92,-46.0
1651771106,-41,6,103,5.5
1651771108,-36,6,58,-22.5
1651771110,-29,6,26,-16.0
1651771112,-32,6,37,5.5
1651771114,-36,6,58,10.5
1651771116,-32,6,37,-10.5
1651771118,-33,6,41,2.0
1651771120,-31,6,33,-4.0
1651771122,-32,6,37,2.0
1651771124,-27,6,21,-8.0
1651771126,-34,4,46,12.5
1651771128,-32,6,37,-4.5
1651771130,-35,6,52,7.5
1651771132,-33,6,41,-5.5
1651771134,-33,6,41,0.0
1651771136,-34,6,46,2.5
1651771138,-34,6,46,0.0
1651771140,-33,6,41,-2.5
1651771142,-28,6,23,-9.0
1651771144,-31,6,33,5.0
1651771146,-31,6,33,0.0
1651771148,-35,6,52,9.5
1651771150,-27,6,21,-15.5
1651771152,-35,6,52,15.5
1651771154,-36,6,58,3.0
1651771156,-34,6,46,-6.0
1651771158,-37,6,65,9.5
1651771160,-34,4,46,-9.5
1651771162,-38,6,73,13.5
1651771164,-28,6,23,-25.0
1651771166,-31,6,33,5.0
1651771168,-32,6,37,2.0
1651771170,-35,6,52,7.5
1651771172,-29,6,26,-13.0
1651771174,-33,6,41,7.5
1651771176,-34,6,46,2.5
1651771178,-33,6,41,-2.5
1651771180,-30,6,29,-6.0
1651771182,-28,6,23,-3.0
1651771184,-35,6,52,14.5
1651771186,-34,6,46,-3.0
1651771188,-36,6,58,6.0
1651771190,-35,6,52,-3.0
1651771192,-33,6,41,-5.5
1651771194,-32,6,37,-2.0
1651771196,-35,4,52,7.5
1651771198,-31,6,33,-9.5
1651771200,-29,6,26,-3.5
1651771202,-32,6,37,5.5
1651771204,-31,6,33,-2.0
1651771206,-31,6,33,0.0
1651771208,-34,6,46,6.5
1651771210,-39,6,82,18.0
1651771212,-36,6,58,-12.0
1651771214,-36,6,58,0.0
1651771216,-32,6,37,-10.5
1651771218,-30,6,29,-4.0
1651771220,-33,6,41,6.0
1651771222,-34,6,46,2.5
1651771224,-36,6,58,6.0
1651771226,-36,6,58,0.0
1651771228,-30,6,29,-14.5
1651771230,-29,6,26,-1.5
1651771232,-33,6,41,7.5
1651771234,-36,6,58,8.5
1651771236,-34,6,46,-6.0
1651771238,-37,6,65,9.5
1651771240,-35,6,52,-6.5
1651771242,-34,6,46,-3.0
1651771244,-29,6,26,-10.0
1651771246,-34,6,46,10.0
1651771248,-34,6,46,0.0
1651771250,-34,6,46,0.0
1651771252,-32,6,37,-4.5
1651771254,-37,6,65,14.0
1651771256,-43,6,130,32.5
1651771258,-32,6,37,-46.5
1651771260,-34,6,46,4.5
1651771262,-36,6,58,6.0
1651771264,-35,6,52,-3.0
1651771266,-36,6,58,3.0
1651771268,-39,6,82,12.0
1651771270,-40,6,92,5.0
1651771273,-40,6,92,0.0
1651771275,-44,6,146,27.0
1651771277,-45,6,164,9.0
1651771279,-45,6,164,0.0
1651771281,-41,6,103,-30.5
1651771283,-46,6,184,40.5
1651771285,-46,6,184,0.0
1651771287,-48,6,231,23.5
1651771289,-46,6,184,-23.5
1651771291,-47,6,206,11.0
1651771293,-49,6,259,26.5
1651771295,-44,4,146,-56.5
1651771297,-47,6,206,30.0
1651771299,-46,6,184,-11.0
1651771301,-49,6,259,37.5
1651771303,-44,6,146,-56.5
1651771305,-46,6,184,19.0
1651771307,-50,6,291,53.5
1651771309,-46,4,184,-53.5
1651771311,-50,6,291,53.5
1651771313,-52,6,366,37.5
1651771315,-53,6,411,22.5
1651771317,-49,6,259,-76.0
1651771319,-54,6,461,101.0
1651771321,-52,6,366,-47.5
1651771323,-50,6,291,-37.5
1651771325,-50,6,291,0.0
1651771327,-50,6,291,0.0
1651771329,-56,6,580,144.5
1651771331,-53,6,411,-84.5
1651771333,-55,4,517,53.0
1651771335,-55,6,517,0.0
1651771337,-60,6,920,201.5
1651771339,-52,6,366,-277.0
1651771341,-52,6,366,0.0
1651771343,-81,6,10321,4977.5
1651771345,-57,6,651,-4835.0
1651771347,-58,6,731,40.0
1651771349,-54,6,461,-135.0
1651771351,-56,6,580,59.5
1651771353,-62,6,1158,289.0
1651771355,-62,6,1158,0.0
1651771357,-56,6,580,-289.0
1651771359,-57,2,651,35.5
1651771361,-55,6,517,-67.0
1651771363,-51,6,326,-95.5
1651771365,-54,6,461,67.5
1651771367,-58,6,731,135.0
1651771369,-50,4,291,-220.0
1651771371,-56,6,580,144.5
1651771373,-57,4,651,35.5
1651771375,-51,6,326,-162.5
1651771377,-58,6,731,202.5
1651771379,-58,6,731,0.0
1651771381,-57,6,651,-40.0
1651771383,-54,6,461,-95.0
1651771385,-53,6,411,-25.0
1651771387,-58,4,731,160.0
1651771389,-56,4,580,-75.5
1651771391,-61,6,1032,226.0
1651771393,-64,6,1458,213.0
1651771395,-59,6,820,-319.0
1651771397,-62,6,1158,169.0
1651771399,-56,6,580,-289.0
1651771401,-58,6,731,75.5
1651771403,-55,6,517,-107.0
1651771405,-58,6,731,107.0
1651771407,-58,6,731,0.0
1651771409,-56,6,580,-75.5
1651771411,-53,6,411,-84.5
1651771413,-58,6,731,160.0
1651771415,-52,6,366,-182.5
1651771417,-57,4,651,142.5
1651771419,-57,6,651,0.0
1651771421,-59,6,820,84.5
1651771423,-56,6,580,-120.0
1651771425,-57,6,651,35.5
1651771427,-59,6,820,84.5
1651771429,-52,6,366,-227.0
1651771431,-58,6,731,182.5
1651771433,-56,6,580,-75.5
1651771435,-59,6,820,120.0
1651771437,-58,6,731,-44.5
1651771439,-56,6,580,-75.5
1651771441,-60,6,920,170.0
1651771443,-60,4,920,0.0
1651771445,-58,6,731,-94.5
1651771447,-56,6,580,-75.5
1651771449,-60,6,920,170.0
1651771451,-57,6,651,-134.5
1651771453,-60,6,920,134.5
1651771455,-62,4,1158,119.0
1651771457,-62,6,1158,0.0
1651771459,-60,6,920,-119.0
1651771461,-61,6,1032,56.0
1651771463,-60,6,920,-56.0
1651771465,-56,6,580,-170.0
1651771467,-59,4,820,120.0
1651771469,-60,6,920,50.0
1651771471,-58,6,731,-94.5
1651771473,-58,6,731,0.0
1651771475,-59,6,820,44.5
1651771477,-54,6,461,-179.5
1651771479,-53,6,411,-25.0
1651771481,-57,6,651,120.0
1651771483,-58,4,731,40.0
1651771485,-58,6,731,0.0
1651771487,-54,6,461,-135.0
1651771489,-55,6,517,28.0
1651771491,-58,6,731,107.0
1651771493,-53,6,411,-160.0
1651771495,-56,6,580,84.5
1651771497,-57,6,651,35.5
1651771499,-56,6,580,-35.5
1651771501,-55,6,517,-31.5
1651771503,-58,4,731,107.0
1651771505,-57,6,651,-40.0
1651771507,-59,4,820,84.5
1651771509,-60,6,920,50.0
1651771511,-61,6,1032,56.0
1651771513,-62,4,1158,63.0
1651771515,-58,6,731,-213.5
1651771517,-60,6,920,94.5
1651771519,-60,4,920,0.0
1651771521,-59,6,820,-50.0
1651771523,-59,6,820,0.0
1651771525,-59,6,820,0.0
1651771527,-60,6,920,50.0
1651771529,-61,6,1032,56.0
1651771531,-61,6,1032,0.0
1651771533,-60,6,920,-56.0
1651771535,-60,6,920,0.0
1651771537,-61,6,1032,56.0
1651771539,-61,4,1032,0.0
1651771541,-60,6,920,-56.0
1651771543,-59,6,820,-50.0
1651771545,-60,6,920,50.0
1651771547,-60,4,920,0.0
1651771549,-60,6,920,0.0
1651771551,-61,6,1032,56.0
1651771553,-62,6,1158,63.0
1651771555,-58,4,731,-213.5
1651771557,-60,4,920,94.5
1651771559,-58,4,731,-94.5
1651771561,-55,6,517,-107.0
1651771563,-59,6,820,151.5
1651771565,-61,6,1032,106.0
1651771567,-58,6,731,-150.5
1651771569,-59,6,820,44.5
1651771571,-60,6,920,50.0
1651771573,-61,6,1032,56.0
1651771575,-59,6,820,-106.0
1651771577,-60,6,920,50.0
1651771579,-60,6,920,0.0
1651771581,-61,6,1032,56.0
1651771583,-62,6,1158,63.0
1651771585,-60,6,920,-119.0
1651771587,-63,6,1299,189.5
1651771589,-62,6,1158,-70.5
1651771591,-63,4,1299,70.5
1651771593,-62,6,1158,-70.5
1651771595,-60,4,920,-119.0
1651771597,-64,4,1458,269.0
1651771599,-65,4,1636,89.0
1651771601,-66,4,1835,99.5
1651771603,-68,6,2311,238.0
1651771605,-62,6,1158,-576.5
1651771607,-65,6,1636,239.0
1651771609,-63,6,1299,-168.5
1651771611,-67,6,2059,380.0
1651771613,-62,4,1158,-450.5
1651771615,-62,6,1158,0.0
1651771617,-63,6,1299,70.5
1651771619,-63,2,1299,0.0
1651771621,-66,4,1835,268.0
1651771623,-65,2,1636,-99.5
1651771625,-64,2,1458,-89.0
1651771627,-62,4,1158,-150.0
1651771629,-66,6,1835,338.5
1651771631,-64,6,1458,-188.5
1651771633,-63,6,1299,-79.5
1651771635,-63,6,1299,0.0
1651771637,-65,2,1636,168.5
1651771639,-64,6,1458,-89.0
1651771641,-65,4,1636,89.0
1651771643,-65,6,1636,0.0
1651771645,-64,4,1458,-89.0
1651771647,-66,6,1835,188.5
1651771649,-64,4,1458,-188.5
1651771651,-67,4,2059,300.5
1651771653,-66,4,1835,-112.0
1651771655,-69,4,2592,378.5
1651771657,-66,6,1835,-378.5
1651771659,-66,4,1835,0.0
1651771661,-64,4,1458,-188.5
1651771663,-65,6,1636,89.0
1651771665,-62,4,1158,-239.0
1651771667,-66,4,1835,338.5
1651771669,-67,4,2059,112.0
1651771671,-65,0,1636,-211.5
1651771673,-66,6,1835,99.5
1651771675,-65,6,1636,-99.5
1651771677,-66,6,1835,99.5
1651771679,-66,4,1835,0.0
1651771681,-63,4,1299,-268.0
1651771683,-67,4,2059,380.0
1651771685,-63,2,1299,-380.0
1651771687,-67,4,2059,380.0
1651771689,-72,4,3662,801.5
1651771691,-69,4,2592,-535.0
1651771693,-66,6,1835,-378.5
1651771695,-69,4,2592,378.5
1651771697,-66,4,1835,-378.5
1651771699,-67,4,2059,112.0
1651771701,-69,0,2592,266.5
1651771703,-69,6,2592,0.0
1651771705,-68,4,2311,-140.5
1651771707,-69,2,2592,140.5
1651771709,-68,2,2311,-140.5
1651771711,-68,4,2311,0.0
1651771713,-69,4,2592,140.5
1651771715,-67,4,2059,-266.5
1651771717,-67,2,2059,0.0
1651771719,-66,4,1835,-112.0
1651771721,-65,4,1636,-99.5
1651771723,-64,4,1458,-89.0
1651771725,-65,4,1636,89.0
1651771727,-64,6,1458,-89.0
1651771729,-63,6,1299,-79.5
1651771731,-63,6,1299,0.0
1651771733,-63,6,1299,0.0
1651771735,-65,6,1636,168.5
1651771737,-66,4,1835,99.5
1651771739,-65,6,1636,-99.5
1651771741,-67,6,2059,211.5
1651771743,-66,6,1835,-112.0
1651771745,-67,4,2059,112.0
1651771747,-67,6,2059,0.0
1651771749,-66,2,1835,-112.0
1651771751,-64,4,1458,-188.5
1651771753,-66,6,1835,188.5
1651771755,-70,6,2909,537.0
1651771757,-64,2,1458,-725.5
1651771759,-63,4,1299,-79.5
1651771761,-63,4,1299,0.0
1651771763,-63,4,1299,0.0
1651771765,-68,6,2311,506.0
1651771767,-63,4,1299,-506.0
1651771769,-61,0,1032,-133.5
1651771771,-62,2,1158,63.0
1651771773,-62,4,1158,0.0
1651771775,-62,6,1158,0.0
1651771777,-63,4,1299,70.5
1651771779,-61,4,1032,-133.5
1651771781,-61,2,1032,0.0
1651771783,-66,4,1835,401.5
1651771785,-62,4,1158,-338.5
1651771787,-63,4,1299,70.5
1651771789,-71,4,3264,982.5
1651771791,-66,4,1835,-714.5
1651771793,-67,4,2059,112.0
1651771795,-67,4,2059,0.0
1651771797,-67,4,2059,0.0
1651771799,-66,4,1835,-112.0
1651771801,-66,4,1835,0.0
1651771803,-68,4,2311,238.0
1651771805,-64,4,1458,-426.5
1651771807,-67,4,2059,300.5
1651771809,-63,4,1299,-380.0
1651771811,-67,4,2059,380.0
1651771813,-65,2,1636,-211.5
1651771815,-65,4,1636,0.0
1651771817,-66,4,1835,99.5
1651771819,-65,2,1636,-99.5
1651771821,-63,4,1299,-168.5
1651771823,-63,4,1299,0.0
1651771825,-65,4,1636,168.5
1651771827,-65,2,1636,0.0
1651771829,-70,2,2909,636.5
1651771831,-62,2,1158,-875.5
1651771833,-63,2,1299,70.5
1651771835,-64,6,1458,79.5
1651771837,-64,4,1458,0.0
1651771839,-68,0,2311,426.5
1651771841,-64,6,1458,-426.5
1651771843,-63,4,1299,-79.5
1651771845,-63,2,1299,0.0
1651771847,-65,6,1636,168.5
1651771849,-66,6,1835,99.5
1651771851,-64,4,1458,-188.5
1651771853,-63,6,1299,-79.5
1651771855,-64,6,1458,79.5
1651771857,-66,6,1835,188.5
1651771859,-62,6,1158,-338.5
1651771861,-64,6,1458,150.0
1651771863,-63,6,1299,-79.5
1651771865,-61,6,1032,-133.5
1651771867,-61,6,1032,0.0
1651771869,-64,6,1458,213.0
1651771871,-60,6,920,-269.0
1651771873,-62,6,1158,119.0
1651771875,-63,6,1299,70.5
1651771877,-65,4,1636,168.5
1651771879,-64,6,1458,-89.0
1651771881,-63,4,1299,-79.5
1651771883,-63,4,1299,0.0
1651771885,-64,4,1458,79.5
1651771887,-64,6,1458,0.0
1651771889,-65,4,1636,89.0
1651771891,-65,4,1636,0.0
1651771893,-67,4,2059,211.5
1651771895,-64,6,1458,-300.5
1651771897,-62,4,1158,-150.0
1651771899,-68,4,2311,576.5
1651771901,-65,4,1636,-337.5
1651771903,-65,6,1636,0.0
1651771905,-66,4,1835,99.5
1651771907,-67,4,2059,112.0
1651771909,-67,4,2059,0.0
1651771911,-66,4,1835,-112.0
1651771913,-66,4,1835,0.0
1651771915,-68,4,2311,238.0
1651771917,-67,4,2059,-126.0
1651771919,-67,4,2059,0.0
1651771921,-67,4,2059,0.0
1651771923,-69,4,2592,266.5
1651771925,-68,4,2311,-140.5
1651771927,-64,6,1458,-426.5
1651771929,-68,4,2311,426.5
1651771931,-68,6,2311,0.0
1651771933,-69,4,2592,140.5
1651771935,-67,4,2059,-266.5
1651771937,-68,2,2311,126.0
1651771939,-66,4,1835,-238.0
1651771941,-65,4,1636,-99.5
1651771943,-65,2,1636,0.0
1651771945,-68,4,2311,337.5
1651771947,-65,4,1636,-337.5
1651771949,-65,4,1636,0.0
1651771951,-69,4,2592,478.0
1651771953,-67,4,2059,-266.5
1651771955,-67,4,2059,0.0
1651771957,-64,4,1458,-300.5
1651771959,-64,4,1458,0.0
1651771961,-68,4,2311,426.5
1651771963,-65,4,1636,-337.5
1651771965,-62,4,1158,-239.0
1651771967,-67,4,2059,450.5
1651771969,-65,6,1636,-211.5
1651771971,-65,6,1636,0.0
1651771973,-65,4,1636,0.0
1651771975,-66,4,1835,99.5
1651771977,-68,4,2311,238.0
1651771979,-66,4,1835,-238.0
1651771981,-67,2,2059,112.0
1651771983,-67,4,2059,0.0
1651771985,-69,2,2592,266.5
1651771987,-69,4,2592,0.0
1651771989,-65,4,1636,-478.0
1651771991,-67,4,2059,211.5
1651771993,-69,4,2592,266.5
1651771995,-66,2,1835,-378.5
1651771997,-67,4,2059,112.0
1651771999,-69,4,2592,266.5
1651772001,-68,4,2311,-140.5
1651772003,-68,2,2311,0.0
1651772005,-64,6,1458,-426.5
1651772007,-68,4,2311,426.5
1651772009,-66,2,1835,-238.0
1651772011,-70,4,2909,537.0
1651772013,-68,4,2311,-299.0
1651772015,-71,4,3264,476.5
1651772017,-72,2,3662,199.0
1651772019,-69,2,2592,-535.0
1651772021,-66,2,1835,-378.5
1651772023,-67,2,2059,112.0
1651772025,-71,4,3264,602.5
1651772027,-69,4,2592,-336.0
1651772029,-69,4,2592,0.0
1651772031,-70,2,2909,158.5
1651772033,-68,0,2311,-299.0
1651772035,-65,2,1636,-337.5
1651772037,-67,0,2059,211.5
1651772039,-66,0,1835,-112.0
1651772041,-67,4,2059,112.0
1651772043,-69,0,2592,266.5
1651772045,-67,0,2059,-266.5
1651772047,-73,4,4109,1025.0
1651772049,-64,0,1458,-1325.5
1651772051,-66,4,1835,188.5
1651772053,-68,4,2311,238.0
1651772055,-69,4,2592,140.5
1651772057,-66,0,1835,-378.5
1651772059,-65,4,1636,-99.5
1651772061,-66,4,1835,99.5
1651772063,-66,4,1835,0.0
1651772065,-67,4,2059,112.0
1651772067,-66,4,1835,-112.0
1651772069,-66,2,1835,0.0
1651772071,-67,4,2059,112.0
1651772073,-69,4,2592,266.5
1651772075,-69,4,2592,0.0
1651772077,-67,4,2059,-266.5
1651772079,-66,4,1835,-112.0
1651772081,-64,4,1458,-188.5
1651772083,-70,4,2909,725.5
1651772085,-64,2,1458,-725.5
1651772087,-66,2,1835,188.5
1651772089,-66,2,1835,0.0
1651772091,-68,2,2311,238.0
1651772093,-67,2,2059,-126.0
1651772095,-66,0,1835,-112.0
1651772097,-66,2,1835,0.0
1651772099,-65,4,1636,-99.5
1651772101,-67,4,2059,211.5
1651772103,-68,2,2311,126.0
1651772105,-70,4,2909,299.0
1651772107,-68,4,2311,-299.0
1651772109,-68,4,2311,0.0
1651772111,-69,4,2592,140.5
1651772113,-70,4,2909,158.5
1651772115,-67,6,2059,-425.0
1651772117,-68,4,2311,126.0
1651772119,-68,4,2311,0.0
1651772121,-69,4,2592,140.5
1651772123,-72,4,3662,535.0
1651772125,-73,4,4109,223.5
1651772127,-64,4,1458,-1325.5
1651772129,-68,4,2311,426.5
1651772131,-65,4,1636,-337.5
1651772133,-65,2,1636,0.0
1651772135,-67,2,2059,211.5
1651772137,-67,2,2059,0.0
1651772139,-69,4,2592,266.5
1651772141,-65,4,1636,-478.0
1651772143,-71,4,3264,814.0
1651772145,-70,4,2909,-177.5
1651772147,-67,4,2059,-425.0
1651772149,-66,4,1835,-112.0
1651772151,-65,4,1636,-99.5
1651772153,-67,4,2059,211.5
1651772155,-67,4,2059,0.0
1651772157,-66,4,1835,-112.0
1651772159,-67,4,2059,112.0
1651772161,-63,4,1299,-380.0
1651772163,-67,4,2059,380.0
1651772165,-65,4,1636,-211.5
1651772167,-68,4,2311,337.5
1651772169,-63,4,1299,-506.0
1651772171,-68,4,2311,506.0
1651772173,-64,4,1458,-426.5
1651772175,-65,4,1636,89.0
1651772177,-67,4,2059,211.5
1651772179,-66,4,1835,-112.0
1651772181,-64,4,1458,-188.5
1651772183,-64,4,1458,0.0
1651772185,-64,4,1458,0.0
1651772187,-64,6,1458,0.0
1651772189,-65,4,1636,89.0
1651772191,-67,2,2059,211.5
1651772193,-66,6,1835,-112.0
1651772195,-64,6,1458,-188.5
1651772197,-64,4,1458,0.0
1651772199,-64,6,1458,0.0
1651772201,-69,6,2592,567.0
1651772203,-66,4,1835,-378.5
1651772205,-68,6,2311,238.0
1651772207,-71,6,3264,476.5
1651772209,-62,2,1158,-1053.0
1651772211,-64,6,1458,150.0
1651772213,-64,6,1458,0.0
1651772215,-62,6,1158,-150.0
1651772217,-62,6,1158,0.0
1651772219,-65,6,1636,239.0
1651772221,-65,0,1636,0.0
1651772223,-65,2,1636,0.0
1651772225,-66,6,1835,99.5
1651772227,-62,6,1158,-338.5
1651772229,-63,6,1299,70.5
1651772231,-62,4,1158,-70.5
1651772233,-79,4,8198,3520.0
1651772235,-63,6,1299,-3449.5
1651772237,-65,6,1636,168.5
1651772239,-61,4,1032,-302.0
1651772241,-61,4,1032,0.0
1651772243,-62,6,1158,63.0
1651772245,-63,4,1299,70.5
1651772247,-63,4,1299,0.0
1651772249,-63,6,1299,0.0
1651772251,-64,6,1458,79.5
1651772253,-62,6,1158,-150.0
1651772255,-59,4,820,-169.0
1651772257,-63,6,1299,239.5
1651772259,-63,6,1299,0.0
1651772261,-64,4,1458,79.5
1651772263,-62,6,1158,-150.0
1651772265,-60,6,920,-119.0
1651772267,-63,6,1299,189.5
1651772269,-61,4,1032,-133.5
1651772271,-63,6,1299,133.5
1651772273,-63,6,1299,0.0
1651772275,-63,6,1299,0.0
1651772277,-64,6,1458,79.5
1651772279,-62,6,1158,-150.0
1651772281,-62,6,1158,0.0
1651772283,-60,6,920,-119.0
1651772285,-59,4,820,-50.0
1651772287,-58,6,731,-44.5
1651772289,-63,4,1299,284.0
1651772291,-64,6,1458,79.5
1651772293,-63,6,1299,-79.5
1651772295,-62,6,1158,-70.5
1651772297,-60,6,920,-119.0
1651772299,-64,6,1458,269.0
1651772301,-60,4,920,-269.0
1651772303,-62,4,1158,119.0
1651772305,-58,6,731,-213.5
1651772307,-61,6,1032,150.5
1651772309,-59,6,820,-106.0
1651772311,-63,6,1299,239.5
1651772313,-61,4,1032,-133.5
1651772315,-62,6,1158,63.0
1651772317,-59,6,820,-169.0
1651772319,-60,6,920,50.0
1651772321,-61,6,1032,56.0
1651772323,-59,6,820,-106.0
1651772325,-58,6,731,-44.5
1651772327,-59,4,820,44.5
1651772329,-60,6,920,50.0
1651772331,-60,6,920,0.0
1651772333,-60,6,920,0.0
1651772335,-59,6,820,-50.0
1651772337,-60,6,920,50.0
1651772339,-58,6,731,-94.5
1651772341,-57,4,651,-40.0
1651772343,-54,6,461,-95.0
1651772345,-56,6,580,59.5
1651772347,-58,6,731,75.5
1651772349,-56,6,580,-75.5
1651772351,-56,6,580,0.0
1651772353,-56,4,580,0.0
1651772355,-51,4,326,-127.0
1651772357,-54,6,461,67.5
1651772359,-51,6,326,-67.5
1651772361,-59,6,820,247.0
1651772363,-61,6,1032,106.0
1651772365,-58,4,731,-150.5
1651772368,-59,6,820,29.7
1651772370,-60,6,920,50.0
1651772372,-58,6,731,-94.5
1651772374,-59,6,820,44.5
1651772376,-58,6,731,-44.5
1651772378,-54,6,461,-135.0
1651772380,-55,6,517,28.0
1651772382,-58,6,731,107.0
1651772384,-58,6,731,0.0
1651772386,-54,6,461,-135.0
1651772388,-55,6,517,28.0
1651772390,-51,6,326,-95.5
1651772392,-55,6,517,95.5
1651772394,-51,6,326,-95.5
1651772396,-57,6,651,162.5
1651772398,-57,6,651,0.0
1651772400,-51,6,326,-162.5
1651772402,-57,6,651,162.5
1651772404,-53,6,411,-120.0
1651772406,-57,6,651,120.0
1651772408,-56,6,580,-35.5
1651772410,-56,6,580,0.0
1651772412,-54,6,461,-59.5
1651772414,-51,6,326,-67.5
1651772416,-57,6,651,162.5
1651772418,-55,6,517,-67.0
1651772420,-56,6,580,31.5
1651772422,-43,6,130,-225.0
1651772424,-45,6,164,17.0
1651772426,-49,6,259,47.5
1651772428,-54,6,461,101.0
1651772430,-48,6,231,-115.0
1651772432,-47,6,206,-12.5
1651772434,-48,6,231,12.5
1651772436,-40,6,92,-69.5
1651772438,-43,6,130,19.0
1651772440,-42,6,116,-7.0
1651772442,-44,6,146,15.0
1651772444,-44,6,146,0.0
1651772446,-36,6,58,-44.0
1651772448,-38,6,73,7.5
1651772450,-33,6,41,-16.0
1651772452,-36,4,58,8.5
1651772454,-40,6,92,17.0
1651772456,-37,6,65,-13.5
1651772458,-38,4,73,4.0
1651772460,-37,6,65,-4.0
1651772462,-39,6,82,8.5
1651772464,-36,6,58,-12.0
1651772466,-35,6,52,-3.0
1651772468,-29,6,26,-13.0
1651772470,-27,6,21,-2.5
1651772472,-33,6,41,10.0
1651772474,-35,6,52,5.5
1651772476,-28,6,23,-14.5
1651772478,-32,4,37,7.0
1651772480,-31,6,33,-2.0
1651772482,-26,4,18,-7.5
1651772484,-30,6,29,5.5
1651772486,-29,6,26,-1.5
1651772488,-30,6,29,1.5
1651772490,-33,6,41,6.0
1651772492,-29,6,26,-7.5
1651772494,-28,4,23,-1.5
1651772496,-30,6,29,3.0
1651772498,-33,6,41,6.0
1651772500,-32,0,37,-2.0
1651772502,-32,0,37,0.0
1651772504,-32,0,37,0.0
1651772506,-32,0,37,0.0
1651772566,-28,0,23,-0.2
1651772568,-26,0,18,-2.5
1651772570,-28,0,23,2.5
1651772572,-27,0,21,-1.0
1651772574,-27,0,21,0.0
1651772576,-27,0,21,0.0
1651772578,-27,0,21,0.0
1651772580,-26,0,18,-1.5
1651772582,-25,0,16,-1.0
1651772584,-27,0,21,2.5
1651772586,-28,0,23,1.0
1651772588,-29,0,26,1.5
1651772590,-29,0,26,0.0
1651772592,-30,0,29,1.5
1651772594,-28,0,23,-3.0
1651772596,-27,0,21,-1.0
1651772598,-27,0,21,0.0
1651772600,-28,0,23,1.0
1651772602,-30,0,29,3.0
1651772604,-32,0,37,4.0
1651772606,-29,0,26,-5.5
1651772608,-28,0,23,-1.5
1651772610,-30,6,29,3.0
1651772612,-34,6,46,8.5
1651772614,-29,6,26,-10.0
1651772616,-29,4,26,0.0
1651772618,-28,6,23,-1.5
1651772620,-30,6,29,3.0
1651772622,-29,6,26,-1.5
1651772624,-36,6,58,16.0
1651772626,-34,4,46,-6.0
1651772628,-32,4,37,-4.5
1651772630,-29,6,26,-5.5
1651772632,-32,6,37,5.5
1651772634,-28,6,23,-7.0
1651772636,-34,4,46,11.5
1651772638,-29,6,26,-10.0
1651772640,-29,6,26,0.0
1651772642,-35,6,52,13.0
1651772644,-31,6,33,-9.5
1651772646,-34,6,46,6.5
1651772648,-35,6,52,3.0
1651772650,-28,6,23,-14.5
1651772652,-31,6,33,5.0
1651772654,-30,6,29,-2.0
1651772656,-33,4,41,6.0
1651772658,-32,6,37,-2.0
1651772660,-31,6,33,-2.0
1651772662,-27,6,21,-6.0
1651772664,-34,6,46,12.5
1651772666,-28,6,23,-11.5
1651772668,-30,6,29,3.0
1651772670,-29,6,26,-1.5
1651772672,-28,6,23,-1.5
1651772674,-34,6,46,11.5
1651772676,-31,6,33,-6.5
1651772678,-30,6,29,-2.0
1651772680,-31,6,33,2.0
1651772682,-31,6,33,0.0
1651772684,-30,6,29,-2.0
1651772686,-33,6,41,6.0
1651772688,-29,6,26,-7.5
1651772690,-34,6,46,10.0
1651772692,-33,6,41,-2.5
1651772694,-31,6,33,-4.0
1651772696,-27,6,21,-6.0
1651772698,-28,6,23,1.0
1651772700,-39,6,82,29.5
1651772702,-34,6,46,-18.0
1651772704,-33,6,41,-2.5
1651772706,-34,6,46,2.5
1651772708,-29,6,26,-10.0
1651772710,-33,4,41,7.5
1651772712,-37,6,65,12.0
1651772714,-33,6,41,-12.0
1651772716,-33,6,41,0.0
1651772718,-37,6,65,12.0
1651772720,-32,6,37,-14.0
1651772722,-33,6,41,2.0
1651772724,-33,6,41,0.0
1651772726,-32,6,37,-2.0
1651772728,-36,6,58,10.5
1651772730,-39,4,82,12.0
1651772732,-34,6,46,-18.0
1651772734,-36,6,58,6.0
1651772736,-20,6,9,-24.5
1651772738,-30,6,29,10.0
1651772740,-27,6,21,-4.0
1651772742,-36,4,58,18.5
1651772744,-31,6,33,-12.5
1651772746,-34,6,46,6.5
1651772748,-36,4,58,6.0
1651772750,-29,6,26,-16.0
1651772752,-36,6,58,16.0
1651772754,-31,6,33,-12.5
1651772756,-35,6,52,9.5
1651772758,-33,6,41,-5.5
1651772760,-35,6,52,5.5
1651772762,-34,6,46,-3.0
1651772764,-37,6,65,9.5
1651772766,-34,6,46,-9.5
1651772768,-33,6,41,-2.5
1651772770,-34,6,46,2.5
1651772772,-24,6,15,-15.5
1651772774,-32,6,37,11.0
1651772776,-33,6,41,2.0
1651772778,-33,6,41,0.0
1651772780,-31,6,33,-4.0
1651772782,-30,6,29,-2.0
1651772784,-30,6,29,0.0
1651772786,-31,6,33,2.0
1651772788,-35,6,52,9.5
1651772790,-31,6,33,-9.5
1651772792,-33,6,41,4.0
1651772794,-34,6,46,2.5
1651772796,-32,6,37,-4.5
1651772798,-27,6,21,-8.0
1651772800,-33,6,41,10.0
1651772802,-28,6,23,-9.0
1651772804,-34,6,46,11.5
1651772806,-34,6,46,0.0
1651772808,-35,6,52,3.0
1651772810,-36,6,58,3.0
1651772812,-29,6,26,-16.0
1651772814,-38,6,73,23.5
1651772816,-37,6,65,-4.0
1651772818,-34,6,46,-9.5
1651772820,-30,6,29,-8.5
1651772822,-35,4,52,11.5
1651772824,-34,6,46,-3.0
1651772826,-36,6,58,6.0
1651772828,-33,6,41,-8.5
1651772830,-29,6,26,-7.5
1651772832,-32,6,37,5.5
1651772834,-34,6,46,4.5
1651772836,-33,6,41,-2.5
1651772838,-30,6,29,-6.0
1651772840,-33,6,41,6.0
1651772842,-35,6,52,5.5
1651772844,-32,6,37,-7.5
1651772846,-29,6,26,-5.5
1651772848,-35,6,52,13.0
1651772850,-34,6,46,-3.0
1651772852,-35,6,52,3.0
1651772854,-32,6,37,-7.5
1651772856,-33,6,41,2.0
1651772858,-36,4,58,8.5
1651772860,-37,6,65,3.5
1651772862,-36,4,58,-3.5
1651772864,-29,6,26,-16.0
1651772866,-35,6,52,13.0
1651772868,-29,6,26,-13.0
1651772870,-31,6,33,3.5
1651772872,-32,6,37,2.0
1651772874,-37,6,65,14.0
1651772876,-36,6,58,-3.5
1651772878,-33,6,41,-8.5
1651772880,-37,6,65,12.0
1651772882,-34,6,46,-9.5
1651772884,-32,6,37,-4.5
1651772886,-27,6,21,-8.0
1651772888,-32,6,37,8.0
1651772890,-33,6,41,2.0
1651772892,-32,6,37,-2.0
1651772894,-29,6,26,-5.5
1651772896,-33,6,41,7.5
1651772898,-30,6,29,-6.0
1651772900,-28,6,23,-3.0
1651772902,-31,6,33,5.0
1651772904,-34,6,46,6.5
1651772906,-32,6,37,-4.5
1651772908,-30,6,29,-4.0
1651772910,-31,6,33,2.0
1651772912,-33,6,41,4.0
1651772914,-31,6,33,-4.0
1651772916,-31,6,33,0.0
1651772918,-31,6,33,0.0
1651772920,-29,6,26,-3.5
1651772922,-31,6,33,3.5
1651772924,-36,6,58,12.5
1651772926,-37,6,65,3.5
1651772928,-34,6,46,-9.5
1651772930,-35,6,52,3.0
1651772932,-32,6,37,-7.5
1651772934,-33,6,41,2.0
1651772936,-35,6,52,5.5
1651772938,-34,6,46,-3.0
1651772940,-28,6,23,-11.5
1651772942,-32,6,37,7.0
1651772944,-37,6,65,14.0
1651772946,-38,6,73,4.0
1651772948,-30,6,29,-22.0
1651772950,-29,6,26,-1.5
1651772952,-33,6,41,7.5
1651772954,-29,6,26,-7.5
1651772956,-34,6,46,10.0
1651772958,-32,6,37,-4.5
1651772960,-32,6,37,0.0
1651772962,-31,6,33,-2.0
1651772964,-32,6,37,2.0
1651772966,-32,6,37,0.0
1651772968,-29,6,26,-5.5
1651772970,-33,6,41,7.5
1651772972,-28,6,23,-9.0
1651772974,-28,4,23,0.0
1651772976,-35,6,52,14.5
1651772978,-32,6,37,-7.5
1651772980,-34,6,46,4.5
1651772982,-33,6,41,-2.5
1651772984,-34,6,46,2.5
1651772986,-31,6,33,-6.5
1651772988,-36,6,58,12.5
1651772990,-33,6,41,-8.5
1651772992,-31,6,33,-4.0
1651772994,-35,6,52,9.5
1651772996,-33,6,41,-5.5
1651772998,-30,6,29,-6.0
1651773000,-30,6,29,0.0
1651773002,-36,6,58,14.5
1651773004,-35,6,52,-3.0
1651773006,-36,6,58,3.0
1651773008,-32,6,37,-10.5
1651773010,-35,6,52,7.5
1651773012,-34,6,46,-3.0
1651773014,-33,6,41,-2.5
1651773016,-29,6,26,-7.5
1651773018,-33,6,41,7.5
1651773020,-31,6,33,-4.0
1651773022,-29,6,26,-3.5
1651773024,-34,6,46,10.0
1651773026,-36,6,58,6.0
1651773028,-35,6,52,-3.0
1651773030,-35,6,52,0.0
1651773032,-32,6,37,-7.5
1651773034,-33,6,41,2.0
1651773036,-29,6,26,-7.5
1651773038,-34,6,46,10.0
1651773040,-35,6,52,3.0
1651773042,-36,6,58,3.0
1651773044,-34,6,46,-6.0
1651773046,-35,6,52,3.0
1651773048,-30,6,29,-11.5
1651773050,-30,6,29,0.0
1651773052,-31,6,33,2.0
1651773054,-31,6,33,0.0
1651773056,-37,4,65,16.0
1651773058,-37,6,65,0.0
1651773060,-34,6,46,-9.5
1651773062,-30,6,29,-8.5
1651773064,-34,6,46,8.5
1651773066,-35,6,52,3.0
1651773068,-36,6,58,3.0
1651773070,-30,6,29,-14.5
1651773072,-33,6,41,6.0
1651773074,-28,6,23,-9.0
1651773076,-26,6,18,-2.5
1651773078,-41,6,103,42.5
1651773080,-34,4,46,-28.5
1651773082,-35,6,52,3.0
1651773084,-38,6,73,10.5
1651773086,-34,0,46,-13.5
1651773088,-34,0,46,0.0
1651773090,-34,0,46,0.0
1651773092,-34,0,46,0.0
1651773094,-34,0,46,0.0
1651773096,-34,0,46,0.0
1651773098,-34,0,46,0.0
1651773100,-34,0,46,0.0
1651773271,-32,0,37,-0.1
1651773273,-29,0,26,-5.5
1651773275,-29,6,26,0.0
1651773277,-28,6,23,-1.5
1651773279,-27,6,21,-1.0
1651773281,-37,6,65,22.0
1651773283,-40,6,92,13.5
1651773285,-38,4,73,-9.5
1651773287,-38,6,73,0.0
1651773289,-33,6,41,-16.0
1651773291,-42,6,116,37.5
1651773293,-29,6,26,-45.0
1651773295,-30,6,29,1.5
1651773297,-46,6,184,77.5
1651773299,-34,6,46,-69.0
1651773301,-29,6,26,-10.0
1651773303,-35,6,52,13.0
1651773305,-27,6,21,-15.5
1651773307,-31,6,33,6.0
1651773309,-33,6,41,4.0
1651773311,-37,6,65,12.0
1651773313,-36,6,58,-3.5
1651773315,-41,6,103,22.5
1651773317,-40,6,92,-5.5
1651773319,-44,6,146,27.0
1651773321,-45,6,164,9.0
1651773323,-36,6,58,-53.0
1651773325,-39,6,82,12.0
1651773327,-42,6,116,17.0
1651773329,-37,6,65,-25.5
1651773331,-36,6,58,-3.5
1651773333,-45,6,164,53.0
1651773335,-45,6,164,0.0
1651773337,-36,6,58,-53.0
1651773339,-39,6,82,12.0
1651773341,-35,6,52,-15.0
1651773343,-45,6,164,56.0
1651773345,-43,6,130,-17.0
1651773347,-50,6,291,80.5
1651773349,-45,6,164,-63.5
1651773351,-47,6,206,21.0
1651773353,-37,6,65,-70.5
1651773355,-46,6,184,59.5
1651773357,-40,6,92,-46.0
1651773359,-41,6,103,5.5
1651773361,-39,6,82,-10.5
1651773363,-45,4,164,41.0
1651773365,-48,6,231,33.5
1651773367,-48,6,231,0.0
1651773369,-41,6,103,-64.0
1651773371,-45,6,164,30.5
1651773373,-42,6,116,-24.0
1651773375,-39,6,82,-17.0
1651773377,-44,6,146,32.0
1651773379,-40,6,92,-27.0
1651773381,-38,6,73,-9.5
1651773383,-40,6,92,9.5
1651773385,-32,6,37,-27.5
1651773387,-32,6,37,0.0
1651773389,-32,6,37,0.0
1651773391,-31,6,33,-2.0
1651773393,-27,6,21,-6.0
1651773395,-31,6,33,6.0
1651773397,-33,6,41,4.0
1651773399,-28,6,23,-9.0
1651773401,-34,4,46,11.5
1651773403,-28,6,23,-11.5
1651773405,-30,4,29,3.0
1651773407,-32,6,37,4.0
1651773409,-31,6,33,-2.0
1651773411,-24,6,15,-9.0
1651773413,-37,6,65,25.0
1651773415,-37,6,65,0.0
1651773417,-36,4,58,-3.5
1651773419,-33,6,41,-8.5
1651773421,-30,6,29,-6.0
1651773423,-29,6,26,-1.5
1651773425,-29,6,26,0.0
1651773427,-28,6,23,-1.5
1651773429,-32,6,37,7.0
1651773431,-30,6,29,-4.0
1651773433,-71,4,3264,1617.5
1651773435,-27,6,21,-1621.5
1651773437,-29,6,26,2.5
1651773439,-27,6,21,-2.5
1651773441,-31,6,33,6.0
1651773443,-30,6,29,-2.0
1651773445,-33,6,41,6.0
1651773447,-30,6,29,-6.0
1651773449,-29,6,26,-1.5
1651773451,-33,6,41,7.5
1651773453,-32,6,37,-2.0
1651773455,-35,6,52,7.5
1651773457,-33,6,41,-5.5
1651773459,-29,4,26,-7.5
1651773461,-28,6,23,-1.5
1651773463,-33,6,41,9.0
1651773465,-28,6,23,-9.0
1651773467,-30,6,29,3.0
1651773469,-30,6,29,0.0
1651773471,-29,4,26,-1.5
1651773473,-34,6,46,10.0
1651773475,-30,6,29,-8.5
1651773477,-32,6,37,4.0
1651773479,-29,6,26,-5.5
1651773481,-32,6,37,5.5
1651773483,-31,6,33,-2.0
1651773485,-32,6,37,2.0
1651773487,-32,6,37,0.0
1651773489,-36,6,58,10.5
1651773491,-36,6,58,0.0
1651773493,-32,6,37,-10.5
1651773495,-32,6,37,0.0
1651773497,-32,6,37,0.0
1651773499,-32,6,37,0.0
1651773501,-28,4,23,-7.0
1651773503,-34,6,46,11.5
1651773505,-30,6,29,-8.5
1651773507,-33,6,41,6.0
1651773509,-32,6,37,-2.0
1651773511,-30,6,29,-4.0
1651773513,-33,6,41,6.0
1651773515,-29,6,26,-7.5
1651773517,-28,6,23,-1.5
1651773519,-34,6,46,11.5
1651773521,-34,6,46,0.0
1651773523,-34,6,46,0.0
1651773525,-33,4,41,-2.5
1651773527,-34,6,46,2.5
1651773529,-32,6,37,-4.5
1651773531,-30,6,29,-4.0
1651773533,-34,6,46,8.5
1651773535,-31,6,33,-6.5
1651773537,-30,6,29,-2.0
1651773539,-33,4,41,6.0
1651773541,-28,6,23,-9.0
1651773543,-32,6,37,7.0
1651773545,-36,6,58,10.5
1651773547,-34,6,46,-6.0
1651773549,-32,6,37,-4.5
1651773551,-32,6,37,0.0
1651773553,-36,4,58,10.5
1651773555,-29,6,26,-16.0
1651773557,-31,6,33,3.5
1651773559,-30,6,29,-2.0
1651773561,-31,6,33,2.0
1651773563,-31,6,33,0.0
1651773565,-32,6,37,2.0
1651773567,-32,4,37,0.0
1651773569,-33,6,41,2.0
1651773571,-32,6,37,-2.0
1651773573,-31,6,33,-2.0
1651773575,-29,4,26,-3.5
1651773577,-33,6,41,7.5
1651773579,-30,6,29,-6.0
1651773581,-29,6,26,-1.5
1651773583,-30,6,29,1.5
1651773585,-33,6,41,6.0
1651773587,-36,6,58,8.5
1651773589,-33,6,41,-8.5
1651773591,-29,6,26,-7.5
1651773593,-39,6,82,28.0
1651773595,-28,6,23,-29.5
1651773597,-29,6,26,1.5
1651773599,-30,6,29,1.5
1651773601,-28,6,23,-3.0
1651773603,-34,6,46,11.5
1651773605,-35,6,52,3.0
1651773607,-30,6,29,-11.5
1651773609,-34,6,46,8.5
1651773611,-31,6,33,-6.5
1651773613,-33,6,41,4.0
1651773615,-30,6,29,-6.0
1651773617,-36,6,58,14.5
1651773619,-33,6,41,-8.5
1651773621,-26,6,18,-11.5
1651773623,-35,6,52,17.0
1651773625,-28,6,23,-14.5
1651773627,-28,4,23,0.0
1651773629,-37,6,65,21.0
1651773631,-34,6,46,-9.5
1651773633,-34,6,46,0.0
1651773635,-34,6,46,0.0
1651773637,-29,6,26,-10.0
1651773639,-33,6,41,7.5
1651773641,-33,6,41,0.0
1651773643,-31,6,33,-4.0
1651773645,-34,6,46,6.5
1651773647,-31,6,33,-6.5
1651773649,-32,6,37,2.0
1651773651,-31,6,33,-2.0
1651773653,-28,6,23,-5.0
1651773655,-33,6,41,9.0
1651773657,-29,6,26,-7.5
1651773659,-33,6,41,7.5
1651773661,-32,6,37,-2.0
1651773663,-30,6,29,-4.0
1651773665,-32,6,37,4.0
1651773667,-34,6,46,4.5
1651773669,-30,6,29,-8.5
1651773671,-34,6,46,8.5
1651773673,-34,6,46,0.0
1651773675,-33,6,41,-2.5
1651773677,-29,6,26,-7.5
1651773679,-29,6,26,0.0
1651773681,-31,6,33,3.5
1651773683,-29,6,26,-3.5
1651773685,-33,6,41,7.5
1651773687,-27,6,21,-10.0
1651773689,-32,6,37,8.0
1651773691,-29,6,26,-5.5
1651773693,-30,6,29,1.5
1651773695,-30,6,29,0.0
1651773697,-29,6,26,-1.5
1651773699,-30,6,29,1.5
1651773701,-28,6,23,-3.0
1651773703,-29,6,26,1.5
1651773705,-29,6,26,0.0
1651773707,-30,6,29,1.5
1651773709,-29,6,26,-1.5
1651773711,-31,6,33,3.5
1651773713,-31,6,33,0.0
1651773715,-31,6,33,0.0
1651773717,-32,6,37,2.0
1651773719,-33,6,41,2.0
1651773721,-33,6,41,0.0
1651773723,-32,6,37,-2.0
1651773725,-32,6,37,0.0
1651773727,-33,6,41,2.0
1651773729,-30,6,29,-6.0
1651773731,-29,4,26,-1.5
1651773733,-32,6,37,5.5
1651773735,-37,6,65,14.0
1651773737,-30,6,29,-18.0
1651773739,-27,6,21,-4.0
1651773741,-36,6,58,18.5
1651773743,-30,6,29,-14.5
1651773745,-29,6,26,-1.5
1651773747,-29,6,26,0.0
1651773749,-30,6,29,1.5
1651773751,-31,6,33,2.0
1651773753,-32,6,37,2.0
1651773755,-40,4,92,27.5
1651773757,-37,6,65,-13.5
1651773759,-36,6,58,-3.5
1651773761,-33,6,41,-8.5
1651773763,-30,4,29,-6.0
1651773765,-34,6,46,8.5
1651773767,-31,6,33,-6.5
1651773769,-32,6,37,2.0
1651773771,-32,6,37,0.0
1651773773,-37,6,65,14.0
1651773775,-35,4,52,-6.5
1651773777,-36,6,58,3.0
1651773779,-32,6,37,-10.5
1651773781,-37,6,65,14.0
1651773783,-33,6,41,-12.0
1651773785,-35,6,52,5.5
1651773787,-30,6,29,-11.5
1651773789,-35,6,52,11.5
1651773791,-43,6,130,39.0
1651773793,-43,6,130,0.0
1651773795,-43,6,130,0.0
1651773797,-44,6,146,8.0
1651773799,-46,6,184,19.0
1651773801,-49,6,259,37.5
1651773803,-48,6,231,-14.0
1651773805,-56,6,580,174.5
1651773807,-48,6,231,-174.5
1651773809,-50,6,291,30.0
1651773811,-50,6,291,0.0
1651773813,-58,6,731,220.0
1651773815,-54,6,461,-135.0
1651773817,-45,6,164,-148.5
1651773819,-44,6,146,-9.0
1651773821,-41,6,103,-21.5
1651773823,-49,6,259,78.0
1651773825,-44,6,146,-56.5
1651773827,-48,4,231,42.5
1651773829,-51,6,326,47.5
1651773831,-49,6,259,-33.5
1651773833,-54,6,461,101.0
1651773835,-50,6,291,-85.0
1651773837,-51,6,326,17.5
1651773839,-51,6,326,0.0
1651773841,-53,6,411,42.5
1651773843,-51,6,326,-42.5
1651773845,-49,6,259,-33.5
1651773847,-57,6,651,196.0
1651773849,-58,6,731,40.0
1651773851,-61,6,1032,150.5
1651773853,-55,6,517,-257.5
1651773855,-57,6,651,67.0
1651773857,-53,6,411,-120.0
1651773859,-58,6,731,160.0
1651773861,-59,6,820,44.5
1651773863,-62,6,1158,169.0
1651773865,-56,6,580,-289.0
1651773867,-58,6,731,75.5
1651773869,-59,6,820,44.5
1651773871,-57,6,651,-84.5
1651773873,-57,6,651,0.0
1651773875,-60,6,920,134.5
1651773877,-58,6,731,-94.5
1651773879,-56,6,580,-75.5
1651773881,-61,6,1032,226.0
1651773883,-60,6,920,-56.0
1651773885,-62,6,1158,119.0
1651773887,-59,6,820,-169.0
1651773889,-59,6,820,0.0
1651773891,-59,4,820,0.0
1651773893,-59,6,820,0.0
1651773895,-61,4,1032,106.0
1651773897,-56,2,580,-226.0
1651773899,-61,6,1032,226.0
1651773901,-60,6,920,-56.0
1651773903,-64,4,1458,269.0
1651773905,-64,4,1458,0.0
1651773907,-63,6,1299,-79.5
1651773909,-63,4,1299,0.0
1651773911,-63,6,1299,0.0
1651773913,-63,4,1299,0.0
1651773915,-62,4,1158,-70.5
1651773917,-62,4,1158,0.0
1651773919,-62,4,1158,0.0
1651773921,-62,6,1158,0.0
1651773923,-59,6,820,-169.0
1651773925,-59,6,820,0.0
1651773927,-59,6,820,0.0
1651773929,-60,6,920,50.0
1651773931,-61,4,1032,56.0
1651773933,-58,4,731,-150.5
1651773935,-62,6,1158,213.5
1651773937,-59,4,820,-169.0
1651773939,-58,6,731,-44.5
1651773941,-57,4,651,-40.0
1651773943,-58,4,731,40.0
1651773945,-60,4,920,94.5
1651773947,-61,6,1032,56.0
1651773949,-62,6,1158,63.0
1651773951,-57,6,651,-253.5
1651773953,-60,6,920,134.5
1651773955,-60,6,920,0.0
1651773957,-59,6,820,-50.0
1651773959,-61,6,1032,106.0
1651773961,-63,4,1299,133.5
1651773963,-61,6,1032,-133.5
1651773965,-61,6,1032,0.0
1651773967,-61,6,1032,0.0
1651773969,-61,6,1032,0.0
1651773971,-59,6,820,-106.0
1651773973,-59,6,820,0.0
1651773975,-63,2,1299,239.5
1651773977,-60,6,920,-189.5
1651773979,-63,6,1299,189.5
1651773981,-63,4,1299,0.0
1651773983,-64,6,1458,79.5
1651773985,-63,6,1299,-79.5
1651773987,-64,6,1458,79.5
1651773989,-65,6,1636,89.0
1651773991,-61,6,1032,-302.0
1651773993,-58,6,731,-150.5
1651773995,-62,6,1158,213.5
1651773997,-63,6,1299,70.5
1651773999,-63,6,1299,0.0
1651774001,-64,2,1458,79.5
1651774003,-62,6,1158,-150.0
1651774005,-61,4,1032,-63.0
1651774007,-61,4,1032,0.0
1651774009,-66,6,1835,401.5
1651774011,-65,6,1636,-99.5
1651774013,-59,6,820,-408.0
1651774015,-63,6,1299,239.5
1651774017,-58,6,731,-284.0
1651774019,-61,6,1032,150.5
1651774021,-64,6,1458,213.0
1651774023,-60,6,920,-269.0
1651774025,-64,6,1458,269.0
1651774027,-63,6,1299,-79.5
1651774029,-63,6,1299,0.0
1651774031,-63,6,1299,0.0
1651774033,-66,6,1835,268.0
1651774035,-64,6,1458,-188.5
1651774037,-59,4,820,-319.0
1651774039,-64,6,1458,319.0
1651774041,-63,6,1299,-79.5
1651774043,-63,6,1299,0.0
1651774045,-64,6,1458,79.5
1651774047,-65,4,1636,89.0
1651774049,-63,6,1299,-168.5
1651774051,-64,4,1458,79.5
1651774053,-63,6,1299,-79.5
1651774055,-63,6,1299,0.0
1651774057,-63,6,1299,0.0
1651774059,-64,6,1458,79.5
1651774061,-62,6,1158,-150.0
1651774063,-62,6,1158,0.0
1651774065,-65,6,1636,239.0
1651774067,-64,6,1458,-89.0
1651774069,-62,4,1158,-150.0
1651774071,-65,4,1636,239.0
1651774073,-64,4,1458,-89.0
1651774075,-64,6,1458,0.0
1651774077,-63,4,1299,-79.5
1651774079,-65,6,1636,168.5
1651774081,-61,4,1032,-302.0
1651774083,-65,4,1636,302.0
1651774086,-63,6,1299,-112.3
1651774088,-66,4,1835,268.0
1651774090,-62,4,1158,-338.5
1651774092,-64,6,1458,150.0
1651774094,-64,6,1458,0.0
1651774096,-66,4,1835,188.5
1651774098,-64,4,1458,-188.5
1651774100,-64,6,1458,0.0
1651774102,-64,4,1458,0.0
1651774104,-61,2,1032,-213.0
1651774106,-66,2,1835,401.5
1651774108,-66,4,1835,0.0
1651774110,-70,4,2909,537.0
1651774112,-67,4,2059,-425.0
1651774114,-66,2,1835,-112.0
1651774116,-67,4,2059,112.0
1651774118,-66,4,1835,-112.0
1651774120,-66,4,1835,0.0
1651774122,-67,2,2059,112.0
1651774124,-67,4,2059,0.0
1651774126,-65,2,1636,-211.5
1651774128,-65,4,1636,0.0
1651774130,-65,4,1636,0.0
1651774132,-64,6,1458,-89.0
1651774134,-64,4,1458,0.0
1651774136,-63,4,1299,-79.5
1651774138,-64,4,1458,79.5
1651774140,-65,4,1636,89.0
1651774142,-67,4,2059,211.5
1651774144,-66,4,1835,-112.0
1651774146,-67,4,2059,112.0
1651774148,-68,4,2311,126.0
1651774150,-64,4,1458,-426.5
1651774152,-68,4,2311,426.5
1651774154,-68,4,2311,0.0
1651774156,-68,4,2311,0.0
1651774158,-68,4,2311,0.0
1651774160,-68,4,2311,0.0
1651774162,-68,4,2311,0.0
1651774164,-70,2,2909,299.0
1651774166,-67,4,2059,-425.0
1651774168,-67,4,2059,0.0
1651774170,-68,4,2311,126.0
1651774172,-68,6,2311,0.0
1651774174,-69,4,2592,140.5
1651774176,-67,4,2059,-266.5
1651774178,-67,4,2059,0.0
1651774180,-68,4,2311,126.0
1651774182,-67,4,2059,-126.0
1651774184,-66,4,1835,-112.0
1651774186,-63,4,1299,-268.0
1651774188,-68,4,2311,506.0
1651774190,-62,4,1158,-576.5
1651774192,-68,4,2311,576.5
1651774194,-65,4,1636,-337.5
1651774196,-65,2,1636,0.0
1651774198,-65,0,1636,0.0
1651774200,-64,4,1458,-89.0
1651774202,-62,4,1158,-150.0
1651774204,-63,4,1299,70.5
1651774206,-68,4,2311,506.0
1651774208,-64,0,1458,-426.5
1651774210,-64,4,1458,0.0
1651774212,-68,4,2311,426.5
1651774214,-62,4,1158,-576.5
1651774216,-63,4,1299,70.5
1651774218,-65,4,1636,168.5
1651774220,-66,4,1835,99.5
1651774222,-68,4,2311,238.0
1651774224,-66,4,1835,-238.0
1651774226,-67,4,2059,112.0
1651774228,-68,4,2311,126.0
1651774230,-65,2,1636,-337.5
1651774232,-67,4,2059,211.5
1651774234,-68,4,2311,126.0
1651774236,-66,4,1835,-238.0
1651774238,-65,2,1636,-99.5
1651774240,-67,4,2059,211.5
1651774242,-65,4,1636,-211.5
1651774244,-69,4,2592,478.0
1651774246,-67,4,2059,-266.5
1651774248,-65,4,1636,-211.5
1651774250,-67,4,2059,211.5
1651774252,-68,4,2311,126.0
1651774254,-68,4,2311,0.0
1651774256,-69,4,2592,140.5
1651774258,-69,2,2592,0.0
1651774260,-67,2,2059,-266.5
1651774262,-69,4,2592,266.5
1651774264,-64,4,1458,-567.0
1651774266,-67,4,2059,300.5
1651774268,-72,4,3662,801.5
1651774270,-71,4,3264,-199.0
1651774272,-69,2,2592,-336.0
1651774274,-68,0,2311,-140.5
1651774276,-66,2,1835,-238.0
1651774278,-66,2,1835,0.0
1651774280,-65,4,1636,-99.5
1651774282,-65,4,1636,0.0
1651774284,-66,2,1835,99.5
1651774286,-69,6,2592,378.5
1651774288,-70,2,2909,158.5
1651774290,-71,4,3264,177.5
1651774292,-70,2,2909,-177.5
1651774294,-67,2,2059,-425.0
1651774296,-71,0,3264,602.5
1651774298,-69,2,2592,-336.0
1651774300,-72,4,3662,535.0
1651774302,-69,4,2592,-535.0
1651774304,-67,2,2059,-266.5
1651774306,-68,4,2311,126.0
1651774308,-67,2,2059,-126.0
1651774310,-68,2,2311,126.0
1651774312,-69,2,2592,140.5
1651774314,-68,2,2311,-140.5
1651774316,-66,2,1835,-238.0
1651774318,-65,0,1636,-99.5
1651774320,-69,0,2592,478.0
1651774322,-64,0,1458,-567.0
1651774324,-65,4,1636,89.0
1651774326,-65,6,1636,0.0
1651774328,-66,4,1835,99.5
1651774330,-68,4,2311,238.0
1651774332,-64,4,1458,-426.5
1651774334,-63,4,1299,-79.5
1651774336,-63,2,1299,0.0
1651774338,-69,2,2592,646.5
1651774340,-66,4,1835,-378.5
1651774342,-67,4,2059,112.0
1651774344,-64,2,1458,-300.5
1651774346,-66,2,1835,188.5
1651774348,-72,2,3662,913.5
1651774350,-65,2,1636,-1013.0
1651774352,-67,2,2059,211.5
1651774354,-65,2,1636,-211.5
1651774356,-67,2,2059,211.5
1651774358,-67,2,2059,0.0
1651774360,-63,2,1299,-380.0
1651774362,-69,0,2592,646.5
1651774364,-64,4,1458,-567.0
1651774366,-63,0,1299,-79.5
1651774368,-63,4,1299,0.0
1651774370,-63,2,1299,0.0
1651774372,-64,0,1458,79.5
1651774374,-64,4,1458,0.0
1651774376,-66,0,1835,188.5
1651774378,-64,2,1458,-188.5
1651774380,-63,2,1299,-79.5
1651774382,-63,4,1299,0.0
1651774384,-69,2,2592,646.5
1651774386,-64,2,1458,-567.0
1651774388,-65,2,1636,89.0
1651774390,-65,4,1636,0.0
1651774392,-66,4,1835,99.5
1651774394,-65,4,1636,-99.5
1651774396,-66,4,1835,99.5
1651774398,-62,4,1158,-338.5
1651774400,-65,6,1636,239.0
1651774402,-65,4,1636,0.0
1651774404,-63,4,1299,-168.5
1651774406,-64,4,1458,79.5
1651774408,-66,4,1835,188.5
1651774410,-69,2,2592,378.5
1651774412,-69,2,2592,0.0
1651774414,-65,0,1636,-478.0
1651774416,-65,0,1636,0.0
1651774418,-69,4,2592,478.0
1651774420,-69,0,2592,0.0
1651774422,-69,0,2592,0.0
1651774424,-70,2,2909,158.5
1651774426,-68,2,2311,-299.0
1651774428,-72,2,3662,675.5
1651774430,-68,2,2311,-675.5
1651774432,-71,0,3264,476.5
1651774434,-68,2,2311,-476.5
1651774436,-68,6,2311,0.0
1651774438,-69,2,2592,140.5
1651774440,-68,0,2311,-140.5
1651774442,-68,0,2311,0.0
1651774444,-67,0,2059,-126.0
1651774446,-67,0,2059,0.0
1651774448,-70,0,2909,425.0
1651774450,-68,2,2311,-299.0
1651774452,-68,4,2311,0.0
1651774454,-70,4,2909,299.0
1651774456,-72,0,3662,376.5
1651774458,-68,2,2311,-675.5
1651774460,-68,0,2311,0.0
1651774462,-70,2,2909,299.0
1651774464,-70,2,2909,0.0
1651774466,-71,2,3264,177.5
1651774468,-70,2,2909,-177.5
1651774470,-72,0,3662,376.5
1651774472,-70,0,2909,-376.5
1651774474,-70,0,2909,0.0
1651774476,-71,2,3264,177.5
1651774478,-69,0,2592,-336.0
1651774480,-69,2,2592,0.0
1651774482,-69,2,2592,0.0
1651774484,-70,2,2909,158.5
1651774486,-68,2,2311,-299.0
1651774488,-68,0,2311,0.0
1651774490,-67,2,2059,-126.0
1651774492,-68,2,2311,126.0
1651774494,-69,2,2592,140.5
1651774496,-71,2,3264,336.0
1651774498,-71,4,3264,0.0
1651774500,-73,2,4109,422.5
1651774502,-69,4,2592,-758.5
1651774504,-70,2,2909,158.5
1651774506,-69,2,2592,-158.5
1651774508,-71,2,3264,336.0
1651774510,-69,2,2592,-336.0
1651774512,-72,2,3662,535.0
1651774514,-70,2,2909,-376.5
1651774516,-72,2,3662,376.5
1651774518,-76,2,5804,1071.0
1651774520,-72,2,3662,-1071.0
1651774522,-73,2,4109,223.5
1651774524,-70,0,2909,-600.0
1651774526,-70,0,2909,0.0
1651774528,-69,2,2592,-158.5
1651774530,-70,0,2909,158.5
1651774532,-72,2,3662,376.5
1651774534,-70,2,2909,-376.5
1651774536,-72,0,3662,376.5
1651774538,-70,0,2909,-376.5
1651774540,-70,2,2909,0.0
1651774542,-68,0,2311,-299.0
1651774544,-68,2,2311,0.0
1651774546,-68,2,2311,0.0
1651774548,-65,0,1636,-337.5
1651774550,-71,2,3264,814.0
1651774552,-69,0,2592,-336.0
1651774554,-68,2,2311,-140.5
1651774556,-67,4,2059,-126.0
1651774558,-67,0,2059,0.0
1651774560,-67,2,2059,0.0
1651774562,-69,2,2592,266.5
1651774564,-71,2,3264,336.0
1651774566,-68,0,2311,-476.5
1651774568,-67,4,2059,-126.0
1651774570,-69,4,2592,266.5
1651774572,-69,2,2592,0.0
1651774574,-69,2,2592,0.0
1651774576,-70,2,2909,158.5
1651774578,-71,2,3264,177.5
1651774580,-71,2,3264,0.0
1651774582,-70,2,2909,-177.5
1651774584,-73,0,4109,600.0
1651774586,-70,0,2909,-600.0
1651774588,-71,0,3264,177.5
1651774590,-71,0,3264,0.0
1651774592,-69,0,2592,-336.0
1651774594,-71,0,3264,336.0
1651774596,-70,0,2909,-177.5
1651774598,-71,0,3264,177.5
1651774600,-71,0,3264,0.0
1651774602,-69,0,2592,-336.0
1651774604,-69,0,2592,0.0
1651774606,-67,0,2059,-266.5
1651774608,-70,0,2909,425.0
1651774610,-70,0,2909,0.0
1651774612,-68,0,2311,-299.0
1651774614,-73,0,4109,899.0
1651774616,-71,0,3264,-422.5
1651774618,-71,2,3264,0.0
1651774620,-71,0,3264,0.0
1651774622,-71,0,3264,0.0
1651774624,-71,0,3264,0.0
1651774626,-73,0,4109,422.5
1651774628,-72,0,3662,-223.5
1651774630,-71,0,3264,-199.0
1651774632,-69,0,2592,-336.0
1651774634,-70,0,2909,158.5
1651774636,-69,0,2592,-158.5
1651774638,-71,0,3264,336.0
1651774640,-70,2,2909,-177.5
1651774642,-71,2,3264,177.5
1651774644,-69,0,2592,-336.0
1651774646,-68,2,2311,-140.5
1651774648,-68,2,2311,0.0
1651774650,-73,0,4109,899.0
1651774652,-66,0,1835,-1137.0
1651774654,-68,0,2311,238.0
1651774656,-68,0,2311,0.0
1651774658,-69,0,2592,140.5
1651774660,-68,2,2311,-140.5
1651774662,-69,0,2592,140.5
1651774664,-66,2,1835,-378.5
1651774666,-67,0,2059,112.0
1651774668,-70,2,2909,425.0
1651774670,-66,0,1835,-537.0
1651774672,-68,2,2311,238.0
1651774674,-68,0,2311,0.0
1651774676,-68,0,2311,0.0
1651774678,-68,0,2311,0.0
1651774680,-68,0,2311,0.0
1651774682,-68,0,2311,0.0
1651774684,-68,0,2311,0.0
1651774686,-70,0,2909,299.0
1651774688,-67,2,2059,-425.0
1651774690,-68,2,2311,126.0
1651774692,-68,6,2311,0.0
1651774694,-68,2,2311,0.0
1651774696,-66,0,1835,-238.0
1651774698,-68,0,2311,238.0
1651774700,-69,0,2592,140.5
1651774702,-66,0,1835,-378.5
1651774704,-69,0,2592,378.5
1651774706,-70,0,2909,158.5
1651774708,-70,2,2909,0.0
1651774710,-69,0,2592,-158.5
1651774712,-68,2,2311,-140.5
1651774714,-70,0,2909,299.0
1651774716,-71,0,3264,177.5
1651774718,-74,0,4610,673.0
1651774720,-70,0,2909,-850.5
1651774722,-69,2,2592,-158.5
1651774724,-70,0,2909,158.5
1651774726,-69,0,2592,-158.5
1651774728,-69,0,2592,0.0
1651774730,-72,0,3662,535.0
1651774732,-68,0,2311,-675.5
1651774734,-70,2,2909,299.0
1651774736,-70,2,2909,0.0
1651774738,-71,2,3264,177.5
1651774740,-70,0,2909,-177.5
1651774742,-73,0,4109,600.0
1651774744,-70,2,2909,-600.0
1651774746,-70,0,2909,0.0
1651774748,-68,0,2311,-299.0
1651774750,-69,0,2592,140.5
1651774752,-69,0,2592,0.0
1651774754,-69,0,2592,0.0
1651774756,-70,0,2909,158.5
1651774758,-71,0,3264,177.5
1651774760,-70,0,2909,-177.5
1651774762,-71,0,3264,177.5
1651774764,-71,0,3264,0.0
1651774766,-70,0,2909,-177.5
1651774768,-71,0,3264,177.5
1651774770,-71,0,3264,0.0
1651774772,-71,0,3264,0.0
1651774774,-71,0,3264,0.0
1651774776,-70,0,2909,-177.5
1651774778,-71,0,3264,177.5
1651774780,-71,0,3264,0.0
1651774782,-71,0,3264,0.0
1651774784,-70,0,2909,-177.5
1651774786,-70,0,2909,0.0
1651774788,-70,0,2909,0.0
1651774790,-70,0,2909,0.0
1651774792,-70,0,2909,0.0
1651774794,-70,0,2909,0.0
1651774796,-70,0,2909,0.0
1651774798,-69,0,2592,-158.5
1651774800,-71,0,3264,336.0
1651774802,-68,0,2311,-476.5
1651774804,-66,0,1835,-238.0
1651774806,-71,0,3264,714.5
1651774808,-70,0,2909,-177.5
1651774810,-70,0,2909,0.0
1651774812,-68,0,2311,-299.0
1651774814,-73,0,4109,899.0
1651774816,-71,0,3264,-422.5
1651774818,-73,0,4109,422.5
1651774820,-75,0,5173,532.0
1651774822,-74,2,4610,-281.5
1651774824,-75,0,5173,281.5
1651774826,-74,0,4610,-281.5
1651774828,-74,6,4610,0.0
1651774830,-74,0,4610,0.0
1651774832,-74,0,4610,0.0
1651774834,-74,0,4610,0.0
1651774836,-73,0,4109,-250.5
1651774838,-74,0,4610,250.5
1651774840,-72,0,3662,-474.0
1651774842,-71,2,3264,-199.0
1651774844,-72,0,3662,199.0
1651774846,-72,0,3662,0.0
1651774848,-73,0,4109,223.5
1651774850,-73,0,4109,0.0
1651774852,-73,0,4109,0.0
1651774854,-71,0,3264,-422.5
1651774856,-73,0,4109,422.5
1651774858,-73,0,4109,0.0
1651774860,-72,0,3662,-223.5
1651774862,-72,0,3662,0.0
1651774864,-72,0,3662,0.0
1651774866,-73,0,4109,223.5
1651774868,-73,0,4109,0.0
1651774870,-74,0,4610,250.5
1651774872,-73,0,4109,-250.5
1651774874,-76,0,5804,847.5
1651774876,-74,0,4610,-597.0
1651774878,-73,0,4109,-250.5
1651774880,-73,0,4109,0.0
1651774882,-75,0,5173,532.0
1651774884,-74,0,4610,-281.5
1651774886,-74,0,4610,0.0
1651774888,-75,0,5173,281.5
1651774890,-76,0,5804,315.5
1651774892,-74,0,4610,-597.0
1651774894,-74,0,4610,0.0
1651774896,-73,0,4109,-250.5
1651774898,-74,0,4610,250.5
1651774900,-73,0,4109,-250.5
1651774902,-73,0,4109,0.0
1651774904,-74,0,4610,250.5
1651774906,-73,0,4109,-250.5
1651774908,-73,0,4109,0.0
1651774910,-74,0,4610,250.5
1651774912,-74,0,4610,0.0
1651774914,-72,0,3662,-474.0
1651774916,-75,0,5173,755.5
1651774918,-73,0,4109,-532.0
1651774920,-74,0,4610,250.5
1651774922,-75,0,5173,281.5
1651774924,-73,0,4109,-532.0
1651774926,-74,0,4610,250.5
1651774928,-75,0,5173,281.5
1651774930,-74,0,4610,-281.5
1651774932,-75,0,5173,281.5
1651774934,-75,0,5173,0.0
1651774936,-74,0,4610,-281.5
1651774938,-75,2,5173,281.5
1651774940,-75,0,5173,0.0
1651774942,-74,0,4610,-281.5
1651774944,-75,0,5173,281.5
1651774946,-75,0,5173,0.0
1651774948,-77,6,6512,669.5
1651774950,-77,0,6512,0.0
1651774952,-74,0,4610,-951.0
1651774954,-75,0,5173,281.5
1651774956,-75,0,5173,0.0
1651774958,-76,0,5804,315.5
1651774960,-74,0,4610,-597.0
1651774962,-75,0,5173,281.5
1651774964,-77,0,6512,669.5
1651774966,-74,0,4610,-951.0
1651774968,-76,0,5804,597.0
1651774970,-74,0,4610,-597.0
1651774972,-77,0,6512,951.0
1651774974,-76,0,5804,-354.0
1651774976,-77,0,6512,354.0
1651774978,-75,0,5173,-669.5
1651774980,-76,0,5804,315.5
1651774982,-76,0,5804,0.0
1651774984,-76,0,5804,0.0
1651774986,-75,0,5173,-315.5
1651774988,-75,0,5173,0.0
1651774990,-76,0,5804,315.5
1651774992,-75,0,5173,-315.5
1651774994,-75,0,5173,0.0
1651774996,-77,0,6512,669.5
1651774998,-76,0,5804,-354.0
1651775000,-76,0,5804,0.0
1651775002,-75,0,5173,-315.5
1651775004,-75,0,5173,0.0
1651775006,-75,0,5173,0.0
1651775008,-77,0,6512,669.5
1651775010,-75,0,5173,-669.5
1651775012,-73,0,4109,-532.0
1651775014,-74,0,4610,250.5
1651775016,-74,0,4610,0.0
1651775018,-74,0,4610,0.0
1651775020,-74,0,4610,0.0
1651775022,-75,0,5173,281.5
1651775024,-76,0,5804,315.5
1651775026,-75,0,5173,-315.5
1651775028,-76,0,5804,315.5
1651775030,-74,0,4610,-597.0
1651775032,-74,0,4610,0.0
1651775034,-74,0,4610,0.0
1651775036,-74,0,4610,0.0
1651775038,-75,0,5173,281.5
1651775040,-76,0,5804,315.5
1651775042,-76,2,5804,0.0
1651775044,-76,0,5804,0.0
1651775046,-77,0,6512,354.0
1651775048,-77,0,6512,0.0
1651775050,-78,4,7307,397.5
1651775052,-75,0,5173,-1067.0
1651775054,-76,0,5804,315.5
1651775056,-78,0,7307,751.5
1651775058,-76,0,5804,-751.5
1651775060,-76,0,5804,0.0
1651775062,-75,0,5173,-315.5
1651775064,-76,0,5804,315.5
1651775066,-77,0,6512,354.0
1651775068,-76,0,5804,-354.0
1651775070,-78,0,7307,751.5
1651775072,-77,0,6512,-397.5
1651775074,-77,0,6512,0.0
1651775076,-76,0,5804,-354.0
1651775078,-76,0,5804,0.0
1651775080,-76,0,5804,0.0
1651775082,-76,0,5804,0.0
1651775084,-77,0,6512,354.0
1651775086,-77,0,6512,0.0
1651775088,-77,0,6512,0.0
1651775090,-77,0,6512,0.0
1651775092,-77,0,6512,0.0
1651775094,-77,0,6512,0.0
1651775096,-76,0,5804,-354.0
1651775098,-76,0,5804,0.0
1651775100,-78,0,7307,751.5
1651775102,-77,0,6512,-397.5
1651775104,-77,0,6512,0.0
1651775106,-78,0,7307,397.5
1651775108,-77,0,6512,-397.5
1651775110,-76,0,5804,-354.0
1651775112,-78,0,7307,751.5
1651775114,-77,0,6512,-397.5
1651775116,-77,0,6512,0.0
1651775118,-78,0,7307,397.5
1651775120,-77,0,6512,-397.5
1651775122,-77,0,6512,0.0
1651775124,-77,0,6512,0.0
1651775126,-77,0,6512,0.0
1651775129,-78,0,7307,265.0
1651775131,-77,0,6512,-397.5
1651775133,-78,0,7307,397.5
1651775135,-78,0,7307,0.0
1651775137,-79,0,8198,445.5
1651775139,-78,0,7307,-445.5
1651775141,-78,0,7307,0.0
1651775143,-78,0,7307,0.0
1651775145,-80,0,9198,945.5
1651775147,-80,0,9198,0.0
1651775149,-78,0,7307,-945.5
1651775151,-78,0,7307,0.0
1651775153,-79,0,8198,445.5
1651775155,-78,0,7307,-445.5
1651775157,-77,0,6512,-397.5
1651775159,-80,0,9198,1343.0
1651775161,-77,0,6512,-1343.0
1651775163,-78,0,7307,397.5
1651775165,-77,0,6512,-397.5
1651775167,-78,0,7307,397.5
1651775169,-77,0,6512,-397.5
1651775171,-76,0,5804,-354.0
1651775173,-77,0,6512,354.0
1651775175,-78,0,7307,397.5
1651775177,-80,0,9198,945.5
1651775179,-76,0,5804,-1697.0
1651775181,-77,0,6512,354.0
1651775183,-78,0,7307,397.5
1651775185,-79,0,8198,445.5
1651775187,-78,0,7307,-445.5
1651775189,-80,0,9198,945.5
1651775191,-77,0,6512,-1343.0
1651775193,-79,0,8198,843.0
1651775195,-77,0,6512,-843.0
1651775197,-77,0,6512,0.0
1651775199,-77,0,6512,0.0
1651775201,-77,0,6512,0.0
1651775203,-79,0,8198,843.0
1651775205,-79,0,8198,0.0
1651775207,-78,0,7307,-445.5
1651775209,-77,0,6512,-397.5
1651775211,-75,0,5173,-669.5
1651775213,-77,0,6512,669.5
1651775215,-77,0,6512,0.0
1651775217,-75,0,5173,-669.5
1651775219,-75,0,5173,0.0
1651775221,-76,0,5804,315.5
1651775223,-77,0,6512,354.0
1651775225,-78,4,7307,397.5
1651775227,-76,0,5804,-751.5
1651775229,-76,0,5804,0.0
1651775231,-77,0,6512,354.0
1651775233,-76,0,5804,-354.0
1651775235,-77,0,6512,354.0
1651775237,-78,0,7307,397.5
1651775239,-78,0,7307,0.0
1651775241,-76,0,5804,-751.5
1651775243,-76,0,5804,0.0
1651775245,-76,4,5804,0.0
1651775247,-78,0,7307,751.5
1651775249,-76,0,5804,-751.5
1651775251,-77,0,6512,354.0
1651775253,-76,0,5804,-354.0
1651775255,-76,0,5804,0.0
1651775257,-77,0,6512,354.0
1651775259,-77,0,6512,0.0
1651775261,-76,0,5804,-354.0
1651775263,-79,0,8198,1197.0
1651775265,-77,0,6512,-843.0
1651775267,-77,0,6512,0.0
1651775269,-77,0,6512,0.0
1651775271,-77,0,6512,0.0
1651775273,-77,2,6512,0.0
1651775275,-75,0,5173,-669.5
1651775277,-78,0,7307,1067.0
1651775279,-78,0,7307,0.0
1651775281,-75,0,5173,-1067.0
1651775283,-76,0,5804,315.5
1651775285,-77,0,6512,354.0
1651775287,-74,0,4610,-951.0
1651775289,-77,0,6512,951.0
1651775291,-76,0,5804,-354.0
1651775293,-77,0,6512,354.0
1651775295,-77,0,6512,0.0
1651775297,-76,0,5804,-354.0
1651775299,-77,0,6512,354.0
1651775301,-77,0,6512,0.0
1651775303,-78,0,7307,397.5
1651775305,-79,0,8198,445.5
1651775307,-77,0,6512,-843.0
1651775309,-77,0,6512,0.0
1651775311,-78,0,7307,397.5
1651775313,-77,0,6512,-397.5
1651775315,-79,0,8198,843.0
1651775317,-76,0,5804,-1197.0
1651775319,-77,0,6512,354.0
1651775321,-77,0,6512,0.0
1651775323,-76,0,5804,-354.0
1651775325,-76,0,5804,0.0
1651775327,-74,0,4610,-597.0
1651775329,-79,0,8198,1794.0
1651775331,-76,0,5804,-1197.0
1651775333,-75,0,5173,-315.5
1651775335,-76,0,5804,315.5
1651775337,-76,0,5804,0.0
1651775339,-78,0,7307,751.5
1651775341,-76,0,5804,-751.5
1651775343,-76,0,5804,0.0
1651775345,-76,0,5804,0.0
1651775347,-75,0,5173,-315.5
1651775349,-75,0,5173,0.0
1651775351,-76,0,5804,315.5
1651775353,-75,0,5173,-315.5
1651775355,-76,0,5804,315.5
1651775357,-76,0,5804,0.0
1651775359,-76,0,5804,0.0
1651775361,-76,0,5804,0.0
1651775363,-76,0,5804,0.0
1651775365,-76,0,5804,0.0
1651775367,-77,0,6512,354.0
1651775369,-77,0,6512,0.0
1651775371,-77,0,6512,0.0
1651775373,-75,0,5173,-669.5
1651775375,-77,0,6512,669.5
1651775377,-79,0,8198,843.0
1651775379,-77,0,6512,-843.0
1651775381,-76,0,5804,-354.0
1651775383,-76,0,5804,0.0
1651775385,-77,0,6512,354.0
1651775387,-76,0,5804,-354.0
1651775389,-77,2,6512,354.0
1651775391,-75,0,5173,-669.5
1651775393,-75,0,5173,0.0
1651775395,-74,2,4610,-281.5
1651775397,-75,2,5173,281.5
1651775399,-74,0,4610,-281.5
1651775401,-74,2,4610,0.0
1651775403,-78,2,7307,1348.5
1651775405,-82,0,11580,2136.5
1651775407,-82,0,11580,0.0
1651775409,-82,2,11580,0.0
1651775411,-81,2,10321,-629.5
1651775413,-80,0,9198,-561.5
1651775415,-81,0,10321,561.5
1651775417,-81,0,10321,0.0
1651775419,-80,0,9198,-561.5
1651775421,-80,2,9198,0.0
1651775423,-79,0,8198,-500.0
1651775425,-77,2,6512,-843.0
1651775427,-78,0,7307,397.5
1651775429,-82,2,11580,2136.5
1651775431,-79,0,8198,-1691.0
1651775433,-78,2,7307,-445.5
1651775435,-74,2,4610,-1348.5
1651775437,-71,0,3264,-673.0
1651775439,-71,2,3264,0.0
1651775441,-69,0,2592,-336.0
1651775443,-70,2,2909,158.5
1651775445,-70,2,2909,0.0
1651775447,-71,2,3264,177.5
1651775449,-73,0,4109,422.5
1651775451,-69,2,2592,-758.5
1651775453,-70,2,2909,158.5
1651775455,-71,0,3264,177.5
1651775457,-72,0,3662,199.0
1651775459,-71,0,3264,-199.0
1651775461,-82,0,11580,4158.0
1651775463,-74,0,4610,-3485.0
1651775465,-74,0,4610,0.0
1651775467,-75,0,5173,281.5
1651775469,-73,2,4109,-532.0
1651775471,-74,0,4610,250.5
1651775473,-73,2,4109,-250.5
1651775475,-75,2,5173,532.0
1651775477,-72,4,3662,-755.5
1651775479,-76,2,5804,1071.0
1651775481,-68,2,2311,-1746.5
1651775483,-71,0,3264,476.5
1651775485,-68,2,2311,-476.5
1651775487,-70,2,2909,299.0
1651775489,-72,2,3662,376.5
1651775491,-71,4,3264,-199.0
1651775493,-70,4,2909,-177.5
1651775495,-70,2,2909,0.0
1651775497,-68,6,2311,-299.0
1651775499,-68,2,2311,0.0
1651775501,-68,2,2311,0.0
1651775503,-68,0,2311,0.0
1651775505,-70,0,2909,299.0
1651775507,-70,2,2909,0.0
1651775509,-68,2,2311,-299.0
1651775511,-74,2,4610,1149.5
1651775513,-70,2,2909,-850.5
1651775515,-70,2,2909,0.0
1651775517,-71,2,3264,177.5
1651775519,-71,0,3264,0.0
1651775521,-71,2,3264,0.0
1651775523,-71,2,3264,0.0
1651775525,-71,2,3264,0.0
1651775527,-69,2,2592,-336.0
1651775529,-70,2,2909,158.5
1651775531,-69,2,2592,-158.5
1651775533,-68,2,2311,-140.5
1651775535,-68,2,2311,0.0
1651775537,-67,0,2059,-126.0
1651775539,-72,4,3662,801.5
1651775541,-66,4,1835,-913.5
1651775543,-71,4,3264,714.5
1651775545,-67,4,2059,-602.5
1651775547,-66,4,1835,-112.0
1651775549,-68,2,2311,238.0
1651775551,-69,2,2592,140.5
1651775553,-70,2,2909,158.5
1651775555,-70,0,2909,0.0
1651775557,-69,2,2592,-158.5
1651775559,-74,2,4610,1009.0
1651775561,-70,2,2909,-850.5
1651775563,-73,2,4109,600.0
1651775565,-69,0,2592,-758.5
1651775567,-68,2,2311,-140.5
1651775569,-72,2,3662,675.5
1651775571,-68,2,2311,-675.5
1651775573,-67,2,2059,-126.0
1651775575,-68,0,2311,126.0
1651775577,-69,4,2592,140.5
1651775579,-67,4,2059,-266.5
1651775581,-71,2,3264,602.5
1651775583,-72,2,3662,199.0
1651775585,-70,2,2909,-376.5
1651775587,-69,2,2592,-158.5
1651775589,-69,2,2592,0.0
1651775591,-74,0,4610,1009.0
1651775593,-69,2,2592,-1009.0
1651775595,-70,2,2909,158.5
1651775597,-67,4,2059,-425.0
1651775599,-69,4,2592,266.5
1651775601,-71,4,3264,336.0
1651775603,-71,2,3264,0.0
1651775605,-67,2,2059,-602.5
1651775607,-68,2,2311,126.0
1651775609,-73,4,4109,899.0
1651775611,-69,2,2592,-758.5
1651775613,-68,2,2311,-140.5
1651775615,-68,4,2311,0.0
1651775617,-71,2,3264,476.5
1651775619,-71,4,3264,0.0
1651775621,-68,4,2311,-476.5
1651775623,-67,2,2059,-126.0
1651775625,-69,2,2592,266.5
1651775627,-67,2,2059,-266.5
1651775629,-71,4,3264,602.5
1651775631,-70,2,2909,-177.5
1651775633,-65,4,1636,-636.5
1651775635,-68,4,2311,337.5
1651775637,-68,4,2311,0.0
1651775639,-73,4,4109,899.0
1651775641,-66,4,1835,-1137.0
1651775643,-70,4,2909,537.0
1651775645,-66,4,1835,-537.0
1651775647,-69,4,2592,378.5
1651775649,-69,4,2592,0.0
1651775651,-67,2,2059,-266.5
1651775653,-68,4,2311,126.0
1651775655,-70,4,2909,299.0
1651775657,-71,4,3264,177.5
1651775659,-68,2,2311,-476.5
1651775661,-70,6,2909,299.0
1651775663,-64,4,1458,-725.5
1651775665,-64,2,1458,0.0
1651775667,-69,4,2592,567.0
1651775669,-69,4,2592,0.0
1651775671,-64,4,1458,-567.0
1651775673,-66,4,1835,188.5
1651775675,-67,4,2059,112.0
1651775677,-66,4,1835,-112.0
1651775679,-68,2,2311,238.0
1651775681,-68,4,2311,0.0
1651775683,-63,4,1299,-506.0
1651775685,-64,4,1458,79.5
1651775687,-68,4,2311,426.5
1651775689,-68,4,2311,0.0
1651775691,-64,4,1458,-426.5
1651775693,-64,2,1458,0.0
1651775695,-64,4,1458,0.0
1651775697,-67,4,2059,300.5
1651775699,-65,4,1636,-211.5
1651775701,-63,4,1299,-168.5
1651775703,-63,4,1299,0.0
1651775705,-62,4,1158,-70.5
1651775707,-62,6,1158,0.0
1651775709,-63,4,1299,70.5
1651775711,-62,4,1158,-70.5
1651775713,-66,4,1835,338.5
1651775715,-65,4,1636,-99.5
1651775717,-62,6,1158,-239.0
1651775719,-61,4,1032,-63.0
1651775721,-61,4,1032,0.0
1651775723,-61,4,1032,0.0
1651775725,-62,4,1158,63.0
1651775727,-64,4,1458,150.0
1651775729,-63,4,1299,-79.5
1651775731,-64,4,1458,79.5
1651775733,-64,6,1458,0.0
1651775735,-63,4,1299,-79.5
1651775737,-65,4,1636,168.5
1651775739,-64,2,1458,-89.0
1651775741,-64,6,1458,0.0
1651775743,-60,4,920,-269.0
1651775745,-58,4,731,-94.5
1651775747,-60,4,920,94.5
1651775749,-58,4,731,-94.5
1651775751,-60,4,920,94.5
1651775753,-58,4,731,-94.5
1651775755,-60,6,920,94.5
1651775757,-64,4,1458,269.0
1651775759,-65,2,1636,89.0
1651775761,-64,4,1458,-89.0
1651775763,-62,4,1158,-150.0
1651775765,-66,4,1835,338.5
1651775767,-65,4,1636,-99.5
1651775769,-62,4,1158,-239.0
1651775771,-61,4,1032,-63.0
1651775773,-61,4,1032,0.0
1651775775,-61,4,1032,0.0
1651775777,-62,4,1158,63.0
1651775779,-62,6,1158,0.0
1651775781,-60,6,920,-119.0
1651775783,-61,6,1032,56.0
1651775785,-58,4,731,-150.5
1651775787,-60,6,920,94.5
1651775789,-63,6,1299,189.5
1651775791,-62,6,1158,-70.5
1651775793,-61,6,1032,-63.0
1651775795,-55,6,517,-257.5
1651775797,-58,6,731,107.0
1651775799,-62,4,1158,213.5
1651775801,-60,6,920,-119.0
1651775803,-64,6,1458,269.0
1651775805,-60,6,920,-269.0
1651775807,-60,6,920,0.0
1651775809,-61,6,1032,56.0
1651775811,-58,6,731,-150.5
1651775813,-59,6,820,44.5
1651775815,-53,4,411,-204.5
1651775817,-56,6,580,84.5
1651775819,-56,6,580,0.0
1651775821,-53,6,411,-84.5
1651775823,-57,4,651,120.0
1651775825,-53,6,411,-120.0
1651775827,-59,6,820,204.5
1651775829,-52,6,366,-227.0
1651775831,-48,6,231,-67.5
1651775833,-56,6,580,174.5
1651775835,-54,6,461,-59.5
1651775837,-50,6,291,-85.0
1651775839,-50,6,291,0.0
1651775841,-53,6,411,60.0
1651775843,-53,6,411,0.0
1651775845,-49,6,259,-76.0
1651775847,-45,6,164,-47.5
1651775849,-53,6,411,123.5
1651775851,-51,6,326,-42.5
1651775853,-46,6,184,-71.0
1651775855,-47,6,206,11.0
1651775857,-49,6,259,26.5
1651775859,-46,6,184,-37.5
1651775861,-44,6,146,-19.0
1651775863,-50,6,291,72.5
1651775865,-42,6,116,-87.5
1651775867,-45,6,164,24.0
1651775869,-45,6,164,0.0
1651775871,-44,6,146,-9.0
1651775873,-43,6,130,-8.0
1651775875,-44,6,146,8.0
1651775877,-36,6,58,-44.0
1651775879,-43,6,130,36.0
1651775881,-35,6,52,-39.0
1651775883,-39,6,82,15.0
1651775885,-38,6,73,-4.5
1651775887,-31,6,33,-20.0
1651775889,-34,6,46,6.5
1651775891,-33,6,41,-2.5
1651775893,-31,6,33,-4.0
1651775895,-39,6,82,24.5
1651775897,-34,6,46,-18.0
1651775899,-26,6,18,-14.0
1651775901,-30,6,29,5.5
1651775903,-29,6,26,-1.5
1651775905,-31,6,33,3.5
1651775907,-29,6,26,-3.5
1651775909,-28,0,23,-1.5
1651775911,-28,0,23,0.0
1651775913,-28,0,23,0.0
1651775915,-28,0,23,0.0
1651775917,-28,0,23,0.0
1651775919,-28,0,23,0.0
1651775921,-28,0,23,0.0
1651775923,-28,0,23,0.0
1651775925,-28,0,23,0.0
1651775927,-28,0,23,0.0
1651775929,-28,0,23,0.0
1651775931,-28,0,23,0.0
1651775933,-28,0,23,0.0
1651775935,-28,0,23,0.0
1651775937,-28,0,23,0.0
1651775939,-28,0,23,0.0
1651775941,-28,0,23,0.0
1651775943,-28,0,23,0.0
1651775945,-28,0,23,0.0
1651775947,-28,0,23,0.0
1651775949,-28,0,23,0.0
1651775951,-28,0,23,0.0
1651775953,-28,0,23,0.0
1651775955,-28,0,23,0.0
1651775957,-28,0,23,0.0
1651775959,-28,0,23,0.0
1651775961,-28,0,23,0.0
1651775963,-28,0,23,0.0
1651775965,-28,0,23,0.0
1651775967,-28,0,23,0.0
1651775969,-28,0,23,0.0
1651775971,-28,0,23,0.0
1651775973,-28,0,23,0.0
1651775975,-28,0,23,0.0
1651775977,-28,0,23,0.0
1651775979,-28,0,23,0.0
1651775981,-28,0,23,0.0
1651775983,-28,0,23,0.0
1651775985,-28,0,23,0.0
1651775987,-28,0,23,0.0
1651775989,-28,0,23,0.0
1651775991,-28,0,23,0.0
1651775993,-28,0,23,0.0
1651775995,-28,0,23,0.0
1651775997,-28,0,23,0.0
1651775999,-28,0,23,0.0
1651776001,-28,0,23,0.0
1651776003,-28,0,23,0.0
1651776005,-28,0,23,0.0
1651776007,-28,0,23,0.0
1651776009,-28,0,23,0.0
1651776011,-28,0,23,0.0
1651776013,-28,0,23,0.0
1651776015,-28,0,23,0.0
1651776017,-28,0,23,0.0
1651776019,-28,0,23,0.0
1651776021,-28,0,23,0.0
1651776023,-28,0,23,0.0
1651776025,-28,0,23,0.0
1651776027,-28,0,23,0.0
1651776029,-28,0,23,0.0
1651776031,-28,0,23,0.0
1651776033,-28,0,23,0.0
1651776035,-27,0,21,-1.0
1651776037,-27,2,21,0.0
1651776039,-26,4,18,-1.5
1651776041,-29,6,26,4.0
1651776043,-29,2,26,0.0
1651776045,-38,2,73,23.5
1651776047,-33,2,41,-16.0
1651776049,-42,2,116,37.5
1651776051,-26,2,18,-49.0
1651776053,-25,4,16,-1.0
1651776055,-30,4,29,6.5
1651776057,-23,4,13,-8.0
1651776059,-29,4,26,6.5
1651776061,-34,4,46,10.0
1651776063,-32,4,37,-4.5
1651776065,-23,4,13,-12.0
1651776067,-23,2,13,0.0
1651776069,-25,2,16,1.5
1651776071,-40,2,92,38.0
1651776073,-30,2,29,-31.5
1651776075,-43,2,130,50.5
1651776077,-33,2,41,-44.5
1651776079,-37,2,65,12.0
1651776081,-32,2,37,-14.0
1651776083,-29,2,26,-5.5
1651776085,-25,2,16,-5.0
1651776087,-41,2,103,43.5
1651776089,-29,2,26,-38.5
1651776091,-37,2,65,19.5
1651776093,-35,2,52,-6.5
1651776095,-34,2,46,-3.0
1651776097,-39,2,82,18.0
1651776099,-46,2,184,51.0
1651776101,-47,4,206,11.0
1651776103,-43,4,130,-38.0
1651776105,-48,4,231,50.5
1651776107,-51,4,326,47.5
1651776109,-42,4,116,-105.0
1651776111,-36,4,58,-29.0
1651776113,-41,4,103,22.5
1651776115,-35,4,52,-25.5
1651776117,-34,4,46,-3.0
1651776119,-32,4,37,-4.5
1651776121,-38,4,73,18.0
1651776123,-37,4,65,-4.0
1651776125,-39,4,82,8.5
1651776127,-38,4,73,-4.5
1651776129,-34,6,46,-13.5
1651776131,-35,4,52,3.0
1651776133,-27,4,21,-15.5
1651776135,-24,2,15,-3.0
1651776137,-24,6,15,0.0
1651776139,-29,2,26,5.5
1651776141,-27,2,21,-2.5
1651776143,-30,2,29,4.0
1651776145,-23,2,13,-8.0
1651776147,-22,2,12,-0.5
1651776149,-29,2,26,7.0
1651776151,-26,2,18,-4.0
1651776153,-25,2,16,-1.0
1651776155,-31,2,33,8.5
1651776157,-79,2,8198,4082.5
1651776159,-30,2,29,-4084.5
1651776161,-29,2,26,-1.5
1651776163,-33,6,41,7.5
1651776165,-32,6,37,-2.0
1651776167,-29,6,26,-5.5
1651776169,-28,6,23,-1.5
1651776171,-28,6,23,0.0
1651776173,-29,4,26,1.5
1651776175,-27,4,21,-2.5
1651776177,-27,4,21,0.0
1651776179,-29,4,26,2.5
1651776181,-28,4,23,-1.5
1651776183,-30,4,29,3.0
1651776185,-29,6,26,-1.5
1651776187,-32,6,37,5.5
1651776189,-27,6,21,-8.0
1651776191,-30,6,29,4.0
1651776193,-27,6,21,-4.0
1651776195,-26,6,18,-1.5
1651776197,-28,4,23,2.5
1651776199,-33,4,41,9.0
1651776201,-32,6,37,-2.0
1651776203,-32,6,37,0.0
1651776205,-29,6,26,-5.5
1651776207,-29,6,26,0.0
1651776209,-27,6,21,-2.5
1651776211,-27,6,21,0.0
1651776213,-26,6,18,-1.5
1651776215,-29,4,26,4.0
1651776217,-28,4,23,-1.5
1651776219,-27,4,21,-1.0
1651776221,-29,4,26,2.5
1651776223,-28,4,23,-1.5
1651776225,-30,4,29,3.0
1651776227,-27,4,21,-4.0
1651776229,-35,4,52,15.5
1651776231,-41,4,103,25.5
1651776233,-23,4,13,-45.0
1651776235,-30,4,29,8.0
1651776237,-26,4,18,-5.5
1651776239,-29,4,26,4.0
1651776241,-27,4,21,-2.5
1651776243,-30,2,29,4.0
1651776245,-26,4,18,-5.5
1651776247,-29,4,26,4.0
1651776250,-28,6,23,-1.0
1651776252,-30,4,29,3.0
1651776254,-25,4,16,-6.5
1651776256,-29,4,26,5.0
1651776258,-33,4,41,7.5
1651776260,-29,4,26,-7.5
1651776262,-31,4,33,3.5
1651776264,-26,4,18,-7.5
1651776266,-39,4,82,32.0
1651776268,-29,6,26,-28.0
1651776270,-28,6,23,-1.5
1651776272,-30,6,29,3.0
1651776274,-34,6,46,8.5
1651776276,-28,6,23,-11.5
1651776278,-27,6,21,-1.0
1651776280,-33,6,41,10.0
1651776282,-33,6,41,0.0
1651776284,-29,6,26,-7.5
1651776286,-27,6,21,-2.5
1651776288,-29,4,26,2.5
1651776290,-28,6,23,-1.5
1651776292,-27,6,21,-1.0
1651776294,-31,6,33,6.0
1651776296,-32,6,37,2.0
1651776298,-29,6,26,-5.5
1651776300,-31,6,33,3.5
1651776302,-32,6,37,2.0
1651776304,-27,6,21,-8.0
1651776306,-30,6,29,4.0
1651776308,-28,6,23,-3.0
1651776310,-32,6,37,7.0
1651776312,-28,6,23,-7.0
1651776314,-34,6,46,11.5
1651776316,-29,6,26,-10.0
1651776318,-30,4,29,1.5
1651776320,-32,6,37,4.0
1651776322,-30,6,29,-4.0
1651776324,-31,6,33,2.0
1651776326,-32,6,37,2.0
1651776328,-28,6,23,-7.0
1651776330,-30,4,29,3.0
1651776332,-30,6,29,0.0
1651776334,-27,6,21,-4.0
1651776336,-29,6,26,2.5
1651776351,-27,6,21,-0.3
1651776353,-30,6,29,4.0
1651776355,-26,6,18,-5.5
1651776357,-32,6,37,9.5
1651776359,-27,6,21,-8.0
1651776361,-28,6,23,1.0
1651776363,-28,4,23,0.0
1651776365,-26,6,18,-2.5
1651776367,-27,6,21,1.5
1651776369,-27,4,21,0.0
1651776371,-28,6,23,1.0
1651776373,-30,6,29,3.0
1651776375,-25,4,16,-6.5
1651776377,-30,6,29,6.5
1651776379,-29,6,26,-1.5
1651776381,-31,6,33,3.5
1651776383,-27,6,21,-6.0
1651776385,-27,6,21,0.0
1651776387,-28,6,23,1.0
1651776389,-28,6,23,0.0
1651776391,-28,6,23,0.0
1651776393,-28,6,23,0.0
1651776395,-29,6,26,1.5
1651776397,-29,6,26,0.0
1651776399,-28,6,23,-1.5
1651776401,-31,6,33,5.0
1651776403,-27,6,21,-6.0
1651776405,-31,6,33,6.0
1651776407,-33,4,41,4.0
1651776409,-26,6,18,-11.5
1651776411,-27,6,21,1.5
1651776413,-30,6,29,4.0
1651776415,-27,6,21,-4.0
1651776417,-29,6,26,2.5
1651776419,-27,6,21,-2.5
1651776421,-34,6,46,12.5
1651776423,-29,4,26,-10.0
1651776425,-34,6,46,10.0
1651776427,-28,6,23,-11.5
1651776429,-33,6,41,9.0
1651776431,-23,6,13,-14.0
1651776433,-30,6,29,8.0
1651776435,-29,6,26,-1.5
1651776437,-29,6,26,0.0
1651776439,-29,6,26,0.0
1651776441,-26,6,18,-4.0
1651776443,-34,6,46,14.0
1651776445,-24,6,15,-15.5
1651776447,-31,6,33,9.0
1651776449,-30,6,29,-2.0
1651776451,-33,4,41,6.0
1651776453,-26,2,18,-11.5
1651776455,-29,6,26,4.0
1651776457,-35,6,52,13.0
1651776459,-26,6,18,-17.0
1651776461,-31,6,33,7.5
1651776463,-24,6,15,-9.0
1651776465,-30,6,29,7.0
1651776467,-31,6,33,2.0
1651776469,-27,6,21,-6.0
1651776471,-26,4,18,-1.5
1651776473,-24,4,15,-1.5
1651776475,-27,6,21,3.0
1651776477,-30,6,29,4.0
1651776479,-36,6,58,14.5
1651776481,-33,4,41,-8.5
1651776483,-28,2,23,-9.0
